id,status,title,slug,date,modified,word_count,main_word_count,has_sources,source_items,source_links,bare_source_urls,internal_links,external_links,has_thumb,thumb_alt,focus,seo,desc,faq_visible,faq_schema,traffic,issues
3321,draft,لیدار کوانتومی چیست و چگونه فاصله را با فوتون‌ها اندازه می‌گیرد؟,quantum-lidar,2026-09-20 19:34:15,2026-09-20 19:34:15,1800,1501,True,6,6,0,8,6,True,نمودار لیدار کوانتومی و محاسبه فاصله هدف از زمان رفت‌وبرگشت فوتون‌ها,لیدار کوانتومی,لیدار کوانتومی چیست؟ سازوکار، کاربرد و محدودیت‌ها,لیدار کوانتومی با فوتون‌های منفرد، هم‌بستگی یا نور فشرده فاصله و سرعت هدف را می‌سنجد؛ تفاوت آن با لیدار کلاسیک و محدودیت‌های واقعی را بخوانید.,0,True,green,
3323,draft,چشمهٔ تک‌فوتون چیست و چرا ساخت یک فوتونِ مطمئن دشوار است؟,single-photon-source,2026-09-20 19:34:15,2026-09-20 19:34:15,1650,1382,True,6,6,0,7,6,True,نمودار چشمه تک‌فوتون و چالش تولید یک فوتون خالص و قابل‌اعتماد,چشمهٔ تک‌فوتون,چشمهٔ تک‌فوتون چیست؟ روش تولید و کاربردها,چشمهٔ تک‌فوتون چگونه هر بار فقط یک فوتون می‌سازد؟ با سازوکار نقاط کوانتومی، منابع بشارت‌داده‌شده، معیارهای کیفیت و محدودیت‌ها آشنا شوید.,0,True,green,
3325,draft,چشمهٔ فوتون درهم‌تنیده چگونه جفت‌های کوانتومی تولید می‌کند؟,entangled-photon-source,2026-09-20 19:34:15,2026-09-20 19:34:15,1809,1525,True,6,6,0,10,6,True,نمودار تولید جفت‌فوتون درهم‌تنیده با لیزر پمپ و بلور غیرخطی,چشمهٔ فوتون درهم‌تنیده,چشمهٔ فوتون درهم‌تنیده چیست و چگونه کار می‌کند؟,چشمهٔ فوتون درهم‌تنیده چگونه جفت‌فوتون‌های هم‌بسته می‌سازد؟ سازوکار SPDC، انواع درهم‌تنیدگی، آزمون کیفیت و کاربردهای واقعی را بخوانید.,0,True,green,
3327,draft,تبدیل پارامتری خودبه‌خودی چیست؟ سازوکار SPDC برای تولید جفت‌فوتون,spontaneous-parametric-down-conversion,2026-09-20 19:34:15,2026-09-20 19:34:15,1914,1622,True,6,6,0,8,6,True,نمودار فرایند SPDC و تولید فوتون‌های سیگنال و آیدلر در بلور غیرخطی,تبدیل پارامتری خودبه‌خودی,تبدیل پارامتری خودبه‌خودی (SPDC) چیست؟,SPDC چگونه در یک بلور غیرخطی جفت‌فوتون تولید می‌کند؟ شرط‌های انرژی و تطبیق فاز، انواع فرایند، کاربردها و محدودیت‌های آن را بخوانید.,0,True,green,
3332,draft,انسداد فوتونی؛ وقتی یک فوتون راه فوتون بعدی را می‌بندد,photon-blockade,2026-09-20 19:34:15,2026-09-20 19:34:15,365,233,True,4,4,0,3,4,True,انسداد فوتونی و عبور یک فوتون,انسداد فوتونی,انسداد فوتونی چیست؟,انسداد فوتونی از ناهماهنگی ترازهای سامانه غیرخطی باعث ضدخوشه‌ای‌شدن نور می‌شود؛ سازوکار، گونه نامتعارف و معیارهای آزمایش را بخوانید.,5,True,red,کمتر از ۵۰۰ کلمه
3334,draft,نور کند؛ کنترل سرعت گروهی بدون کندشدن ثابت بنیادی نور,slow-light,2026-09-20 19:34:15,2026-09-20 19:34:15,403,258,True,4,4,0,3,4,True,نور کند در محیط پاشنده,نور کند,نور کند چیست؟,نور کند کاهش سرعت گروهی پالس در محیط پاشنده است؛ EIT، ذخیره نور، پهنای باند و تفاوت سرعت گروهی با سرعت اطلاعات را بخوانید.,5,True,red,کمتر از ۵۰۰ کلمه
3336,draft,لیتوگرافی کوانتومی؛ الگودهی زیر حد رایلی و هزینهٔ واقعی آن,quantum-lithography,2026-09-20 19:34:15,2026-09-20 19:34:15,401,253,True,4,4,0,3,4,True,لیتوگرافی کوانتومی و ایجاد الگوی ریز,لیتوگرافی کوانتومی,لیتوگرافی کوانتومی چیست؟,لیتوگرافی کوانتومی از تداخل چندفوتونی برای نوارهای ریزتر استفاده می‌کند؛ حالت NOON، جذب چندفوتونی، اتلاف و تفاوت تفکیک با حساسیت را بخوانید.,5,True,red,کمتر از ۵۰۰ کلمه
3338,draft,ارتباط مستقیم امن کوانتومی؛ ارسال پیام بدون تولید کلید جداگانه,quantum-secure-direct-communication,2026-09-20 19:34:15,2026-09-20 19:34:15,398,248,True,4,4,0,3,4,True,ارتباط مستقیم امن کوانتومی میان فرستنده و گیرنده,ارتباط مستقیم امن کوانتومی,ارتباط مستقیم امن کوانتومی چیست؟,ارتباط مستقیم امن کوانتومی پیام را مستقیماً در حالت‌های کوانتومی رمزگذاری می‌کند؛ آزمون کانال، QSDC، تفاوت با QKD و محدودیت نرخ را بخوانید.,5,True,red,کمتر از ۵۰۰ کلمه
3340,draft,انگشت‌نگاری کوانتومی؛ مقایسه داده با پیام بسیار کوتاه,quantum-fingerprinting,2026-09-20 19:34:15,2026-09-20 19:34:15,361,237,True,4,4,0,3,4,True,انگشت‌نگاری کوانتومی برای مقایسه داده‌ها,انگشت‌نگاری کوانتومی,انگشت‌نگاری کوانتومی چیست؟,انگشت‌نگاری کوانتومی برابری دو رشته را با ارتباط کمتر و خطای محدود می‌سنجد؛ مدل هم‌زمان، حالت اثرانگشت و تفاوت با هش رمزنگاری را بخوانید.,5,True,red,کمتر از ۵۰۰ کلمه
3342,draft,مزایده کوانتومی؛ پیشنهادهای درهم‌نهیده یا صرفاً یک مدل نظری؟,quantum-auction,2026-09-20 19:34:15,2026-09-20 19:34:15,357,238,True,4,4,0,3,4,True,مزایده کوانتومی با چند پیشنهاددهنده,مزایده کوانتومی,مزایده کوانتومی چیست؟,مزایده کوانتومی پروتکل‌های مزایده را با راهبرد یا ارتباط کوانتومی مدل می‌کند؛ حریم پیشنهاد، صداقت، سازوکار و فاصله تا کاربرد عملی را بخوانید.,5,True,red,کمتر از ۵۰۰ کلمه
3344,draft,FPGA کوانتومی؛ سخت‌افزار بازپیکربندی‌پذیر برای کنترل یا پردازش کوانتومی,quantum-fpga,2026-09-20 19:34:15,2026-09-20 19:34:15,351,229,True,4,4,0,3,4,True,FPGA کوانتومی و کنترل بازپیکربندی‌پذیر,FPGA کوانتومی,FPGA کوانتومی چیست؟,FPGA کوانتومی می‌تواند کنترل‌گر کلاسیک کم‌تأخیر یا مدار کوانتومی بازپیکربندی‌پذیر باشد؛ معماری، بازخورد، فوتونیک و محدودیت‌ها را بخوانید.,5,True,red,کمتر از ۵۰۰ کلمه
3346,draft,الکترونیک سرد؛ کنترل رایانه کوانتومی در چند کلوین,cryogenic-electronics,2026-09-20 19:34:15,2026-09-20 19:34:15,397,246,True,4,4,0,3,4,True,الکترونیک سرد درون یخچال برودتی,الکترونیک سرد,الکترونیک سرد چیست؟,الکترونیک سرد مدارهای کنترل و خوانش را نزدیک کیوبیت‌ها در دمای پایین اجرا می‌کند؛ CMOS برودتی، توان، نویز و چالش سیم‌کشی را بخوانید.,5,True,red,کمتر از ۵۰۰ کلمه
3348,draft,یخچال رقیق‌سازی؛ چگونه به چند میلی‌کلوین می‌رسیم؟,dilution-refrigerator,2026-09-20 19:34:15,2026-09-20 19:34:15,389,256,True,4,4,0,3,4,True,یخچال رقیق‌سازی و مراحل دمایی آن,یخچال رقیق‌سازی,یخچال رقیق‌سازی چگونه کار می‌کند؟,یخچال رقیق‌سازی با اختلاط ایزوتوپ‌های هلیوم-۳ و هلیوم-۴ سرمایش پیوسته میلی‌کلوینی می‌سازد؛ مراحل، توان و محدودیت‌ها را بخوانید.,5,True,red,کمتر از ۵۰۰ کلمه
3350,draft,دیمر کوانتومی؛ مدل پیوندهای تشدیدکننده در مادهٔ کوانتومی,quantum-dimer,2026-09-20 19:34:15,2026-09-20 19:34:15,384,250,True,4,4,0,3,4,True,دیمر کوانتومی و پیوند میان دو جایگاه,دیمر کوانتومی,مدل دیمر کوانتومی چیست؟,مدل دیمر کوانتومی پوشش‌های جفتی شبکه را با حرکت و پتانسیل حلقه‌ها توصیف می‌کند؛ نقطه روکسر–کایولسون، مایع اسپینی و محدودیت مدل را بخوانید.,5,True,red,کمتر از ۵۰۰ کلمه
3352,draft,نانوسیم؛ وقتی سطح و کوانتش بر رسانش چیره می‌شوند,nanowire,2026-09-20 19:34:15,2026-09-20 19:34:15,362,235,True,4,4,0,3,4,True,نانوسیم و ساختارهای نانومتری,نانوسیم,نانوسیم چیست؟,نانوسیم ساختاری یک‌بعدی با قطر نانومتری است؛ کوانتش عرضی، سطح، ساخت، ترابرد و کاربرد در آشکارساز و کیوبیت را بخوانید.,5,True,red,کمتر از ۵۰۰ کلمه
3354,draft,گاز دوقطبی؛ مادهٔ کوانتومی با برهم‌کنش جهت‌دار و دوربرد,dipolar-gas,2026-09-20 19:34:15,2026-09-20 19:34:15,353,225,True,4,4,0,3,4,True,گاز دوقطبی و آرایش ذرات قطبی,گاز دوقطبی,گاز دوقطبی چیست؟,گاز دوقطبی از اتم‌ها یا مولکول‌های دارای گشتاور مغناطیسی یا الکتریکی ساخته می‌شود؛ ناهمسانگردی، پایداری، رو‌تون و کاربرد را بخوانید.,5,True,red,کمتر از ۵۰۰ کلمه
3356,draft,گاز فرمی؛ جهانی که اصل طرد شکل می‌دهد,fermi-gas,2026-09-20 19:34:15,2026-09-20 19:34:15,392,247,True,4,4,0,3,4,True,گاز فرمی و پرشدن ترازها تا انرژی فرمی,گاز فرمی,گاز فرمی چیست؟,گاز فرمی مجموعه فرمیون‌هایی است که ترازها را تا انرژی فرمی پر می‌کنند؛ فشار تباهگنی، سرمایش، گذار BEC–BCS و کاربردها را بخوانید.,5,True,red,کمتر از ۵۰۰ کلمه
3358,draft,قطرهٔ کوانتومی؛ مایعی رقیق که نوسان‌ها آن را نگه می‌دارند,quantum-droplet,2026-09-20 19:34:15,2026-09-20 19:34:15,394,250,True,4,4,0,3,4,True,قطره کوانتومی خودبسته,قطرهٔ کوانتومی,قطره کوانتومی چیست؟,قطره کوانتومی حالت خودبسته گاز فوق‌سرد است که جاذبه میدان میانگین و دافعه نوسان‌های کوانتومی را متعادل می‌کند؛ تشکیل و پایداری را بخوانید.,5,True,red,کمتر از ۵۰۰ کلمه
3360,draft,سالیتون؛ موجی که پس از برخورد شکل خود را حفظ می‌کند,soliton,2026-09-20 19:34:15,2026-09-20 19:34:15,396,254,True,4,4,0,3,4,True,سالیتون و حفظ شکل موج هنگام انتشار,سالیتون,سالیتون چیست؟,سالیتون راه‌حل موجی موضعی حاصل تعادل پاشندگی و غیرخطی‌بودن است؛ سالیتون روشن و تاریک، پایداری، برخورد و نمونه‌های کوانتومی را بخوانید.,5,True,red,کمتر از ۵۰۰ کلمه
3362,draft,اصل لانه‌کبوتری کوانتومی؛ آیا سه ذره می‌توانند بدون هم‌خانه‌شدن در دو جعبه باشند؟,quantum-pigeonhole,2026-09-20 19:34:15,2026-09-20 19:34:15,395,237,True,4,4,0,3,4,True,اصل لانه‌کبوتری کوانتومی,اصل لانه‌کبوتری کوانتومی,اصل لانه‌کبوتری کوانتومی چیست؟,اثر لانه‌کبوتری کوانتومی با پیش‌گزینی و پس‌گزینی، هم‌بستگی‌های زوجی شگفت‌آور می‌سازد؛ محاسبه، آزمایش و نقد تفسیر را بخوانید.,5,True,red,کمتر از ۵۰۰ کلمه
3364,draft,سولیپسیسم کوانتومی؛ آیا مکانیک کوانتومی فقط تجربهٔ شخصی را واقعی می‌داند؟,quantum-solipsism,2026-09-20 19:34:15,2026-09-20 19:34:15,402,253,True,4,4,0,3,4,True,سولیپسیسم کوانتومی و مسئله ناظر,سولیپسیسم کوانتومی,سولیپسیسم کوانتومی چیست؟,سولیپسیسم کوانتومی اصطلاحی انتقادی در بحث ناظر و واقعیت است، نه نتیجه فیزیک؛ ارتباط آن با دوست ویگنر، QBism و واقع‌گرایی را بخوانید.,5,True,red,کمتر از ۵۰۰ کلمه
3387,draft,موسیقی کوانتومی؛ از دادهٔ آزمایش تا صدا و آهنگ‌سازی,quantum-music,2026-09-20 19:34:15,2026-09-20 19:34:15,393,253,True,4,4,0,3,4,True,موسیقی کوانتومی و تبدیل داده کوانتومی به صدا,موسیقی کوانتومی,موسیقی کوانتومی چیست؟,موسیقی کوانتومی می‌تواند سونوفیکیشن داده، آهنگ‌سازی الگوریتمی یا اثر الهام‌گرفته از فیزیک باشد؛ مرز علم، ابزار و استعاره را بخوانید.,5,True,red,کمتر از ۵۰۰ کلمه
3389,draft,داستان علمی‌تخیلی کوانتومی؛ روایت جهان‌های ممکن بدون تحریف علم,quantum-fiction,2026-09-20 19:34:15,2026-09-20 19:34:15,389,259,True,4,4,0,3,4,True,داستان علمی‌تخیلی کوانتومی و جهان‌های روایی,داستان علمی‌تخیلی کوانتومی,داستان علمی‌تخیلی کوانتومی چیست؟,داستان علمی‌تخیلی کوانتومی از اندازه‌گیری، جهان‌های چندگانه و رایانش الهام می‌گیرد؛ روش تشخیص مجوز روایی از ادعای علمی را بخوانید.,5,True,red,کمتر از ۵۰۰ کلمه
3391,draft,فرهنگ کوانتومی؛ وقتی زبان فیزیک وارد جامعه می‌شود,quantum-culture,2026-09-20 19:34:15,2026-09-20 19:34:15,381,257,True,4,4,0,3,4,True,فرهنگ کوانتومی در علم، هنر و جامعه,فرهنگ کوانتومی,فرهنگ کوانتومی چیست؟,فرهنگ کوانتومی به حضور مفاهیم و فناوری‌های کوانتومی در رسانه، هنر، آموزش و سیاست می‌پردازد؛ فرصت سواد علمی و خطر شبه‌علم را بخوانید.,5,True,red,کمتر از ۵۰۰ کلمه
3393,draft,زمستان کوانتومی؛ اگر سرمایه و اعتماد از فناوری عقب‌نشینی کنند,quantum-winter,2026-09-20 19:34:15,2026-09-20 19:34:15,378,248,True,4,4,0,3,4,True,زمستان کوانتومی و کاهش فعالیت فناوری,زمستان کوانتومی,زمستان کوانتومی چیست؟,زمستان کوانتومی سناریوی افت سرمایه و اعتماد پس از وعده‌های بیش‌ازحد است؛ نشانه‌ها، تفاوت با رکود علمی و راه پیشگیری را بخوانید.,5,True,red,کمتر از ۵۰۰ کلمه
3395,draft,تکینگی کوانتومی؛ مرز شکست نظریه یا جهش فرضی فناوری؟,quantum-singularity,2026-09-20 19:34:15,2026-09-20 19:34:15,398,254,True,4,4,0,3,4,True,تکینگی کوانتومی در فضا–زمان,تکینگی کوانتومی,تکینگی کوانتومی چیست؟,تکینگی کوانتومی می‌تواند به تکینگی فضا–زمان در گرانش کوانتومی یا سناریوی جهش فناوری اشاره کند؛ تفاوت معناها و شواهد را بخوانید.,5,True,red,کمتر از ۵۰۰ کلمه
3397,draft,حالت‌های همدوس؛ کوانتومی‌ترین توصیف نور کلاسیک,coherent-states,2026-09-20 19:34:15,2026-09-20 19:34:15,398,266,True,4,4,0,3,4,True,حالت همدوس و نمایش فضای فاز,حالت‌های همدوس,حالت همدوس چیست؟,حالت همدوس حالت ویژه عملگر نابودی و مدل کوانتومی نور لیزر ایده‌آل است؛ توزیع پواسون، فضای فاز، عدم‌قطعیت و تفاوت با نور فشرده را بخوانید.,5,True,red,کمتر از ۵۰۰ کلمه
3399,draft,حالت فوک؛ وقتی تعداد کوانتوم‌ها دقیق است,fock-state,2026-09-20 19:34:15,2026-09-20 19:34:15,399,256,True,4,4,0,3,4,True,حالت فوک با تعداد مشخص کوانتوم,حالت فوک,حالت فوک چیست؟,حالت فوک حالت ویژه عملگر تعداد با n کوانتوم دقیق است؛ نمایش عددی، آمار فوتون، فضای فاز، تولید و تفاوت با حالت همدوس را بخوانید.,5,True,red,کمتر از ۵۰۰ کلمه
3401,draft,چهارموجی؛ برهم‌کنش غیرخطی چهار میدان نور,four-wave-mixing,2026-09-20 19:34:15,2026-09-20 19:34:15,372,237,True,4,4,0,3,4,True,فرایند چهارموجی در محیط غیرخطی,چهارموجی,چهارموجی چیست؟,چهارموجی فرایند مرتبه سوم است که با پایستگی انرژی و تطبیق فاز، فرکانس تازه یا جفت فوتون می‌سازد؛ گونه‌ها و کاربردهای کوانتومی را بخوانید.,5,True,red,کمتر از ۵۰۰ کلمه
3403,draft,نوسانگر پارامتری نوری؛ تبدیل یک پمپ به دو میدان همدوس,optical-parametric-oscillator,2026-09-20 19:34:15,2026-09-20 19:34:15,398,267,True,4,4,0,3,4,True,نوسانگر پارامتری نوری و تولید سیگنال و آیدلر,نوسانگر پارامتری نوری,نوسانگر پارامتری نوری چیست؟,نوسانگر پارامتری نوری با غیرخطی مرتبه دوم و کاواک، پمپ را به سیگنال و آیدلر تبدیل می‌کند؛ آستانه، تطبیق فاز و نور فشرده را بخوانید.,5,True,red,کمتر از ۵۰۰ کلمه
3405,draft,آشکارسازی هوموداین؛ اندازه‌گیری کوادرات‌های میدان نور,homodyne-detection,2026-09-20 19:34:15,2026-09-20 19:34:15,401,261,True,4,4,0,3,4,True,آشکارسازی هوموداین با سیگنال و نوسان‌ساز محلی,آشکارسازی هوموداین,آشکارسازی هوموداین چیست؟,آشکارسازی هوموداین میدان ضعیف را با نوسان‌ساز محلی هم‌فرکانس تداخل می‌دهد و کوادرات را می‌سنجد؛ مدار متوازن، نویز شات و توموگرافی را بخوانید.,5,True,red,کمتر از ۵۰۰ کلمه
3408,draft,دماسنجی کوانتومی؛ اندازه‌گیری دما با یک سامانه بسیار کوچک,quantum-thermometry,2026-09-20 19:34:15,2026-09-20 19:34:15,385,249,True,4,4,0,3,4,True,دماسنجی کوانتومی,دماسنجی کوانتومی,دماسنجی کوانتومی چیست؟,دماسنجی کوانتومی دما را از حالت یک کاوشگر کوانتومی برآورد می‌کند؛ اطلاعات فیشر، حساسیت، ترمومتری محلی و محدودیت‌ها را بخوانید.,5,True,red,کمتر از ۵۰۰ کلمه
3410,draft,بازده موتور کوانتومی؛ آیا همدوسی می‌تواند از کارنو جلو بزند؟,quantum-engine-efficiency,2026-09-20 19:34:15,2026-09-20 19:34:15,387,253,True,4,4,0,3,4,True,بازده موتور کوانتومی,بازده موتور کوانتومی,بازده موتور کوانتومی چقدر است؟,بازده موتور کوانتومی به چرخه، مخزن و منابع غیرتعادلی وابسته است؛ حد کارنو، توان، همدوسی و ادعاهای فراتر از کارنو را بخوانید.,5,True,red,کمتر از ۵۰۰ کلمه
3412,draft,پیام‌رسانی سلولی و کوانتوم؛ کجا شیمی کوانتومی تمام می‌شود و ادعای بزرگ آغاز؟,quantum-cell-signaling,2026-09-20 19:34:15,2026-09-20 19:34:15,388,252,True,4,4,0,3,4,True,پیام‌رسانی سلولی کوانتومی,پیام‌رسانی سلولی کوانتومی,آیا پیام‌رسانی سلولی کوانتومی است؟,پیام‌رسانی سلولی بر واکنش‌های مولکولی متکی است که ریشه کوانتومی دارند، اما شواهدی برای شبکه ارتباطی کوانتومی پایدار در سلول وجود ندارد.,5,True,red,کمتر از ۵۰۰ کلمه
3414,draft,بیهوشی و کوانتوم؛ فرضیه‌ای جذاب با شواهد محدود,quantum-anesthesia,2026-09-20 19:34:15,2026-09-20 19:34:15,379,243,True,4,4,0,3,4,True,بیهوشی و فرضیه‌های کوانتومی,بیهوشی و کوانتوم,آیا بیهوشی سازوکار کوانتومی دارد؟,بیهوشی با اثر دارو بر پروتئین‌ها و شبکه عصبی توضیح داده می‌شود؛ فرضیه‌های کوانتومی میکروتوبول و اسپین هنوز شواهد کافی ندارند.,5,True,red,کمتر از ۵۰۰ کلمه
3416,draft,کوانتوم در سرطان؛ از ابزار تشخیص تا ادعاهای درمانی,quantum-cancer,2026-09-20 19:34:15,2026-09-20 19:34:15,379,236,True,4,4,0,3,4,True,کوانتوم در پژوهش سرطان,کوانتوم در سرطان,کوانتوم در تشخیص و درمان سرطان چه نقشی دارد؟,فیزیک کوانتومی در MRI، PET، لیزر و حسگرها نقش دارد، اما درمان مبهم «کوانتومی سرطان» پشتوانه علمی ندارد؛ کاربردها را دقیق بخوانید.,5,True,red,کمتر از ۵۰۰ کلمه
3418,draft,کوانتوم در باکتری‌ها؛ از فتوسنتز تا حس‌کردن میدان,quantum-bacteria,2026-09-20 19:34:15,2026-09-20 19:34:15,379,237,True,4,4,0,3,4,True,کوانتوم در باکتری‌ها,کوانتوم در باکتری‌ها,آیا باکتری‌ها از پدیده‌های کوانتومی استفاده می‌کنند؟,در باکتری‌ها انتقال الکترون، فتوسنتز و واکنش‌های رادیکالی ریشه کوانتومی دارند، اما ادعای پردازش کوانتومی زیستی نیازمند شواهد بیشتر است.,5,True,red,کمتر از ۵۰۰ کلمه
3420,draft,کوانتوم در ویروس‌ها؛ علم مولکولی یا برچسبی گمراه‌کننده؟,quantum-viruses,2026-09-20 19:34:15,2026-09-20 19:34:15,395,252,True,4,4,0,3,4,True,تصویر مفهومی کوانتوم در ویروس‌ها,کوانتوم در ویروس‌ها,آیا ویروس‌ها از اثرات کوانتومی استفاده می‌کنند؟,ساختار و واکنش ویروس‌ها تابع شیمی کوانتومی است، اما برای «رفتار کوانتومی ویژه ویروس» یا درمان کوانتومی شواهد معتبری وجود ندارد.,5,True,red,کمتر از ۵۰۰ کلمه
3422,draft,حالت GHZ؛ درهم‌تنیدگی چندذره‌ای بدون راه فرار کلاسیک,ghz-state,2026-09-20 19:34:15,2026-09-20 19:34:15,346,218,True,4,4,0,3,4,True,حالت درهم‌تنیده GHZ,حالت GHZ,حالت GHZ چیست؟,حالت GHZ برهم‌نهی چند کیوبیت همگی صفر و همگی یک است؛ هم‌بستگی‌ها، شکنندگی، آزمون‌های بنیادی و کاربردهای آن را بخوانید.,5,True,red,کمتر از ۵۰۰ کلمه
3424,draft,پارادوکس هاردی؛ ناموضعیت بدون نامساوی بل,hardy-paradox,2026-09-20 19:34:15,2026-09-20 19:34:15,362,236,True,4,4,0,3,4,True,چیدمان پارادوکس هاردی,پارادوکس هاردی,پارادوکس هاردی چیست؟,پارادوکس هاردی با چند احتمال صفر و یک رویداد ممکن، ناسازگاری واقع‌گرایی موضعی و مکانیک کوانتومی را نشان می‌دهد؛ منطق آن را بخوانید.,5,True,red,کمتر از ۵۰۰ کلمه
3426,draft,زمینه‌مندی کوانتومی؛ چرا نتیجه را نمی‌توان مستقل از شیوه اندازه‌گیری دانست؟,quantum-contextuality,2026-09-20 19:34:15,2026-09-20 19:34:15,368,239,True,4,4,0,3,4,True,زمینه‌مندی کوانتومی,زمینه‌مندی کوانتومی,زمینه مندی کوانتومی چیست؟,زمینه‌مندی کوانتومی نشان می‌دهد نمی‌توان برای همه مشاهده‌پذیرها مقادیر مستقل از مجموعه اندازه‌گیری سازگار تعیین کرد؛ قضیه KS و کاربردها را بخوانید.,5,True,red,کمتر از ۵۰۰ کلمه
3428,draft,گربهٔ چشایر کوانتومی؛ آیا ویژگی واقعاً از ذره جدا می‌شود؟,quantum-cheshire-cat,2026-09-20 19:34:15,2026-09-20 19:34:15,417,261,True,4,4,0,3,4,True,گربه چشایر کوانتومی,گربهٔ چشایر کوانتومی,گربه چشایر کوانتومی چیست؟,گربه چشایر کوانتومی پدیده‌ای در پیش‌گزینی، پس‌گزینی و اندازه‌گیری ضعیف است که جدایی ظاهری ذره و ویژگی را نشان می‌دهد؛ نقدها را بخوانید.,5,True,red,کمتر از ۵۰۰ کلمه
3430,draft,پارادوکس سه جعبه؛ ذره‌ای که اگر بگردیم در دو جای متفاوت پیدا می‌شود,three-box-paradox,2026-09-20 19:34:15,2026-09-20 19:34:15,398,254,True,4,4,0,3,4,True,پارادوکس سه جعبه,پارادوکس سه جعبه,پارادوکس سه جعبه چیست؟,پارادوکس سه جعبه از پیش‌گزینی و پس‌گزینی استفاده می‌کند و احتمال شرطی شگفت‌انگیزی می‌سازد؛ منطق، اندازه‌گیری و سوءبرداشت‌ها را بخوانید.,5,True,red,کمتر از ۵۰۰ کلمه
3434,draft,احتمال کوانتومی؛ چرا جمع دامنه‌ها با جمع احتمال‌ها فرق دارد؟,quantum-probability,2026-09-20 19:34:15,2026-09-20 19:34:15,346,227,True,4,4,0,3,4,True,احتمال کوانتومی,احتمال کوانتومی,احتمال کوانتومی چیست؟,احتمال کوانتومی از دامنه مختلط، قانون بور و عملگرهای ناجابجایی استفاده می‌کند؛ تفاوت با احتمال کلاسیک و نقش تداخل را بخوانید.,5,True,red,کمتر از ۵۰۰ کلمه
3436,draft,تابش شتاب و اثر اونرو؛ آیا ناظر شتاب‌دار خلأ را گرم می‌بیند؟,acceleration-radiation,2026-09-20 19:34:15,2026-09-20 19:34:15,391,248,True,4,4,0,3,4,True,اثر شتاب و تابش اونرو,اثر اونرو,اثر اونرو و تابش شتاب چیست؟,اثر اونرو پیش‌بینی می‌کند ناظر با شتاب یکنواخت خلأ مینکوفسکی را حمامی گرمایی می‌بیند؛ دما، افق ریندلر و وضعیت آزمایش را بخوانید.,5,True,red,کمتر از ۵۰۰ کلمه
3438,draft,گشتاور مغناطیسی ناهنجار؛ آزمونی میلیاردی برای نظریه ذرات,anomalous-magnetic-moment,2026-09-20 19:34:15,2026-09-20 19:34:15,382,242,True,4,4,0,3,4,True,گشتاور مغناطیسی ناهنجار,گشتاور مغناطیسی ناهنجار,گشتاور مغناطیسی ناهنجار چیست؟,گشتاور مغناطیسی ناهنجار تفاوت فاکتور g واقعی و مقدار دیراک است؛ نقش QED، میون، محاسبات هادرونی و وضعیت اختلاف را بخوانید.,5,True,red,کمتر از ۵۰۰ کلمه
3450,draft,تخمین فاز کوانتومی؛ چگونه مقدار ویژه را از فاز بیرون می‌کشیم؟,quantum-phase-estimation,2026-09-20 19:34:15,2026-09-20 19:34:15,422,291,True,4,4,0,3,4,True,مدار تخمین فاز کوانتومی,تخمین فاز کوانتومی,تخمین فاز کوانتومی چیست؟,تخمین فاز کوانتومی فاز مقدار ویژه یک عملگر یکانی را برآورد می‌کند و هسته الگوریتم شور و شبیه‌سازی کوانتومی است؛ مدار و محدودیت‌ها را بخوانید.,5,True,red,کمتر از ۵۰۰ کلمه
3454,draft,حلگر تغییراتی کوانتومی؛ VQE چگونه انرژی مولکول را حدس می‌زند؟,variational-quantum-eigensolver,2026-09-20 19:34:15,2026-09-20 19:34:15,376,253,True,4,4,0,3,4,True,حلقه الگوریتم تغییراتی کوانتومی,الگوریتم VQE,الگوریتم VQE چیست؟,VQE با همکاری پردازنده کوانتومی و بهینه‌ساز کلاسیک انرژی حالت پایه را تخمین می‌زند؛ انساتس، اندازه‌گیری و محدودیت‌ها را بخوانید.,5,True,red,کمتر از ۵۰۰ کلمه
3456,draft,QAOA؛ بهینه‌سازی تقریبی با لایه‌های کوانتومی,qaoa,2026-09-20 19:34:15,2026-09-20 19:34:15,373,254,True,4,4,0,3,4,True,الگوریتم بهینه‌سازی تقریبی کوانتومی,QAOA,الگوریتم QAOA چیست؟,QAOA یک الگوریتم تغییراتی برای مسائل بهینه‌سازی ترکیبی است؛ هامیلتونی هزینه، عمق p، حلقه کلاسیک و محدودیت‌های آن را بشناسید.,5,True,red,کمتر از ۵۰۰ کلمه
3458,draft,هستهٔ کوانتومی؛ آیا نگاشت داده به فضای کیوبیت‌ها یادگیری را بهتر می‌کند؟,quantum-kernel,2026-09-20 19:34:15,2026-09-20 19:34:15,402,270,True,4,4,0,3,4,True,هسته کوانتومی در یادگیری ماشین,هستهٔ کوانتومی,هسته کوانتومی چیست؟,روش هسته کوانتومی شباهت داده‌ها را با هم‌پوشانی حالت‌های کوانتومی می‌سنجد؛ مدار ویژگی، ماتریس هسته، کاربرد و محدودیت‌ها را بخوانید.,5,True,red,کمتر از ۵۰۰ کلمه
3460,draft,شبکهٔ عصبی کوانتومی؛ نامی آشنا برای مدل‌هایی هنوز ناآشنا,quantum-neural-network,2026-09-20 19:34:15,2026-09-20 19:34:15,399,273,True,4,4,0,3,4,True,شبکه عصبی کوانتومی,شبکهٔ عصبی کوانتومی,شبکه عصبی کوانتومی چیست؟,شبکه عصبی کوانتومی از مدارهای پارامتری برای یادگیری الگو استفاده می‌کند؛ شیوه آموزش، گرادیان، فلات بایر و محدودیت‌های واقعی را بخوانید.,5,True,red,کمتر از ۵۰۰ کلمه
3462,draft,مدل مولد کوانتومی؛ آیا کیوبیت‌ها می‌توانند داده تازه بسازند؟,quantum-generative-model,2026-09-20 19:34:15,2026-09-20 19:34:15,406,260,True,4,4,0,3,4,True,مدل مولد کوانتومی,مدل مولد کوانتومی,مدل مولد کوانتومی چیست؟,مدل مولد کوانتومی توزیع داده را با مدار یا سامانه کوانتومی یاد می‌گیرد؛ Born machine، QGAN، آموزش و محدودیت‌ها را بخوانید.,5,True,red,کمتر از ۵۰۰ کلمه
3464,draft,یادگیری تقویتی کوانتومی؛ عامل، محیط و پاداش با کیوبیت‌ها,quantum-reinforcement-learning,2026-09-20 19:34:15,2026-09-20 19:34:15,391,258,True,4,4,0,3,4,True,یادگیری تقویتی کوانتومی,یادگیری تقویتی کوانتومی,یادگیری تقویتی کوانتومی چیست؟,یادگیری تقویتی کوانتومی از مدارها یا ارتباط کوانتومی برای تصمیم‌گیری پیاپی استفاده می‌کند؛ مدل‌ها، وعده شتاب و محدودیت‌ها را بخوانید.,5,True,red,کمتر از ۵۰۰ کلمه
3468,draft,کامپایلر کوانتومی؛ ترجمه الگوریتم به گیت‌های واقعی,quantum-compiler,2026-09-20 19:34:15,2026-09-20 19:34:15,412,255,True,4,4,0,3,4,True,کامپایلر کوانتومی,کامپایلر کوانتومی,کامپایلر کوانتومی چیست؟,کامپایلر کوانتومی مدار منطقی را با توجه به گیت‌های بومی، اتصال کیوبیت‌ها و نویز به برنامه قابل‌اجرا تبدیل می‌کند؛ مراحل و محدودیت‌ها را بخوانید.,5,True,red,کمتر از ۵۰۰ کلمه
3472,draft,عایق توپولوژیک؛ درون عایق، روی سطح رسانا,topological-insulator,2026-09-20 19:34:15,2026-09-20 19:34:15,395,255,True,4,4,0,3,4,True,ساختار عایق توپولوژیک,عایق توپولوژیک,عایق توپولوژیک چیست؟,عایق توپولوژیک در حجم گاف انرژی و روی مرز حالت‌های رسانای حفاظت‌شده دارد؛ وارونگی نواری، قفل‌شدگی اسپین و محدودیت‌ها را بخوانید.,5,True,red,کمتر از ۵۰۰ کلمه
3474,draft,نیم‌فلز ویل؛ تک‌قطبی‌های بری در یک بلور,weyl-semimetal,2026-09-20 19:34:15,2026-09-20 19:34:15,397,250,True,4,4,0,3,4,True,نیمه‌فلز ویل,نیم‌فلز ویل,نیم فلز ویل چیست؟,نیم‌فلز ویل نقاط تماس دوباندی با کایرالیته و قوس‌های فرمی سطحی دارد؛ سازوکار، اثر آنومالی کایرال و شواهد را بخوانید.,5,True,red,کمتر از ۵۰۰ کلمه
3476,draft,نیم‌فلز دیراک؛ وقتی دو گره ویل روی هم می‌افتند,dirac-semimetal,2026-09-20 19:34:15,2026-09-20 19:34:15,398,250,True,4,4,0,4,4,True,نیمه‌فلز دیراک,نیم‌فلز دیراک,نیم فلز دیراک چیست؟,نیم‌فلز دیراک نقاط تماس چهارگانه و پاشندگی خطی سه‌بعدی دارد؛ نقش تقارن، تفاوت با گرافن و نیم‌فلز ویل و محدودیت‌ها را بخوانید.,5,True,red,کمتر از ۵۰۰ کلمه
3478,draft,فرمیون مایورانا؛ ذره‌ای که پادذرهٔ خودش است,majorana-fermion,2026-09-20 19:34:15,2026-09-20 19:34:15,396,258,True,4,4,0,3,4,True,فرمیون مایورانا,فرمیون مایورانا,فرمیون مایورانا چیست؟,فرمیون مایورانا در فیزیک ذرات و حالت‌های صفر ماده چگال دو معنای مرتبط دارد؛ شواهد، کیوبیت توپولوژیک و ابهام‌ها را بخوانید.,5,True,red,کمتر از ۵۰۰ کلمه
3480,draft,آنیون؛ ذره‌ای که نه بوزون است و نه فرمیون,anyon,2026-09-20 19:34:15,2026-09-20 19:34:15,374,249,True,4,4,0,3,4,True,آنیون و آمار ذرات دوبعدی,آنیون,آنیون چیست؟ آمار کسری و کاربردها,آنیون شبه‌ذره‌ای دوبعدی با آمار مبادله‌ای میان یا فراتر از بوزون و فرمیون است؛ بافتن، انواع آبلی و نابِلی و شواهد را بخوانید.,5,True,red,کمتر از ۵۰۰ کلمه
3484,draft,عایق مات؛ وقتی دافعه الکترون‌ها راه جریان را می‌بندد,mott-insulator,2026-09-20 19:34:15,2026-09-20 19:34:15,391,249,True,4,4,0,3,4,True,عایق مات,عایق مات,عایق مات چیست؟,عایق مات طبق نظریه نواری باید رسانا باشد، اما دافعه الکترونی آن را عایق می‌کند؛ مدل هابارد، گذار مات و ارتباط با ابررسانایی را بخوانید.,5,True,red,کمتر از ۵۰۰ کلمه
3486,draft,بحرانیت کوانتومی؛ نوسان‌هایی که در صفر مطلق هم خاموش نمی‌شوند,quantum-criticality,2026-09-20 19:34:15,2026-09-20 19:34:15,359,236,True,4,4,0,3,4,True,بحرانیت کوانتومی,بحرانیت کوانتومی,بحرانیت کوانتومی چیست؟,بحرانیت کوانتومی رفتار پیرامون نقطه گذار فاز در صفر مطلق است؛ مقیاس‌بندی، فن دمایی و ارتباط با مواد هم‌بسته را بخوانید.,5,True,red,کمتر از ۵۰۰ کلمه
3488,draft,گذار فاز کوانتومی؛ تغییر نظم ماده بدون گرم‌کردن,quantum-phase-transition,2026-09-20 19:34:15,2026-09-20 19:34:15,371,240,True,4,4,0,3,4,True,گذار فاز کوانتومی,گذار فاز کوانتومی,گذار فاز کوانتومی چیست؟,گذار فاز کوانتومی تغییر حالت پایه ماده در صفر مطلق با تنظیم میدان، فشار یا برهم‌کنش است؛ تفاوت با گذار گرمایی و مثال‌ها را بخوانید.,5,True,red,کمتر از ۵۰۰ کلمه
3491,draft,الکترودینامیک کوانتومی حفره؛ وقتی یک اتم بارها با یک فوتون روبه‌رو می‌شود,cavity-qed,2026-09-20 19:34:15,2026-09-20 19:34:15,591,444,True,4,4,0,4,4,True,الکترودینامیک کوانتومی حفره,الکترودینامیک کوانتومی حفره,الکترودینامیک کوانتومی حفره چیست؟,الکترودینامیک کوانتومی حفره برهم‌کنش اتم و نور محبوس میان آینه‌ها را بررسی می‌کند؛ رژیم‌های کوپلش، اثر پرسل و کاربردها را بشناسید.,5,True,yellow,۵۰۰ تا ۸۹۹ کلمه
3493,draft,الکترودینامیک کوانتومی مدار؛ اتم مصنوعی روی یک تراشه,circuit-qed,2026-09-20 19:34:15,2026-09-20 19:34:15,496,359,True,4,4,0,3,4,True,الکترودینامیک کوانتومی مدار,الکترودینامیک کوانتومی مدار,الکترودینامیک کوانتومی مدار چیست؟,در circuit QED، کیوبیت ابررسانا با فوتون‌های مایکروویو در تشدیدگر روی تراشه برهم‌کنش می‌کند؛ سازوکار، خوانش و محدودیت‌ها را بخوانید.,5,True,red,کمتر از ۵۰۰ کلمه
3495,draft,نوسانات رابی؛ ضربان منظم میان دو حالت کوانتومی,rabi-oscillations,2026-09-20 19:34:15,2026-09-20 19:34:15,519,372,True,4,4,0,3,4,True,نمودار نوسانات رابی در سامانه دوترازی,نوسانات رابی,نوسانات رابی چیست؟ توضیح ساده و دقیق,نوسانات رابی نشان می‌دهند یک سامانه دوترازی زیر میدان تشدیدی چگونه میان دو حالت جابه‌جا می‌شود؛ فرمول، آزمایش و محدودیت‌ها را بخوانید.,5,True,yellow,۵۰۰ تا ۸۹۹ کلمه
3497,draft,شفافیت القایی الکترومغناطیسی؛ وقتی یک لیزر راه نور دیگر را باز می‌کند,electromagnetically-induced-transparency,2026-09-20 19:34:15,2026-09-20 19:34:15,543,392,True,4,4,0,3,4,True,شفافیت القایی الکترومغناطیسی,شفافیت القایی الکترومغناطیسی,شفافیت القایی الکترومغناطیسی (EIT) چیست؟,در EIT، تداخل کوانتومی جذب یک محیط را در پنجره‌ای باریک کاهش می‌دهد؛ حالت تاریک، نور کند، کاربردها و محدودیت‌ها را بخوانید.,5,True,yellow,۵۰۰ تا ۸۹۹ کلمه
3499,draft,تصویربرداری با فوتون‌های آشکارنشده؛ دیدن نمونه با نوری که دوربین نمی‌بیند,quantum-imaging-undetected-photons,2026-09-20 19:34:15,2026-09-20 19:34:15,575,404,True,4,4,0,3,4,True,تصویربرداری کوانتومی با فوتون‌های آشکارنشده,تصویربرداری با فوتون‌های آشکارنشده,تصویربرداری با فوتون‌های آشکارنشده چیست؟,در تصویربرداری با فوتون‌های آشکارنشده، فوتونی با نمونه برهم‌کنش می‌کند اما شریک آن ثبت می‌شود؛ سازوکار، کاربرد و محدودیت‌ها را بخوانید.,5,True,yellow,۵۰۰ تا ۸۹۹ کلمه
3503,draft,ابرتفکیک کوانتومی؛ فراتررفتن از مرز کلاسیک دقیقاً یعنی چه؟,super-resolution-quantum,2026-09-20 19:34:15,2026-09-20 19:34:15,418,272,True,4,4,0,3,4,True,ابر تفکیک کوانتومی,ابرتفکیک کوانتومی,ابرتفکیک کوانتومی چیست؟,ابرتفکیک کوانتومی از آمار و حالت‌های نور برای تخمین جدایی‌های زیر حد رایلی استفاده می‌کند؛ تفاوت تفکیک و مکان‌یابی و محدودیت‌ها را بخوانید.,5,True,red,کمتر از ۵۰۰ کلمه
3505,draft,اشتراک راز کوانتومی؛ وقتی هیچ‌کس به‌تنهایی کلید را ندارد,quantum-secret-sharing,2026-09-20 19:34:15,2026-09-20 19:34:15,405,258,True,4,4,0,3,4,True,اشتراک راز کوانتومی,اشتراک راز کوانتومی,اشتراک راز کوانتومی چیست؟,اشتراک راز کوانتومی یک راز یا کلید را میان چند عضو توزیع می‌کند تا فقط گروه مجاز آن را بازیابی کند؛ پروتکل‌ها، امنیت و محدودیت‌ها را بخوانید.,5,True,red,کمتر از ۵۰۰ کلمه
3507,draft,QKD مستقل از دستگاه؛ امنیتی که به درون جعبه اعتماد نمی‌کند,device-independent-qkd,2026-09-20 19:34:15,2026-09-20 19:34:15,431,285,True,4,4,0,3,4,True,توزیع کلید کوانتومی مستقل از دستگاه,QKD مستقل از دستگاه,QKD مستقل از دستگاه چیست؟,QKD مستقل از دستگاه امنیت کلید را از نقض نامساوی بل می‌گیرد، نه مدل کامل تجهیزات؛ شرط‌ها، مزیت‌ها و چالش‌های عملی را بخوانید.,5,True,red,کمتر از ۵۰۰ کلمه
3509,draft,QKD مستقل از دستگاه اندازه‌گیری؛ آشکارساز می‌تواند نامطمئن باشد,measurement-device-independent-qkd,2026-09-20 19:34:15,2026-09-20 19:34:15,441,292,True,4,4,0,3,4,True,توزیع کلید کوانتومی مستقل از دستگاه اندازه‌گیری,QKD مستقل از دستگاه اندازه‌گیری,QKD مستقل از دستگاه اندازه‌گیری چیست؟,MDI-QKD حملات آشکارساز را با سپردن اندازه‌گیری به گره‌ای نامطمئن خنثی می‌کند؛ سازوکار، امنیت و محدودیت‌های عملی را بخوانید.,5,True,red,کمتر از ۵۰۰ کلمه
3511,draft,QKD میدان دوقلو؛ شکستن محدودیت برد بدون ریپیتر کوانتومی,twin-field-qkd,2026-09-20 19:34:15,2026-09-20 19:34:15,452,303,True,4,4,0,3,4,True,توزیع کلید کوانتومی میدان دوقلو,QKD میدان دوقلو,QKD میدان دوقلو چیست؟,QKD میدان دوقلو با تداخل پالس‌های دو کاربر در گره‌ای نامطمئن، نرخ کلید را در فاصله زیاد بهبود می‌دهد؛ سازوکار و محدودیت‌ها را بخوانید.,5,True,red,کمتر از ۵۰۰ کلمه
3513,draft,امضای دیجیتال کوانتومی؛ چگونه اصالت پیام را بدون کلید خصوصی کلاسیک بسنجیم؟,quantum-digital-signature,2026-09-20 19:34:15,2026-09-20 19:34:15,446,301,True,4,4,0,3,4,True,امضای دیجیتال کوانتومی,امضای دیجیتال کوانتومی,امضای دیجیتال کوانتومی چیست؟,امضای دیجیتال کوانتومی برای اصالت، تمامیت و جلوگیری از انکار پیام از حالت‌های کوانتومی بهره می‌گیرد؛ سازوکار و محدودیت‌ها را بخوانید.,5,True,red,کمتر از ۵۰۰ کلمه
3519,draft,مسیریاب کوانتومی؛ فوتون را چگونه بدون خواندن پیام هدایت می‌کنیم؟,quantum-router,2026-09-20 19:34:15,2026-09-20 19:34:15,417,268,True,4,4,0,3,4,True,مسیریاب کوانتومی,مسیریاب کوانتومی,مسیریاب کوانتومی چیست؟,مسیریاب کوانتومی حالت‌های فوتونی را میان مسیرهای شبکه هدایت می‌کند، بدون آن‌که اطلاعات کیوبیت را اندازه بگیرد؛ سازوکار و چالش‌ها را بخوانید.,5,True,red,کمتر از ۵۰۰ کلمه
3525,draft,الگوریتم دویچ–جوزا؛ نخستین نمایش روشن برتری در تعداد پرس‌وجو,deutsch-jozsa-algorithm,2026-09-20 19:34:15,2026-09-20 19:34:15,411,276,True,4,4,0,3,4,True,مدار الگوریتم دویچ–جوزا,الگوریتم دویچ–جوزا,الگوریتم دویچ جوزا چیست؟,الگوریتم دویچ–جوزا با یک پرس‌وجوی کوانتومی تشخیص می‌دهد تابع وعده‌داده‌شده ثابت است یا متوازن؛ مدار، مزیت و محدودیت آن را بخوانید.,5,True,red,کمتر از ۵۰۰ کلمه
3527,draft,الگوریتم سایمون؛ پیدا‌کردن دوره پنهان با تداخل کوانتومی,simon-algorithm,2026-09-20 19:34:15,2026-09-20 19:34:15,405,276,True,4,4,0,3,4,False,,,,,5,False,red,کمتر از ۵۰۰ کلمه | فاقد تصویر شاخص | فاقد توضیحات متا | فاقد کلیدواژه کانونی
3533,draft,اثر کوندو؛ چرا مقاومت فلز در سرمای بیشتر دوباره بالا می‌رود؟,kondo-effect,2026-09-20 19:34:15,2026-09-20 19:34:15,393,256,True,4,4,0,3,4,True,اثر کوندو,اثر کوندو,اثر کوندو چیست؟,اثر کوندو از غربال‌شدن ممان مغناطیسی ناخالصی توسط الکترون‌های رسانش می‌آید و کمینه مقاومت می‌سازد؛ سازوکار و کاربردها را بخوانید.,5,True,red,کمتر از ۵۰۰ کلمه
3535,draft,یخ اسپینی؛ مغناطیسی که قانون یخ را تقلید می‌کند,spin-ice,2026-09-20 19:34:15,2026-09-20 19:34:15,373,230,True,4,4,0,3,4,True,ساختار یخ اسپینی,یخ اسپینی,یخ اسپینی چیست؟,در یخ اسپینی، ممان‌های مغناطیسی روی شبکه هندسی قانون دو-داخل دو-خارج را رعایت می‌کنند و برانگیختگی شبه‌تک‌قطبی می‌سازند.,5,True,red,کمتر از ۵۰۰ کلمه
3539,draft,شبکهٔ نوری؛ بلوری از نور برای به‌دام‌انداختن اتم‌ها,optical-lattice,2026-09-20 19:34:15,2026-09-20 19:34:15,392,249,True,4,4,0,3,4,True,شبکه نوری برای به‌دام‌اندازی اتم‌ها,شبکهٔ نوری,شبکه نوری چیست؟,شبکه نوری از تداخل لیزرها پتانسیل دوره‌ای برای اتم‌های سرد می‌سازد و مدل‌های ماده چگال را شبیه‌سازی می‌کند؛ سازوکار و محدودیت‌ها را بخوانید.,5,True,red,کمتر از ۵۰۰ کلمه
3541,draft,اتم ریدبرگ؛ غولی کوانتومی با الکترونی دوردست,rydberg-atom,2026-09-20 19:34:15,2026-09-20 19:34:15,365,236,True,4,4,0,3,4,True,اتم ریدبرگ و ترازهای انرژی,اتم ریدبرگ,اتم ریدبرگ چیست؟,اتم ریدبرگ الکترونی با عدد کوانتومی اصلی بزرگ دارد و به میدان و اتم‌های دیگر بسیار حساس است؛ انسداد ریدبرگ و کاربردها را بخوانید.,5,True,red,کمتر از ۵۰۰ کلمه
3367,draft,واپاشی پروتون؛ جست‌وجوی فروپاشی یکی از پایدارترین ذرات جهان,proton-decay,2026-09-20 19:34:16,2026-09-20 19:34:16,440,284,True,4,4,0,3,4,True,واپاشی پروتون,واپاشی پروتون,واپاشی پروتون چیست؟,واپاشی پروتون در برخی نظریه‌های وحدت بزرگ پیش‌بینی می‌شود؛ کانال‌ها، آشکارسازها، حدود عمر و معنای نتیجه منفی آزمایش‌ها را بخوانید.,5,True,red,کمتر از ۵۰۰ کلمه
3375,draft,تورم کیهانی؛ جهش آغازین فضا و بذر ساختارهای جهان,cosmic-inflation,2026-09-20 19:34:16,2026-09-20 19:34:16,403,268,True,4,4,0,3,4,True,تورم کیهانی,تورم کیهانی,تورم کیهانی چیست؟,تورم کیهانی دوره‌ای از انبساط شتاب‌دار آغازین است؛ افق و تختی، نوسان‌های کوانتومی، شواهد CMB و مدل‌های رقیب را بخوانید.,5,True,red,کمتر از ۵۰۰ کلمه
3377,draft,تابش زمینهٔ کیهانی؛ قدیمی‌ترین نوری که می‌توانیم ببینیم,cosmic-microwave-background,2026-09-20 19:34:16,2026-09-20 19:34:16,412,276,True,4,4,0,3,4,True,تابش زمینهٔ کیهانی و مسیر دریافت آن توسط ماهواره,تابش زمینهٔ کیهانی,تابش زمینه کیهانی چیست؟,تابش زمینه کیهانی نور باقی‌مانده از جهان داغ آغازین است؛ طیف جسم سیاه، ناهمسانگردی‌ها، قطبش و نقش آن در کیهان‌شناسی را بخوانید.,5,True,red,کمتر از ۵۰۰ کلمه
3379,draft,کرم‌چاله؛ میان‌بُر فضا–زمان میان ریاضیات و واقعیت,wormhole,2026-09-20 19:34:16,2026-09-20 19:34:16,402,257,True,4,4,0,3,4,True,نمای مفهومی کرم‌چاله و اتصال دو ناحیه فضا–زمان,کرم‌چاله,کرم‌چاله چیست؟,کرم‌چاله راه‌حلی هندسی برای اتصال نواحی فضا–زمان است؛ پل اینشتین–روزن، ماده نامتعارف، عبورپذیری و وضعیت شواهد را بخوانید.,5,True,red,کمتر از ۵۰۰ کلمه
3381,draft,کیهان‌شناسی کوانتومی؛ وقتی خود جهان موضوع نظریه کوانتومی می‌شود,quantum-cosmology,2026-09-20 19:34:16,2026-09-20 19:34:16,360,235,True,4,4,0,3,4,True,روند مفهومی کیهان‌شناسی کوانتومی از جهان آغازین,کیهان‌شناسی کوانتومی,کیهان‌شناسی کوانتومی چیست؟,کیهان‌شناسی کوانتومی برای شرایط آغازین و هندسه جهان چارچوب کوانتومی می‌سازد؛ معادله ویلر–دویت، مسئله زمان و محدودیت آزمون را بخوانید.,5,True,red,کمتر از ۵۰۰ کلمه
3383,draft,جهش کوانتومی کیهان؛ آیا پیش از مهبانگ مرحله‌ای دیگر وجود داشت؟,quantum-bounce,2026-09-20 19:34:16,2026-09-20 19:34:16,399,255,True,4,4,0,3,4,True,جهش کوانتومی کیهان از انقباض به انبساط,جهش کوانتومی کیهان,جهش کوانتومی کیهان چیست؟,جهش کوانتومی جایگزینی فرضی برای تکینگی مهبانگ است؛ کیهان‌شناسی کوانتومی حلقه‌ای، چگالی بحرانی، مدل‌های رقیب و شواهد را بخوانید.,5,True,red,کمتر از ۵۰۰ کلمه
3385,draft,بلاک‌چین کوانتومی؛ امنیت پساکوانتومی یا شبکه‌ای واقعاً کوانتومی؟,quantum-blockchain,2026-09-20 19:34:16,2026-09-20 19:34:16,411,261,True,4,4,0,3,4,True,زنجیره بلوک‌های بلاک‌چین کوانتومی,بلاک‌چین کوانتومی,بلاک‌چین کوانتومی چیست؟,بلاک‌چین کوانتومی اصطلاحی برای چند ایده متفاوت است؛ از امضای پساکوانتومی تا شبکه‌های مبتنی بر QKD و حالت کوانتومی، تفاوت‌ها را بخوانید.,5,True,red,کمتر از ۵۰۰ کلمه
3543,draft,پولارون؛ ذره‌ای که محیط را با خود می‌کشد,polaron,2026-09-20 19:34:15,2026-09-20 19:34:15,379,249,True,4,4,0,3,4,True,پولارون در شبکه بلوری,پولارون,پولارون چیست؟,پولارون شبه‌ذره‌ای است که از حامل بار و تغییر شکل یا برانگیختگی محیط پیرامونش ساخته می‌شود؛ انواع، جرم مؤثر و شواهد را بخوانید.,5,True,red,کمتر از ۵۰۰ کلمه
3545,draft,اکسایتون؛ جفت الکترون–حفره‌ای که نور در ماده می‌سازد,exciton,2026-09-20 19:34:15,2026-09-20 19:34:15,356,218,True,4,4,0,3,4,True,اکسایتون در شبکه بلوری,اکسایتون,اکسایتون چیست؟,اکسایتون حالت مقید الکترون و حفره در نیمه‌رسانا یا عایق است؛ انرژی بستگی، انواع وانیر و فرنکل و کاربردهای آن را بخوانید.,5,True,red,کمتر از ۵۰۰ کلمه
3547,draft,پولاریتون؛ وقتی نور و ماده هویت مشترک پیدا می‌کنند,polariton,2026-09-20 19:34:15,2026-09-20 19:34:15,353,224,True,4,4,0,3,4,True,پولاریتون حاصل برهم‌کنش نور و ماده,پولاریتون,پولاریتون چیست؟,پولاریتون شبه‌ذره ترکیبی نور و برانگیختگی ماده در رژیم کوپلش قوی است؛ شاخه‌های انرژی، چگالش و کاربردها را بخوانید.,5,True,red,کمتر از ۵۰۰ کلمه
3549,draft,مگنون؛ کوانتوم موج اسپینی در یک آهنربا,magnon,2026-09-20 19:34:15,2026-09-20 19:34:15,329,224,True,4,4,0,3,4,True,مگنون و موج اسپینی,مگنون,مگنون چیست؟,مگنون کوانتوم موج اسپینی در مواد مغناطیسی است؛ پاشندگی، آمار بوزونی، مگنونیک و ارتباط آن با اسپین‌ترونیک را بخوانید.,5,True,red,کمتر از ۵۰۰ کلمه
3551,draft,پلاسمون؛ موج جمعی الکترون‌ها در مرز نور و ماده,plasmon,2026-09-20 19:34:15,2026-09-20 19:34:15,351,238,True,4,4,0,3,4,True,پلاسمون و نوسان جمعی الکترون‌ها,پلاسمون,پلاسمون چیست؟,پلاسمون کوانتوم نوسان جمعی چگالی الکترون است؛ پلاسمون حجمی و سطحی، محدودسازی نور، کاربردها و اتلاف را بخوانید.,5,True,red,کمتر از ۵۰۰ کلمه
3553,draft,فونون؛ کوانتوم ارتعاش شبکهٔ بلوری,phonon,2026-09-20 19:34:15,2026-09-20 19:34:15,355,241,True,4,4,0,3,4,True,فونون و ارتعاش شبکه بلوری,فونون,فونون چیست؟,فونون کوانتوم مد ارتعاشی شبکه است و گرما، صدا و برهم‌کنش الکترون‌ها را توضیح می‌دهد؛ شاخه‌ها، پاشندگی و محدودیت‌ها را بخوانید.,5,True,red,کمتر از ۵۰۰ کلمه
3555,draft,موتور گرمایی کوانتومی؛ کارگرفتن از یک سامانه کوچک,quantum-heat-engine,2026-09-20 19:34:15,2026-09-20 19:34:15,385,248,True,4,4,0,3,4,True,موتور گرمایی کوانتومی,موتور گرمایی کوانتومی,موتور گرمایی کوانتومی چیست؟,موتور گرمایی کوانتومی با چرخه یک سامانه کوانتومی میان مخزن‌ها گرما را به کار تبدیل می‌کند؛ بازده، توان و نقش همدوسی را بخوانید.,5,True,red,کمتر از ۵۰۰ کلمه
3557,draft,یخچال کوانتومی؛ بیرون‌کشیدن گرما از یک سامانه نانومقیاس,quantum-refrigerator,2026-09-20 19:34:15,2026-09-20 19:34:15,375,241,True,4,4,0,3,4,True,یخچال کوانتومی,یخچال کوانتومی,یخچال کوانتومی چیست؟,یخچال کوانتومی با گذارهای کنترل‌شده یا سامانه خودمختار گرما را از مخزن سرد می‌گیرد؛ ضریب عملکرد و حدهای سرمایش را بخوانید.,5,True,red,کمتر از ۵۰۰ کلمه
3559,draft,دیو ماکسول کوانتومی؛ اطلاعات چگونه به کار ترمودینامیکی تبدیل می‌شود؟,quantum-maxwell-demon,2026-09-20 19:34:15,2026-09-20 19:34:15,371,234,True,4,4,0,3,4,True,دیو ماکسول کوانتومی,دیو ماکسول کوانتومی,دیو ماکسول کوانتومی چیست؟,دیو ماکسول کوانتومی با اندازه‌گیری و بازخورد نوسان‌های کوچک را به کار تبدیل می‌کند؛ اصل لاندائر، هزینه حافظه و آزمایش‌ها را بخوانید.,5,True,red,کمتر از ۵۰۰ کلمه
3563,draft,گرمایی‌شدن کوانتومی؛ چگونه یک سامانه بسته به تعادل می‌رسد؟,quantum-thermalization,2026-09-20 19:34:15,2026-09-20 19:34:15,357,235,True,4,4,0,3,4,True,گرمایی‌شدن کوانتومی,گرمایی‌شدن کوانتومی,گرمایی شدن کوانتومی چیست؟,گرمایی‌شدن کوانتومی توضیح می‌دهد چرا زیرسامانه یک حالت خالص بسته، رفتار تعادلی نشان می‌دهد؛ ETH، درهم‌تنیدگی و استثناها را بخوانید.,5,True,red,کمتر از ۵۰۰ کلمه
3565,draft,جایگزیدگی چندجسمی؛ وقتی سامانه حافظهٔ آغازش را فراموش نمی‌کند,many-body-localization,2026-09-20 19:34:15,2026-09-20 19:34:15,394,242,True,4,4,0,3,4,True,جایگزیدگی چندجسمی,جایگزیدگی چندجسمی,جایگزیدگی چندجسمی چیست؟,جایگزیدگی چندجسمی در سامانه برهم‌کنشی بی‌نظم مانع انتقال و گرمایی‌شدن می‌شود؛ انتگرال‌های محلی، درهم‌تنیدگی و بحث‌های باز را بخوانید.,5,True,red,کمتر از ۵۰۰ کلمه
3567,draft,فرضیهٔ گرمایی‌شدن حالت ویژه؛ چرا یک حالت منفرد می‌تواند حرارتی باشد؟,eigenstate-thermalization,2026-09-20 19:34:15,2026-09-20 19:34:15,373,241,True,4,4,0,3,4,True,فرضیه گرمایی‌شدن حالت ویژه,فرضیهٔ گرمایی‌شدن حالت ویژه,فرضیه ETH چیست؟,فرضیه گرمایی‌شدن حالت ویژه می‌گوید عناصر ماتریسی مشاهده‌پذیر محلی در سامانه آشوبناک ساختاری دارند که تعادل را توضیح می‌دهد.,5,True,red,کمتر از ۵۰۰ کلمه
3569,draft,قضیهٔ نوسان کوانتومی؛ قانون دوم در مقیاس تک‌رویداد,quantum-fluctuation-theorem,2026-09-20 19:34:15,2026-09-20 19:34:15,380,255,True,4,4,0,3,4,True,قضیه نوسان کوانتومی,قضیهٔ نوسان کوانتومی,قضیه نوسان کوانتومی چیست؟,قضیه‌های نوسان کوانتومی احتمال فرایند رو‌به‌جلو و معکوس و توزیع کار را به هم پیوند می‌دهند؛ جارزینسکی، کرکس و محدودیت‌ها را بخوانید.,5,True,red,کمتر از ۵۰۰ کلمه
286,publish,کوانتوم یعنی چه؟,what-is-quantum,2026-08-22 22:04:55,2026-09-18 01:55:21,1598,1536,True,3,3,0,8,3,True,اینفوگرافیک آموزشی «کوانتوم یعنی چه؟»,,,کوانتوم یعنی چه؟ توضیح ساده و دقیق از گسسته بودن انرژی، ثابت پلانک، و اینکه چرا این کشف پایهٔ ترانزیستور و لیزر و ام‌آر‌آی است.,0,False,yellow,فاقد کلیدواژه کانونی
287,publish,برهم‌نهی کوانتومی؛ چرا سکهٔ چرخان، الکترون نیست؟,quantum-superposition,2026-08-22 23:07:34,2026-09-18 11:16:39,1251,1051,True,4,0,0,12,0,True,اینفوگرافیک آموزشی «برهم‌نهی کوانتمی؛ چرا سکهٔ چرخان، الکترون نیست؟»,برهم‌نهی کوانتومی,برهم‌نهی کوانتومی چیست؟ ساده‌تر از چیزی که می‌شنوید,برهم‌نهی کوانتومی «نداندن» نیست؛ یک وضعیت فیزیکی تازه است که تداخل می‌سازد. تفاوتش با سکهٔ چرخان، ریاضی‌اش و کاربردش را ساده توضیح داده‌ایم.,0,False,red,بخش منابع بدون لینک قابل‌کلیک
297,publish,آزمایش دو شکاف؛ معروف‌ترین آزمایش فیزیک، که هنوز هم درک کاملش سخت است,double-slit-experiment,2026-08-23 00:29:03,2026-09-18 02:13:45,1106,1020,True,4,0,0,10,0,True,اینفوگرافیک آموزشی «آزمایش دو شکاف؛ معروف‌ترین آزمایش فیزیک، که هنوز هم درک کاملش سخت است»,آزمایش دو شکاف,آزمایش دو شکاف چیست؟ ساده‌ترین آزمایش عجیب‌ترین نتیجه,الکترون‌هایی را یکی‌یکی به سمت دو شکاف شلیک کنید؛ نوارهای تداخل می‌سازند — حتی وقتی «نگاه نکنید». آزمایش دو شکاف را از نورِ ۱۸۰۲ تا پاک‌کن کوانتومی ساده توضیح داده‌ایم.,0,False,red,بخش منابع بدون لینک قابل‌کلیک
298,publish,درهم‌تنیدگی کوانتومی؛ «اثر شبح‌وار» که واقعی است، اما پیام نمی‌فرستد,quantum-entanglement-explained,2026-08-23 00:29:03,2026-09-18 02:12:57,1136,1061,True,4,0,0,7,0,True,اینفوگرافیک آموزشی «درهم‌تنیدگی کوانتمی؛ «اثر شبح‌وار» که واقعی است، اما پیام نمی‌فرستد»,درهم‌تنیدگی کوانتومی,درهم‌تنیدگی کوانتومی چیست؟ ساده و بدون اغراق,درهم‌تنیدگی عجیب‌ترین پدیدهٔ کوانتوم است: دو ذره که هزاران کیلومتر دورتر، اندازه‌گیری یکی را به دیگری وصل می‌کند — بدون ارسال پیام. EPR، بل، آسپه و نوبل ۲۰۲۲ را ساده توضیح داده‌ایم.,0,False,red,بخش منابع بدون لینک قابل‌کلیک
299,publish,تونل‌زنی کوانتومی؛ پدیده‌ای که بدونش خورشید نمی‌تابید,quantum-tunneling,2026-08-23 00:29:03,2026-09-18 02:12:22,1105,1035,True,4,0,0,6,0,True,اینفوگرافیک آموزشی «تونل‌زنی کوانتمی؛ پدیده‌ای که بدونش خورشید نمی‌تابید»,تونل‌زنی کوانتومی,تونل‌زنی کوانتومی چیست؟ ساده و با مثال خورشید,چرا الکترون از دیواری رد می‌شود که «باید» برمی‌گشت؟ تونل‌زنی کوانتومی را با مثال خورشید، حافظهٔ فلش و میکروسکوپ تونل‌زنی ساده توضیح داده‌ایم — و چرا انسان هرگز تونل نمی‌زند.,0,False,red,بخش منابع بدون لینک قابل‌کلیک
301,publish,گربهٔ شرودینگر,schrodinger-cat,2026-08-23 00:29:03,2026-09-18 02:11:34,722,722,False,0,0,0,0,0,True,اینفوگرافیک آموزشی «گربهٔ شرودینگر»,,,گربهٔ شرودینگر یعنی چه؟ چرا یک انتقاد بود نه تأیید، نقش واهمدوسی، و حالت‌های گربه‌ای واقعی در آزمایشگاه‌های امروز.,0,False,red,فاقد بخش منابع | ۵۰۰ تا ۸۹۹ کلمه | فاقد کلیدواژه کانونی | کمتر از ۳ لینک داخلی
302,publish,اثر زنون کوانتومی,quantum-zeno-effect,2026-08-23 00:29:03,2026-09-03 03:47:28,686,686,False,0,0,0,0,0,True,اینفوگرافیک آموزشی «اثر زنون کوانتمی»,,,اثر زنون کوانتومی چیست؟ چرا اندازه‌گیری مکرر یک سیستم را از تغییر بازمی‌دارد، اثر معکوس ضدزنون، و کاربردش در کیوبیت‌ها.,0,False,red,فاقد بخش منابع | ۵۰۰ تا ۸۹۹ کلمه | فاقد کلیدواژه کانونی | کمتر از ۳ لینک داخلی
303,publish,نوسانات خلأ,vacuum-fluctuations,2026-08-23 00:29:03,2026-09-03 03:46:40,787,787,False,0,0,0,0,0,False,,,,نوسانات خلأ چیست؟ چرا هیچ نمی‌تواند واقعاً هیچ باشد، چهار شاهد اندازه‌گیری‌شده، و چرا انرژی رایگان نیست.,0,False,red,فاقد بخش منابع | فاقد تصویر شاخص | ۵۰۰ تا ۸۹۹ کلمه | فاقد کلیدواژه کانونی | کمتر از ۳ لینک داخلی
304,publish,اثر کازیمیر,casimir-effect,2026-08-23 00:29:03,2026-09-03 03:45:44,919,919,False,0,0,0,0,0,True,اینفوگرافیک آموزشی «اثر کازیمیر»,,,اثر کازیمیر چیست و چطور اندازه‌گیری شد؟ چرا خلأ به دو صفحهٔ فلزی نیرو وارد می‌کند، و چرا انرژی رایگان نیست.,0,False,red,فاقد بخش منابع | فاقد کلیدواژه کانونی | کمتر از ۳ لینک داخلی
306,publish,ابرشارگی؛ مایعی که از لیوان بالا می‌رود,superfluidity,2026-08-23 00:29:03,2026-09-03 03:44:31,723,723,False,0,0,0,0,0,True,اینفوگرافیک آموزشی «ابرشارگی؛ مایعی که از لیوان بالا می‌رود»,,,ابرشارگی چیست؟ هلیوم بدون گرانروی، لایهٔ رولین، گردابه‌های کوانتیده، و نقشش در خنک‌سازی کامپیوترهای کوانتومی.,0,False,red,فاقد بخش منابع | ۵۰۰ تا ۸۹۹ کلمه | فاقد کلیدواژه کانونی | کمتر از ۳ لینک داخلی
307,publish,فاجعهٔ فرابنفش,ultraviolet-catastrophe,2026-08-23 01:33:42,2026-09-18 01:58:26,912,912,False,0,0,0,0,0,True,اینفوگرافیک آموزشی «فاجعهٔ فرابنفش»,,,فاجعهٔ فرابنفش چیست و چرا فیزیک کلاسیک را فروریخت؟ از مسئلهٔ جسم سیاه تا راه‌حل پلانک که خودش باورش نداشت.,0,False,red,فاقد بخش منابع | فاقد کلیدواژه کانونی | کمتر از ۳ لینک داخلی
308,publish,مدل اتمی بور,bohr-atomic-model,2026-08-23 01:33:42,2026-09-03 03:53:06,762,762,False,0,0,0,0,0,True,اینفوگرافیک آموزشی «مدل اتمی بور»,,,مدل اتمی بور چیست و چرا غلط است؟ سه فرض جسورانهٔ بور، حل معمای خطوط طیفی، و اینکه چرا هنوز یادش می‌گیریم.,0,False,red,فاقد بخش منابع | ۵۰۰ تا ۸۹۹ کلمه | فاقد کلیدواژه کانونی | کمتر از ۳ لینک داخلی
312,publish,کیوبیت چیست؟ چرا «بیت کوانتومی» یک بیت بهتر نیست؟,qubit,2026-08-23 01:33:42,2026-09-18 02:15:33,1591,1381,True,4,0,0,10,0,True,اینفوگرافیک آموزشی «کیوبیت چیست؟ چرا «بیت کوانتمی» یک بیت بهتر نیست؟»,کیوبیت,کیوبیت چیست؟ توضیح سادهٔ «بیت کوانتومی»,کیوبیت یک «بیت قوی‌تر» نیست؛ یک سامانهٔ دوحالتهٔ کوانتومی است. تفاوت بیت و کیوبیت، برهم‌نهی و آزمایش برتری کوانتومی را ساده توضیح داده‌ایم.,0,False,red,بخش منابع بدون لینک قابل‌کلیک
316,publish,«همه‌چیز انرژی است» — بررسی یک ادعا,everything-is-energy-claim,2026-08-23 01:33:42,2026-09-03 03:52:21,822,822,False,0,0,0,0,0,True,اینفوگرافیک آموزشی ««همه‌چیز انرژی است» — بررسی یک ادعا»,,,آیا «همه‌چیز انرژی است» درست است؟ کجای استدلال می‌شکند، چهار نشانهٔ سوءاستفاده، و یک آزمون سه‌مرحله‌ای برای سنجش هر ادعا.,0,False,red,فاقد بخش منابع | ۵۰۰ تا ۸۹۹ کلمه | فاقد کلیدواژه کانونی | کمتر از ۳ لینک داخلی
320,publish,آنزیم‌ها؛ عبور از دیوار به‌جای پریدن,enzyme-quantum-tunneling,2026-08-23 01:53:18,2026-09-03 03:20:03,878,878,False,0,0,0,0,0,True,اینفوگرافیک آموزشی «آنزیم‌ها؛ عبور از دیوار به‌جای پریدن»,,,تونل‌زنی کوانتومی در آنزیم‌ها چیست؟ اثر ایزوتوپ جنبشی، چرا این مورد مناقشه ندارد، و داروهای دوتریومی.,0,False,red,فاقد بخش منابع | ۵۰۰ تا ۸۹۹ کلمه | فاقد کلیدواژه کانونی | کمتر از ۳ لینک داخلی
3440,draft,ثابت ساختار ریز؛ عددی بی‌بُعد برای قدرت نور و ماده,fine-structure-constant,2026-09-20 19:34:16,2026-09-20 19:34:16,393,258,True,4,4,0,3,4,True,ثابت ساختار ریز,ثابت ساختار ریز,ثابت ساختار ریز چیست؟,ثابت ساختار ریز α قدرت برهم‌کنش الکترومغناطیسی را تعیین می‌کند؛ تعریف، اندازه‌گیری، دویدن کوپلش و راز مقدار آن را بخوانید.,5,True,red,کمتر از ۵۰۰ کلمه
3443,draft,کرومودینامیک کوانتومی؛ چرا کوارک‌ها هرگز تنها دیده نمی‌شوند؟,quantum-chromodynamics,2026-09-20 19:34:16,2026-09-20 19:34:16,353,237,True,4,4,0,3,4,True,کرومودینامیک کوانتومی,کرومودینامیک کوانتومی,کرومودینامیک کوانتومی چیست؟,QCD نظریه نیروی قوی میان کوارک و گلوئون است؛ بار رنگ، آزادی مجانبی، حبس، هادرون‌ها و محاسبات شبکه را بخوانید.,5,True,red,کمتر از ۵۰۰ کلمه
3445,draft,نظریهٔ الکتروضعیف؛ اتحاد نور و واپاشی هسته‌ای,electroweak-theory,2026-09-20 19:34:16,2026-09-20 19:34:16,347,231,True,4,4,0,3,4,True,نظریه الکتروضعیف,نظریهٔ الکتروضعیف,نظریه الکتروضعیف چیست؟,نظریه الکتروضعیف الکترومغناطیس و نیروی ضعیف را در تقارن SU(2)×U(1) متحد می‌کند؛ بوزون‌های W و Z، هیگز و آزمون‌ها را بخوانید.,5,True,red,کمتر از ۵۰۰ کلمه
3482,publish,اثر هال کوانتومی کسری؛ وقتی الکترون‌ها شبه‌ذره می‌سازند,fractional-quantum-hall-effect,2026-08-20 18:18:26,2026-09-20 19:34:15,365,225,True,4,4,0,3,4,True,اثر هال کوانتومی کسری,اثر هال کوانتومی کسری,اثر هال کوانتومی کسری چیست؟,اثر هال کوانتومی کسری در گاز الکترونی دوبعدی و میدان قوی، رسانندگی کسری و شبه‌ذرات آنیونی می‌سازد؛ سازوکار و شواهد را بخوانید.,5,True,red,کمتر از ۵۰۰ کلمه
3501,publish,میکروسکوپ کوانتومی؛ دیدن نمونه با فوتون کمتر,quantum-microscopy,2026-08-20 18:19:52,2026-09-20 19:34:15,438,288,True,4,4,0,3,4,True,میکروسکوپ کوانتومی و تصویربرداری نمونه,میکروسکوپ کوانتومی,میکروسکوپ کوانتومی چیست؟ روش‌ها و محدودیت‌ها,میکروسکوپ کوانتومی از نور غیرکلاسیک و هم‌بستگی فوتونی برای کاهش نویز یا دوز تابش استفاده می‌کند؛ روش‌ها، کاربردها و محدودیت‌ها را بخوانید.,5,True,red,کمتر از ۵۰۰ کلمه
545,publish,تله پورت کوانتومی چیست؟,quantum-teleportation,2026-09-01 04:03:21,2026-09-18 02:48:34,1731,1686,True,3,0,0,5,0,True,اینفوگرافیک آموزشی «تله پورت کوانتمی چیست؟»,,,تله‌پورت کوانتومی چیست؟ چرا ماده جابه‌جا نمی‌شود، چرا یک کانال کلاسیک لازم است، و آزمایش‌ها تا کجا پیش رفته‌اند.,0,False,red,بخش منابع بدون لینک قابل‌کلیک | فاقد کلیدواژه کانونی
560,publish,آیا فیزیک کلاسیک اشتباه بود؟ نه، محدود بود,is-classical-physics-wrong,2026-09-03 02:46:34,2026-09-03 02:46:35,980,928,True,3,0,0,6,0,True,اینفوگرافیک آموزشی «آیا فیزیک کلاسیک اشتباه بود؟ نه، محدود بود»,,,آیا فیزیک کلاسیک اشتباه بود؟ نه — محدود بود. فرق «غلط بودن» با «محدود بودن»، ماجرای مدار عطارد، و اصل همخوانی.,0,False,red,بخش منابع بدون لینک قابل‌کلیک | فاقد کلیدواژه کانونی
561,publish,آیا فیزیک دانان بر سر معنای اندازه گیری توافق دارند؟,quantum-interpretation-debate,2026-09-03 02:45:45,2026-09-03 02:45:46,962,914,True,3,0,0,6,0,True,اینفوگرافیک آموزشی «آیا فیزیک دانان بر سر معنای اندازه گیری توافق دارند؟»,,,چرا فیزیک‌دان‌ها بر سر معنای اندازه‌گیری توافق ندارند؟ سه تفسیر اصلی، و اینکه اختلاف دقیقاً بر سر چه چیزی نیست.,0,False,red,بخش منابع بدون لینک قابل‌کلیک | فاقد کلیدواژه کانونی
566,publish,آینده شغلی: آیا باید فیزیک کوانتوم یاد بگیریم؟,quantum-career-future-learn,2026-09-01 09:01:13,2026-09-01 09:01:13,828,797,True,2,0,0,5,0,True,اینفوگرافیک آموزشی «آینده شغلی: آیا باید فیزیک کوانتوم یاد بگیریم؟»,,,آیا کوانتوم شغل آینده است؟ چهار مسیر واقعی در این صنعت، و نگاهی صادقانه به وضعیت بازار کار امروز.,0,False,red,بخش منابع بدون لینک قابل‌کلیک | ۵۰۰ تا ۸۹۹ کلمه | فاقد کلیدواژه کانونی
567,publish,اصل عدم قطعیت هایزنبرگ به زبان ساده,heisenberg-uncertainty-principle,2026-09-01 09:01:13,2026-09-03 02:57:03,834,801,True,2,0,0,4,0,True,اینفوگرافیک آموزشی «اصل عدم قطعیت هایزنبرگ به زبان ساده»,,,اصل عدم قطعیت هایزنبرگ یعنی چه؟ چرا محدودیت ابزار نیست بلکه ویژگی خود طبیعت است، و چرا در زندگی روزمره اثری ندارد.,0,False,red,بخش منابع بدون لینک قابل‌کلیک | ۵۰۰ تا ۸۹۹ کلمه | فاقد کلیدواژه کانونی
570,publish,برهم نهی یعنی چه، و چرا اشیای بزرگ برهم نهی نمی شوند,why-large-objects-dont-superpose,2026-09-03 02:48:36,2026-09-03 02:48:36,861,830,True,2,0,0,3,0,False,,,,چرا اشیای بزرگ برهم‌نهی نمی‌شوند؟ دو دلیل اصلی: کوچک شدن موج با جرم، و شسته شدن برهم‌نهی توسط شلوغی محیط.,0,False,red,بخش منابع بدون لینک قابل‌کلیک | فاقد تصویر شاخص | ۵۰۰ تا ۸۹۹ کلمه | فاقد کلیدواژه کانونی
572,publish,تفاوت فیزیک کوانتوم و مکانیک کوانتومی چیست؟,quantum-physics-vs-quantum-mechanics,2026-09-01 09:01:13,2026-09-18 02:47:54,706,664,True,2,0,0,4,0,True,اینفوگرافیک آموزشی «تفاوت فیزیک کوانتوم و مکانیک کوانتمی چیست؟»,,,فرق فیزیک کوانتوم و مکانیک کوانتومی چیست؟ یکی چتر گستردهٔ رشته است و دیگری هستهٔ ریاضی آن؛ و کجا این تفاوت مهم می‌شود.,0,False,red,بخش منابع بدون لینک قابل‌کلیک | ۵۰۰ تا ۸۹۹ کلمه | فاقد کلیدواژه کانونی
573,publish,تمثیل تاس در مقابل تمثیل سکه: کدام برای عدم قطعیت بهتر است؟,coin-vs-dice-quantum-uncertainty,2026-09-01 09:01:13,2026-09-03 02:59:42,761,730,True,2,0,0,4,0,True,اینفوگرافیک آموزشی «تمثیل تاس در مقابل تمثیل سکه: کدام برای عدم قطعیت بهتر است؟»,,,برای فهم عدم قطعیت، سکه بهتر است یا تاس؟ هیچ‌کدام به‌تنهایی. محک زدن دو تمثیل و معرفی تصویری که کمتر می‌شکند.,0,False,red,بخش منابع بدون لینک قابل‌کلیک | ۵۰۰ تا ۸۹۹ کلمه | فاقد کلیدواژه کانونی
574,publish,تمرین ذهنی: خودتان یک تمثیل بسازید و مرزش را پیدا کنید,quantum-analogy-exercise-boundary,2026-09-01 09:01:13,2026-09-03 03:57:14,817,779,True,2,0,0,2,0,True,اینفوگرافیک آموزشی «تمرین ذهنی: خودتان یک تمثیل بسازید و مرزش را پیدا کنید»,,,چطور خودتان یک تمثیل کوانتومی بسازید و مرزش را پیدا کنید؟ دستور کار چهارقدمی، یک نمونهٔ کارشده و چهار تلهٔ رایج.,0,False,red,بخش منابع بدون لینک قابل‌کلیک | ۵۰۰ تا ۸۹۹ کلمه | فاقد کلیدواژه کانونی | کمتر از ۳ لینک داخلی
2086,publish,نقشهٔ ذهنی پنج‌گانه برای فهم درست کوانتوم,quantum-fivefold-mental-map,2026-09-03 02:40:17,2026-09-03 02:40:18,1093,1069,True,3,3,3,6,3,True,اینفوگرافیک آموزشی «نقشهٔ ذهنی پنج‌گانه برای فهم درست کوانتوم»,,,پنج مفهوم کلیدی که ستون فهم کوانتوم‌اند. نقشه‌ای ذهنی برای اینکه در انبوه اصطلاحات گم نشوید و مطالب را به هم وصل کنید.,0,False,yellow,فاقد کلیدواژه کانونی
2087,publish,حسگرهای کوانتومی؛ آیندهٔ دقت اندازه‌گیری,quantum-sensors,2026-09-03 02:47:09,2026-09-18 02:10:28,1105,1079,True,3,3,3,6,3,True,اینفوگرافیک آموزشی «حسگرهای کوانتمی؛ آیندهٔ دقت اندازه‌گیری»,,,حسگرهای کوانتومی چطور دقت را بالا می‌برند؟ سه اهرم اصلی، نمونه‌هایی که امروز کار می‌کنند، و آنچه هنوز در راه است.,0,False,yellow,فاقد کلیدواژه کانونی
2088,publish,درهم‌تنیدگی در کامپیوترهای کوانتومی امروزی,entanglement-quantum-computers,2026-09-02 21:06:28,2026-09-03 02:42:08,969,943,True,3,3,3,6,3,True,اینفوگرافیک آموزشی «درهم‌تنیدگی در کامپیوترهای کوانتمی امروزی»,,,درهم‌تنیدگی چه نقشی در کامپیوتر کوانتومی دارد؟ چرا بدون آن مزیتی در کار نیست، و تفاوتش با موازی‌کاری ساده.,0,False,yellow,فاقد کلیدواژه کانونی
2090,publish,زنان فراموش‌شدهٔ فیزیک کوانتوم,forgotten-women-quantum,2026-09-02 21:06:28,2026-09-03 02:09:06,1147,1115,True,4,4,4,2,4,True,اینفوگرافیک آموزشی «زنان فراموش‌شدهٔ فیزیک کوانتوم»,,,زنان فراموش‌شدهٔ فیزیک کوانتوم: ماریا گوپرت مایر، چین-شیونگ وو و لیزه مایتنر — سه سهم بزرگ که کمتر نامشان برده می‌شود.,0,False,yellow,فاقد کلیدواژه کانونی | کمتر از ۳ لینک داخلی
2091,publish,شرودینگر: زندگی، معادله و گربه‌ای که هرگز نداشت,schrodinger-life-equation,2026-09-03 02:43:49,2026-09-03 02:43:50,748,723,True,3,3,3,3,3,True,اینفوگرافیک آموزشی «شرودینگر: زندگی، معادله و گربه‌ای که هرگز نداشت»,,,شرودینگر که بود و چرا هرگز گربه نداشت؟ معادله‌ای که در تعطیلات اسکی نوشت، و کتابی که به کشف ساختار دی‌ان‌ای کمک کرد.,0,False,yellow,۵۰۰ تا ۸۹۹ کلمه | فاقد کلیدواژه کانونی
2092,publish,فاینمن: نابغه‌ای که کوانتوم را ساده توضیح می‌داد,feynman-quantum-explainer,2026-09-02 21:06:29,2026-09-03 02:28:31,836,812,True,3,3,3,4,3,True,اینفوگرافیک آموزشی «فاینمن: نابغه‌ای که کوانتوم را ساده توضیح می‌داد»,,,ریچارد فاینمن که بود و چرا هنوز الگوی توضیح ساده است؟ از لوس آلاموس تا دیاگرام‌های فاینمن و درس‌های مشهورش.,0,False,yellow,۵۰۰ تا ۸۹۹ کلمه | فاقد کلیدواژه کانونی
2093,publish,منابع معتبر فارسی و انگلیسی برای یادگیری عمیق‌تر کوانتوم,quantum-learning-resources,2026-09-02 21:06:29,2026-09-03 02:33:37,843,816,True,3,3,3,5,3,False,,,,از کجا کوانتوم یاد بگیریم؟ مسیر پله‌به‌پله از مفاهیم بدون ریاضی تا درس دانشگاهی، با معرفی منابع فارسی و انگلیسی معتبر.,0,False,red,فاقد تصویر شاخص | ۵۰۰ تا ۸۹۹ کلمه | فاقد کلیدواژه کانونی
2094,publish,نبرد اینشتین و بور بر سر معنای کوانتوم,einstein-bohr-debate,2026-09-02 21:06:29,2026-09-03 02:34:28,947,913,True,3,3,3,6,3,True,اینفوگرافیک آموزشی «نبرد اینشتین و بور بر سر معنای کوانتوم»,,,نبرد فکری اینشتین و بور بر سر چه بود؟ از سولوی ۱۹۲۷ تا مقالهٔ EPR، و داوری نهایی که سال‌ها بعد از آزمایش آمد.,0,False,yellow,فاقد کلیدواژه کانونی
2096,publish,پنل خورشیدی و اثر فوتوالکتریک؛ تبدیل نور به جریان زندگی,solar-cells-photoelectric,2026-09-03 02:39:07,2026-09-03 02:39:08,984,959,True,3,3,3,5,3,True,اینفوگرافیک آموزشی «پنل خورشیدی و اثر فوتوالکتریک؛ تبدیل نور به جریان زندگی»,,,سلول خورشیدی چطور نور را به برق تبدیل می‌کند؟ از اثر فوتوالکتریک اینشتین تا پنل‌های امروزی روی پشت‌بام.,0,False,yellow,فاقد کلیدواژه کانونی
2097,publish,چرا ریاضیات کوانتوم درست است ولی فهمش سخت است؟,why-quantum-math-works,2026-09-03 02:39:33,2026-09-03 02:39:33,921,890,True,3,3,3,6,3,False,,,,چرا ریاضیات کوانتوم این‌قدر دقیق جواب می‌دهد اما فهمش سخت است؟ تفاوت محاسبه کردن با تصویر ذهنی ساختن.,0,False,red,فاقد تصویر شاخص | فاقد کلیدواژه کانونی
2098,publish,کامپیوتر کوانتومی چیست و چقدر با واقعیت فاصله دارد؟,quantum-computer-reality,2026-09-02 21:06:29,2026-09-18 02:43:55,883,855,True,4,4,4,6,4,True,اینفوگرافیک آموزشی «کامپیوتر کوانتمی چیست و چقدر با واقعیت فاصله دارد؟»,,,کامپیوتر کوانتومی واقعاً چه می‌کند؟ از بیت تا کیوبیت، وضعیت امروز در دوران پرخطا، و چه کارهایی از آن برنمی‌آید.,0,False,yellow,۵۰۰ تا ۸۹۹ کلمه | فاقد کلیدواژه کانونی
309,publish,نامساوی بل,bell-inequality,2026-09-03 03:21:12,2026-09-03 03:21:13,832,832,False,0,0,0,0,0,True,اینفوگرافیک آموزشی «نامساوی بل»,,,نامساوی بل چیست و چرا مهم‌ترین قضیهٔ فیزیک نامیده می‌شود؟ از متغیرهای پنهان اینشتین تا آزمایش‌های بدون روزنه و نوبل ۲۰۲۲.,0,False,red,فاقد بخش منابع | ۵۰۰ تا ۸۹۹ کلمه | فاقد کلیدواژه کانونی | کمتر از ۳ لینک داخلی
318,publish,قطب‌نمای پرندگان,bird-quantum-compass,2026-09-03 03:18:13,2026-09-03 03:18:13,830,830,False,0,0,0,0,0,True,اینفوگرافیک آموزشی «قطب‌نمای پرندگان»,کریپتوکروم، سسک باغی ،جهت‌یابی مغناطیسی، میدان مغناطیسی زمین، قطب‌نمای کوانتومی پرندگان،,قطب‌نمای کوانتومی پرندگان: راز جهت‌یابی با میدان مغناطیسی زمین,چطور یک سسک ۲۰ گرمی بدون نقشه مسیر مهاجرت را پیدا می‌کند؟ با نظریه جفت رادیکال، کریپتوکروم و حس مغناطیسی در چشم پرندگان آشنا شوید.,0,False,red,فاقد بخش منابع | ۵۰۰ تا ۸۹۹ کلمه | کمتر از ۳ لینک داخلی
319,publish,حس بویایی؛ شکل یا ارتعاش؟,quantum-smell,2026-09-03 03:19:19,2026-09-03 03:19:20,795,795,False,0,0,0,0,0,True,اینفوگرافیک آموزشی «حس بویایی؛ شکل یا ارتعاش؟»,,,آیا حس بویایی کوانتومی است؟ نظریهٔ ارتعاش لوکا تورین، تونل‌زنی غیرکشسان الکترون، و آزمون دوتریوم با نتایج متناقضش.,0,False,red,فاقد بخش منابع | ۵۰۰ تا ۸۹۹ کلمه | فاقد کلیدواژه کانونی | کمتر از ۳ لینک داخلی
321,publish,آیا مغز کوانتومی است؟,is-the-brain-quantum,2026-09-03 03:20:41,2026-09-03 03:20:42,877,877,False,0,0,0,0,0,True,اینفوگرافیک آموزشی «آیا مغز کوانتمی است؟»,,,آیا مغز کوانتومی است؟ نظریهٔ پنروز و هامروف، محاسبهٔ ویرانگر تگمارک، و چطور ادعاهای شبه‌علمی را تشخیص دهیم.,0,False,red,فاقد بخش منابع | ۵۰۰ تا ۸۹۹ کلمه | فاقد کلیدواژه کانونی | کمتر از ۳ لینک داخلی
504,publish,فوتون دقیقا چیست ؟,photon,2026-09-03 03:16:46,2026-09-18 02:46:10,959,959,False,0,0,0,7,2,True,اینفوگرافیک آموزشی «فوتون دقیقاً چیست؟»,,,فوتون چیست و از چه ساخته شده؟ رابطهٔ انرژی و بسامد، فرق شدت نور با انرژی هر فوتون، و جایی که فوتون در زندگی شما هست.,0,False,red,فاقد بخش منابع | فاقد کلیدواژه کانونی
505,publish,الکترون چیست؟ ویژگی‌ها، نقش در اتم و برق,electron,2026-09-03 03:16:13,2026-09-03 03:16:14,899,899,False,0,0,0,9,3,True,اینفوگرافیک آموزشی «الکترون چیست؟ ویژگی‌ها، نقش در اتم و برق»,,,الکترون چیست و کجای اتم قرار دارد؟ چرا ابر احتمال جای مدار را گرفت، نقش اسپین، و ارتباطش با برق و نور و فناوری امروز.,0,False,red,فاقد بخش منابع | ۵۰۰ تا ۸۹۹ کلمه | فاقد کلیدواژه کانونی
509,publish,اصل طرد پاولی دقیقاً چه می‌گوید؟ به زبان ساده,pauli-exclusion-principle,2026-09-03 03:15:23,2026-09-03 03:15:24,827,827,False,0,0,0,2,3,True,اینفوگرافیک آموزشی «اصل طرد پاولی دقیقاً چه می‌گوید؟ به زبان ساده»,,,اصل طرد پاولی چه می‌گوید و چرا اجسام از هم رد نمی‌شوند؟ فرق فرمیون و بوزون، و نقش این اصل در ساختار اتم و پایداری ستاره‌ها.,0,False,red,فاقد بخش منابع | ۵۰۰ تا ۸۹۹ کلمه | فاقد کلیدواژه کانونی | کمتر از ۳ لینک داخلی
512,publish,رمزنگاری کوانتومی و آیندهٔ امنیت اینترنت,quantum-cryptography-internet-security,2026-09-03 03:11:54,2026-09-03 03:11:55,1059,1059,False,0,0,0,0,0,False,,,,رمزنگاری کوانتومی چطور امنیت را تضمین می‌کند؟ توزیع کلید کوانتومی، چرا استراق سمع ردپا می‌گذارد، و محدودیت‌های عملی.,0,False,red,فاقد بخش منابع | فاقد تصویر شاخص | فاقد کلیدواژه کانونی | کمتر از ۳ لینک داخلی
518,publish,چگونه ادعای شبه‌علمی را در یک جمله تشخیص دهیم,spot-pseudoscience-one-sentence,2026-09-03 03:13:24,2026-09-03 03:13:24,940,940,False,0,0,0,1,0,True,اینفوگرافیک آموزشی «چگونه ادعای شبه‌علمی را در یک جمله تشخیص دهیم»,,,چطور با یک جمله شبه‌علم کوانتومی را تشخیص دهیم؟ آزمون ابطال‌پذیری و نشانهٔ استفادهٔ تزئینی از واژه‌های علمی.,0,False,red,فاقد بخش منابع | فاقد کلیدواژه کانونی | کمتر از ۳ لینک داخلی
551,publish,آیا با فکر کردن می توان واقعیت کوانتومی را تغییر داد؟,mind-quantum-reality,2026-09-03 03:08:45,2026-09-03 03:08:46,1392,1339,True,3,0,0,6,0,True,اینفوگرافیک آموزشی «آیا با فکر کردن می توان واقعیت کوانتمی را تغییر داد؟»,,,آیا ذهن روی واقعیت کوانتومی اثر می‌گذارد؟ ریشهٔ این ادعا، نقش واقعی اندازه‌گیری، و چرا آگاهی ناظر لازم نیست.,0,False,red,بخش منابع بدون لینک قابل‌کلیک | فاقد کلیدواژه کانونی
553,publish,آزمایش های بل: چگونه درهم تنیدگی اثبات شد!,bell-experiments,2026-09-03 03:05:05,2026-09-03 03:05:06,1577,1489,True,5,0,0,7,0,True,اینفوگرافیک آموزشی «آزمایش های بل: چگونه درهم تنیدگی اثبات شد!»,,,آزمایش‌های بل چه ثابت کردند؟ از فریدمن و کلاوزر تا آزمون‌های بدون‌روزنهٔ ۲۰۱۵ و جایزهٔ نوبل ۲۰۲۲.,0,False,red,بخش منابع بدون لینک قابل‌کلیک | فاقد کلیدواژه کانونی
559,publish,آیا درهم تنیدگی یعنی اطلاعات سریع تر از نور منتقل می شود؟,entanglement-myths,2026-09-03 03:10:43,2026-09-03 03:10:44,1122,1066,True,3,0,0,6,0,True,اینفوگرافیک آموزشی «آیا درهم تنیدگی یعنی اطلاعات سریع تر از نور منتقل می شود؟»,,,پنج افسانهٔ رایج دربارهٔ درهم‌تنیدگی: از ارتباط فراتر از نور تا پیوند ذهن‌ها — و اینکه فیزیک واقعاً چه می‌گوید.,0,False,red,بخش منابع بدون لینک قابل‌کلیک | فاقد کلیدواژه کانونی
562,publish,آیا مغز انسان از پدیده های کوانتومی استفاده می کند؟ (بررسی ادعاها),brain-quantum-phenomena,2026-09-03 02:50:05,2026-09-18 02:49:40,922,875,True,3,0,0,5,0,True,آیا مغز کوانتومی است,,,آیا مغز یک کامپیوتر کوانتومی است؟ بررسی ادعای پنروز-هامروف و اینکه چرا محیط گرم و شلوغ مغز اجازهٔ همدوسی نمی‌دهد.,0,False,red,بخش منابع بدون لینک قابل‌کلیک | فاقد کلیدواژه کانونی
563,publish,آیا هوش مصنوعی از کوانتوم استفاده می کند؟,does-ai-use-quantum,2026-09-03 02:50:33,2026-09-03 02:50:34,885,854,True,2,0,0,3,0,True,اینفوگرافیک آموزشی «آیا هوش مصنوعی از کوانتوم استفاده می کند؟»,,,آیا هوش مصنوعی از کوانتوم استفاده می‌کند؟ نه — مدل‌های امروزی روی تراشهٔ کلاسیک کار می‌کنند. فرق احتمال آماری با احتمال کوانتومی.,0,False,red,بخش منابع بدون لینک قابل‌کلیک | ۵۰۰ تا ۸۹۹ کلمه | فاقد کلیدواژه کانونی
564,publish,آیا کوانتوم ثابت می کند خدا وجود دارد یا ندارد؟,does-quantum-prove-god,2026-09-03 03:03:59,2026-09-03 03:03:59,877,834,True,2,0,0,4,0,True,اینفوگرافیک آموزشی «آزمایش آسپه ۱۹۸۲ چه بود؟»,,,آیا کوانتوم وجود خدا را ثابت یا رد می‌کند؟ چرا این پرسش از جنس فیزیک نیست و استدلال‌های دو طرف کجا اشتباه می‌کنند.,0,False,red,بخش منابع بدون لینک قابل‌کلیک | ۵۰۰ تا ۸۹۹ کلمه | فاقد کلیدواژه کانونی
565,publish,آیا کوانتوم یعنی چندجهانی واقعی است؟,is-many-worlds-real,2026-09-03 02:52:30,2026-09-03 02:52:30,961,932,True,2,0,0,4,0,True,اینفوگرافیک آموزشی «آیا کوانتوم یعنی چندجهانی واقعی است؟»,,,آیا جهان‌های موازی واقعی‌اند؟ ایدهٔ اورت کجای فیزیک ایستاده، چرا آزمون‌پذیر نیست، و چه چیزی از آن نتیجه نمی‌شود.,0,False,red,بخش منابع بدون لینک قابل‌کلیک | فاقد کلیدواژه کانونی
568,publish,اینشتین و اثر فوتوالکتریک (نه فقط نسبیت),einstein-photoelectric-effect,2026-09-03 03:11:09,2026-09-03 03:11:10,926,887,True,2,0,0,5,0,True,اینفوگرافیک آموزشی «اینشتین و اثر فوتوالکتریک (نه فقط نسبیت)»,,,چرا نوبل اینشتین برای نسبیت نبود؟ اثر فوتوالکتریک، ایدهٔ بستهٔ نور، و مقاله‌ای که در سال معجزهٔ ۱۹۰۵ نوشت.,0,False,red,بخش منابع بدون لینک قابل‌کلیک | فاقد کلیدواژه کانونی
569,publish,برهم نهی چیست؟ وقتی یک ذره «هم این است هم آن»,superposition-explained,2026-09-03 03:01:36,2026-09-03 03:01:37,832,795,True,2,0,0,8,0,False,,,,برهم‌نهی کوانتومی به زبان ساده: چرا «هم صفر هم یک» توصیف دقیقی نیست و منظور فیزیک‌دان‌ها از دامنهٔ احتمال چیست.,0,False,red,بخش منابع بدون لینک قابل‌کلیک | فاقد تصویر شاخص | ۵۰۰ تا ۸۹۹ کلمه | فاقد کلیدواژه کانونی
571,publish,تفاوت جبرگرایی کلاسیک و احتمال کوانتومی,determinism-vs-probability,2026-09-03 02:58:03,2026-09-03 02:58:04,833,803,True,2,0,0,4,0,True,اینفوگرافیک آموزشی «تفاوت جبرگرایی کلاسیک و احتمال کوانتمی»,,,فرق جبرگرایی کلاسیک با احتمال کوانتومی چیست؟ از دیو لاپلاس تا اختلاف اینشتین و بور، و داوری نهایی آزمایش‌های بل.,0,False,red,بخش منابع بدون لینک قابل‌کلیک | ۵۰۰ تا ۸۹۹ کلمه | فاقد کلیدواژه کانونی
575,publish,چرا «نفهمیدنِ درست» کوانتوم، خودش یک دستاورد است؟,quantum-understanding-achievement,2026-09-03 03:02:34,2026-09-03 03:03:20,879,847,True,2,0,0,3,0,True,اینفوگرافیک آموزشی «چرا «نفهمیدنِ درست» کوانتوم، خودش یک دستاورد است؟»,,,فهمیدن کوانتوم یعنی چه و تا کجا برای یک غیرمتخصص ممکن است؟ مرز میان شهود درست، تمثیل مفید و ریاضیات تخصصی.,0,False,red,بخش منابع بدون لینک قابل‌کلیک | ۵۰۰ تا ۸۹۹ کلمه | فاقد کلیدواژه کانونی
288,publish,دوگانگی موج و ذره,wave-particle-duality,2026-09-03 03:42:05,2026-09-18 02:16:25,1042,1042,False,0,0,0,0,0,True,اینفوگرافیک آموزشی «دوگانگی موج و ذره»,,,دوگانگی موج و ذره یعنی چه؟ از آزمایش دو شکاف یانگ تا فوتون اینشتین و موج دوبروی؛ و چرا توضیح رایج «گاهی موج، گاهی ذره» نادرست است.,0,False,red,فاقد بخش منابع | فاقد کلیدواژه کانونی | کمتر از ۳ لینک داخلی
289,publish,تابع موج چیست؟ کامل‌ترین نقشهٔ یک ذره — ولی خودش واقعیت نیست,wave-function,2026-09-03 03:40:21,2026-09-16 00:39:29,1725,1502,True,4,0,0,11,0,True,اینفوگرافیک آموزشی «تابع موج چیست؟ کامل‌ترین نقشهٔ یک ذره — ولی خودش واقعیت نیست»,تابع موج,تابع موج چیست؟ توضیح سادهٔ wave function,تابع موج مثل نقشهٔ هواشناسیِ یک ذره است: احتمال را پیش‌بینی می‌کند، خودش باران نیست. قاعدهٔ بورن، تداخل و فروپاشی را در زبان ساده توضیح داده‌ایم.,1,False,red,بخش منابع بدون لینک قابل‌کلیک
291,publish,اندازه‌گیری و فروپاشی در کوانتوم؛ بزرگ‌ترین درزِ مکانیک کوانتومی,quantum-measurement,2026-09-03 03:38:59,2026-09-16 00:39:23,1173,1085,True,4,0,0,5,0,True,اینفوگرافیک آموزشی «اندازه‌گیری و فروپاشی در کوانتوم؛ بزرگ‌ترین درزِ مکانیک کوانتمی»,اندازه‌گیری کوانتومی,اندازه‌گیری کوانتومی چیست؟ مسئله‌ای که صد سال است حل نشده,مکانیک کوانتوم دو قانون دارد که با هم جور درنمی‌آیند: تکاملِ قطعی و فروپاشیِ تصادفی. اندازه‌گیری، واهمدوسی و چهار تفسیر اصلی را ساده توضیح داده‌ایم.,0,False,red,بخش منابع بدون لینک قابل‌کلیک
292,publish,اسپین؛ چرخشی که چرخش نیست,quantum-spin,2026-09-03 03:38:01,2026-09-03 03:38:01,930,930,False,0,0,0,0,0,True,اینفوگرافیک آموزشی «اسپین؛ چرخشی که چرخش نیست»,,,اسپین کوانتومی چیست و چرا نامش گمراه‌کننده است؟ آزمایش اشترن-گرلاخ، اصل طرد پاؤلی، و اینکه چرا دست شما از میز رد نمی‌شود.,0,False,red,فاقد بخش منابع | فاقد کلیدواژه کانونی | کمتر از ۳ لینک داخلی
293,publish,ترازهای انرژی و کوانتش,energy-levels,2026-09-03 03:36:46,2026-09-18 02:43:18,904,904,False,0,0,0,0,0,True,اینفوگرافیک آموزشی «ترازهای انرژی و کوانتش»,,,ترازهای انرژی چیست و چرا الکترون فقط مقادیر مشخصی انرژی دارد؟ قیاس سیم گیتار، خطوط طیفی، و چرا ثانیه با اتم سزیم تعریف می‌شود.,0,False,red,فاقد بخش منابع | فاقد کلیدواژه کانونی | کمتر از ۳ لینک داخلی
294,publish,واهمدوسی (Decoherence)؛ چرا گربه‌ای را نمی‌بینیم که هم‌زمان زنده و مرده باشد؟,decoherence,2026-09-03 03:32:17,2026-09-16 00:39:09,1574,1264,True,4,0,0,7,0,True,اینفوگرافیک آموزشی «واهمدوسی (Decoherence)؛ چرا گربه‌ای را نمی‌بینیم که هم‌زمان زنده و مرده باشد؟»,واهمدوسی,واهمدوسی چیست؟ چرا دنیا اطرافمان کلاسیک است؟,واهمدوسی دلیل اصلی‌ای است که اجسام بزرگ برهم‌نهی کوانتومی نشان نمی‌دهند. در زبان ساده: چرا سکهٔ چرخان کیوبیت نیست و چرا دنیا اطرافمان «کلاسیک» به نظر می‌رسد.,0,False,red,بخش منابع بدون لینک قابل‌کلیک
295,publish,ثابت پلانک؛ کوچک‌ترین واحد جهان,planck-constant,2026-09-03 03:34:46,2026-09-03 03:34:51,960,960,False,0,0,0,0,0,True,اینفوگرافیک آموزشی «ثابت پلانک؛ کوچک‌ترین واحد جهان»,,,ثابت پلانک چیست و چرا مهم‌ترین عدد فیزیک است؟ از فاجعهٔ فرابنفش تا بازتعریف کیلوگرم در سال ۲۰۱۹ و مقیاس پلانک؛ مرز واقعی فیزیک امروز.,0,False,red,فاقد بخش منابع | فاقد کلیدواژه کانونی | کمتر از ۳ لینک داخلی
300,publish,اثر فوتوالکتریک,photoelectric-effect,2026-09-03 03:49:03,2026-09-18 02:40:29,746,746,False,0,0,0,0,0,True,اینفوگرافیک آموزشی «اثر فوتوالکتریک»,,,اثر فوتوالکتریک چیست و چرا اینشتین برای آن نوبل گرفت، نه برای نسبیت؟ تابع کار، فوتون، و پایهٔ سلول خورشیدی.,0,False,red,فاقد بخش منابع | ۵۰۰ تا ۸۹۹ کلمه | فاقد کلیدواژه کانونی | کمتر از ۳ لینک داخلی
305,publish,ابررسانایی,superconductivity,2026-09-03 03:45:19,2026-09-18 02:44:59,881,881,False,0,0,0,0,0,True,اینفوگرافیک آموزشی «ابررسانایی»,,,ابررسانایی چیست و چرا مقاومت صفر می‌شود؟ جفت‌های کوپر، اثر مایسنر و آهنربای شناور، و چرا هنوز در سیم برق شهر نیست.,0,False,red,فاقد بخش منابع | ۵۰۰ تا ۸۹۹ کلمه | فاقد کلیدواژه کانونی | کمتر از ۳ لینک داخلی
310,publish,تفسیر کپنهاگی,copenhagen-interpretation,2026-09-03 03:21:45,2026-09-03 03:21:56,716,716,False,0,0,0,0,0,True,اینفوگرافیک آموزشی «تفسیر کپنهاگی»,,,تفسیر کپنهاگی چه می‌گوید؟ اصل مکملیت، مرز مبهم کلاسیک و کوانتومی، رقبایش، و چرا «ناظر» به معنای انسان نیست.,0,False,red,فاقد بخش منابع | ۵۰۰ تا ۸۹۹ کلمه | فاقد کلیدواژه کانونی | کمتر از ۳ لینک داخلی
311,publish,تفسیر جهان‌های موازی,many-worlds-interpretation,2026-09-03 03:22:45,2026-09-03 03:22:45,824,824,False,0,0,0,0,0,True,اینفوگرافیک آموزشی «تفسیر جهان‌های موازی»,,,تفسیر جهان‌های موازی چه می‌گوید؟ ایدهٔ هیو اورت، مسئلهٔ احتمال، سه ایراد جدی، و سوءتفاهم‌های رایج فرهنگ عامه.,0,False,red,فاقد بخش منابع | ۵۰۰ تا ۸۹۹ کلمه | فاقد کلیدواژه کانونی | کمتر از ۳ لینک داخلی
313,publish,لیزر چطور کار می‌کند؟,how-lasers-work,2026-09-03 03:23:50,2026-09-03 03:23:51,844,844,False,0,0,0,0,0,True,اینفوگرافیک آموزشی «لیزر چطور کار می‌کند؟»,,,لیزر چطور کار می‌کند؟ گسیل القایی اینشتین، وارونگی جمعیت، حفرهٔ تشدید، و چرا لیزر لزوماً پرقدرت نیست.,0,False,red,فاقد بخش منابع | ۵۰۰ تا ۸۹۹ کلمه | فاقد کلیدواژه کانونی | کمتر از ۳ لینک داخلی
314,publish,ترانزیستور؛ کوانتوم در جیب شما,transistor-quantum,2026-09-03 03:25:00,2026-09-03 03:25:01,725,725,False,0,0,0,0,0,True,رمزگذاری پساکوانتومی، قفل های تازه اینترنت,,,ترانزیستور چطور کار می‌کند؟ شکاف نواری، نیمه‌رساناها، ناخالص‌سازی، و چرا همان تونل‌زنی کوانتومی حالا مانع کوچک‌تر شدنش شده.,0,False,red,فاقد بخش منابع | ۵۰۰ تا ۸۹۹ کلمه | فاقد کلیدواژه کانونی | کمتر از ۳ لینک داخلی
315,publish,ساعت اتمی و جی‌پی‌اس,atomic-clock-gps,2026-09-03 03:25:44,2026-09-03 03:25:44,832,832,False,0,0,0,0,0,True,اینفوگرافیک آموزشی «ساعت اتمی و جی‌پی‌اس»,,,ساعت اتمی چطور کار می‌کند و چرا جی‌پی‌اس بدون آن ممکن نیست؟ تعریف ثانیه، تصحیح نسبیتی ۳۸ میکروثانیه، و ساعت‌های نوری نسل بعد.,0,False,red,فاقد بخش منابع | ۵۰۰ تا ۸۹۹ کلمه | فاقد کلیدواژه کانونی | کمتر از ۳ لینک داخلی
511,publish,کوانتوم و پزشکی,quantum-alternative-medicine-science,2026-09-03 03:29:13,2026-09-03 03:29:14,841,841,False,0,0,0,2,0,True,اینفوگرافیک آموزشی «کوانتوم و پزشکی»,,,دستگاه‌های «تشخیص کوانتومی» و طب جایگزین: ادعاها چه می‌گویند، شواهد چه می‌گویند، و تفاوتشان با فناوری واقعی.,0,False,red,فاقد بخش منابع | ۵۰۰ تا ۸۹۹ کلمه | فاقد کلیدواژه کانونی | کمتر از ۳ لینک داخلی
514,publish,ام‌آرآی (MRI) چگونه کار می‌کند؟ ریشهٔ کوانتومی آن,mri-quantum,2026-09-03 03:29:58,2026-09-03 03:29:58,898,898,False,0,0,0,1,0,True,اینفوگرافیک آموزشی «ام‌آرآی (MRI) چگونه کار می‌کند؟ ریشهٔ کوانتمی آن»,,,ام‌آر‌آی چطور با فیزیک کوانتوم کار می‌کند؟ نقش اسپین هسته‌ای، چرا هیچ پرتو یونیزانی در کار نیست، و راز صدای بلند دستگاه.,0,False,red,فاقد بخش منابع | ۵۰۰ تا ۸۹۹ کلمه | فاقد کلیدواژه کانونی | کمتر از ۳ لینک داخلی
2226,publish,عدد کوانتومی چیست؟,quantum-number,2026-09-03 19:25:19,2026-09-03 19:25:20,699,684,True,2,2,0,7,2,False,,عدد کوانتومی,عدد کوانتومی چیست؟ آدرس الکترون با چهار عدد | کوانتوم پدیا,عددهای کوانتومی چیستند و چه نقشی در توصیف الکترون دارند؟ توضیحی ساده دربارهٔ چهار عدد کوانتومی، تراز انرژی، اوربیتال و اسپین.,0,False,red,فاقد تصویر شاخص | ۵۰۰ تا ۸۹۹ کلمه | کمتر از ۳ منبع لینک‌دار
2229,publish,کوارک چیست؟,quark,2026-09-03 19:27:09,2026-09-18 02:44:31,644,640,True,1,1,0,5,1,True,اینفوگرافیک آموزشی «کوارک چیست؟»,کوارک,کوارک چیست؟ ذره‌ای که هرگز تنها دیده نمی‌شود | کوانتوم پدیا,کوارک چیست و چرا نمی‌شود آن را جدا کرد؟ توضیحی ساده دربارهٔ شش طعم کوارک، بار رنگی، گلوئون و نقش آن در ساختن پروتون و نوترون.,0,False,yellow,۵۰۰ تا ۸۹۹ کلمه | کمتر از ۳ منبع لینک‌دار
2232,publish,پادماده چیست؟,antimatter,2026-09-03 19:26:44,2026-09-03 19:26:44,595,591,True,1,1,0,5,1,True,معادلۀ دیراک، الکترون و پوزیترون با دو فوتون؛ نمودار پیش‌بینی ریاضی پیش از مشاهده,پادماده,پادماده چیست؟ تصویر آینه‌ای ماده | کوانتوم پدیا,پادماده چیست و ضدذره‌ها چه فرقی با ذره‌ها دارند؟ توضیحی ساده دربارهٔ نابودی ماده و پادماده، کشف پوزیترون و کاربرد پزشکی PET.,0,False,yellow,۵۰۰ تا ۸۹۹ کلمه | کمتر از ۳ منبع لینک‌دار
2235,publish,اسپین هسته‌ای چیست؟,nuclear-spin,2026-09-03 19:26:56,2026-09-03 19:26:56,536,530,True,1,1,0,5,1,True,اینفوگرافیک آموزشی «اسپین هسته‌ای چیست؟»,اسپین هسته‌ای,اسپین هسته‌ای چیست؟ آهنرباهای درون بدن | کوانتوم پدیا,اسپین هسته‌ای چیست و چه ربطی به دستگاه MRI دارد؟ توضیحی ساده دربارهٔ هسته‌های آهنربامانند، تقدیم، تشدید مغناطیسی هسته‌ای و کاربرد آن در پزشکی.,0,False,yellow,۵۰۰ تا ۸۹۹ کلمه | کمتر از ۳ منبع لینک‌دار
2225,publish,حالت کوانتومی چیست؟ چرا «الکترون کجاست؟» پرسش اشتباه است؟,quantum-state,2026-09-03 19:27:53,2026-09-16 00:39:24,1236,1038,True,4,0,0,10,0,True,,حالت کوانتومی,حالت کوانتومی چیست؟ توضیح سادهٔ پایهٔ کوانتوم,حالت کوانتومی کامل‌ترین توصیفی است که فیزیک از یک سامانهٔ کوانتومی دارد — نه مختصات کلاسیک. رابطهٔ آن با تابع موج، برهم‌نهی و اندازه‌گیری را ساده توضیح داده‌ایم.,0,False,red,بخش منابع بدون لینک قابل‌کلیک | تصویر شاخص بدون ALT
2227,publish,ناظر در کوانتوم چیست؟,observer,2026-09-03 20:31:16,2026-09-19 04:48:15,1457,1227,True,4,0,0,7,0,True,,ناظر در کوانتوم,ناظر در کوانتوم چیست؟ واقعیتِ «نگاه کردن»,در کوانتوم «ناظر» یک آدمِ آگاه نیست؛ اندازه‌گیری و برهم‌کنش فیزیکی است. نقش ناظر را در آزمایش دو شکاف، پارادوکس دوستان ویگنر و واهمدوسی ساده توضیح داده‌ایم.,0,False,red,بخش منابع بدون لینک قابل‌کلیک | تصویر شاخص بدون ALT
2228,publish,اصل مکملیت چیست؟,complementarity-principle,2026-09-03 20:31:16,2026-09-19 04:47:24,830,816,True,2,2,0,6,2,True,Alt Image: اصل مکملیت؛ نمایش رفتار دوگانه موجی و ذره‌ای یک سامانه کوانتومی و وابستگی نتیجه به نوع آزمایش.,اصل مکملیت,اصل مکملیت چیست؟ توضیح ساده | کوانتوم پدیا,اصل مکملیت در کوانتوم چیست؟ توضیحی روان و علمی دربارهٔ این ایده که نور و ماده گاهی به توصیف‌های متفاوت اما مکمل نیاز دارند.,0,False,yellow,۵۰۰ تا ۸۹۹ کلمه | کمتر از ۳ منبع لینک‌دار
2230,publish,نوترینو چیست؟,neutrino,2026-09-03 20:31:16,2026-09-18 02:21:49,560,556,True,1,1,0,5,1,True,اینفوگرافیک آموزشی «نوترینو چیست؟»,نوترینو,نوترینو چیست؟ ذرهٔ شبح‌مانندی که از بدن ما رد می‌شود | کوانتوم پدیا,نوترینو چیست و چرا به آن ذرهٔ شبح می‌گویند؟ توضیحی ساده دربارهٔ سه نوع نوترینو، نوسان نوترینو، جرم و نقش آن در فیزیک ذرات.,0,False,yellow,۵۰۰ تا ۸۹۹ کلمه | کمتر از ۳ منبع لینک‌دار
2231,publish,بوزون هیگز چیست؟,higgs-boson,2026-09-03 19:27:21,2026-09-18 02:42:42,577,572,True,1,1,0,5,1,True,اینفوگرافیک آموزشی «بوزون هیگز چیست؟»,بوزون هیگز,بوزون هیگز چیست؟ ذرهٔ خدا و راز جرم | کوانتوم پدیا,بوزون هیگز چیست و میدان هیگز چطور به ذرات جرم می‌دهد؟ توضیحی ساده دربارهٔ کشف ۲۰۱۲، لقب «ذرهٔ خدا» و نقش هیگز در مدل استاندارد.,0,False,yellow,۵۰۰ تا ۸۹۹ کلمه | کمتر از ۳ منبع لینک‌دار
2233,publish,مدل استاندارد چیست؟,standard-model,2026-09-03 20:31:16,2026-09-18 02:22:39,536,531,True,1,1,0,5,1,True,اینفوگرافیک آموزشی «مدل استاندارد چیست؟»,مدل استاندارد,مدل استاندارد چیست؟ نقشهٔ ماده و نیروها | کوانتوم پدیا,مدل استاندارد فیزیک ذرات چیست و چه چیزهایی را توصیف می‌کند؟ توضیحی ساده دربارهٔ کوارک‌ها، لپتون‌ها، نیروها و محدودیت‌های مدل استاندارد.,0,False,yellow,۵۰۰ تا ۸۹۹ کلمه | کمتر از ۳ منبع لینک‌دار
2247,publish,حافظهٔ فلش چطور کار می‌کند؟,flash-memory,2026-09-03 20:31:16,2026-09-03 20:31:16,519,514,True,1,1,0,6,1,True,اینفوگرافیک آموزشی «حافظهٔ فلش چطور کار می‌کند؟»,حافظهٔ فلش,حافظهٔ فلش چطور کار می‌کند؟ تونل‌زنی کوانتومی | کوانتوم پدیا,حافظهٔ فلش چیست و چرا بدون برق داده نگه می‌دارد؟ توضیح سادهٔ تونل‌زنی کوانتومی، دروازهٔ شناور و حافظهٔ غیرفرّار.,0,False,yellow,۵۰۰ تا ۸۹۹ کلمه | کمتر از ۳ منبع لینک‌دار
2248,publish,میکروسکوپ تونلی چیست؟,scanning-tunneling-microscope,2026-09-03 20:31:16,2026-09-18 02:21:16,478,472,True,1,1,0,6,1,True,اینفوگرافیک آموزشی «میکروسکوپ تونلی چیست؟»,میکروسکوپ تونلی,میکروسکوپ تونلی چیست؟ دیدن اتم‌ها با تونل‌زنی | کوانتوم پدیا,میکروسکوپ تونلی روبشی (STM) چگونه اتم‌ها را می‌بیند؟ توضیح سادهٔ تونل‌زنی کوانتومی و کاربردهایش به زبان ساده.,0,False,red,کمتر از ۵۰۰ کلمه | کمتر از ۳ منبع لینک‌دار
2249,publish,فیبر نوری چگونه کار می‌کند؟,fiber-optics,2026-09-03 20:31:16,2026-09-19 04:42:49,475,470,True,1,1,0,6,1,True,اینفوگرافیک آموزشی «فیبر نوری چگونه کار می‌کند؟»,فیبر نوری,فیبر نوری چگونه کار می‌کند؟ بازتاب کلی داخلی | کوانتوم پدیا,فیبر نوری چیست و نور چطور داخلش می‌ماند؟ توضیح بازتاب کلی داخلی و نقش فیبر در رمزنگاری و فرابرد کوانتومی.,0,False,red,کمتر از ۵۰۰ کلمه | کمتر از ۳ منبع لینک‌دار
2250,publish,برتری کوانتومی چیست؟,quantum-supremacy,2026-09-03 20:29:48,2026-09-03 20:29:48,595,578,True,2,2,0,6,2,True,اینفوگرافیک آموزشی «برتری کوانتمی چیست؟»,برتری کوانتومی,برتری کوانتومی چیست؟ آزمایش گوگل و مرز کلاسیک | کوانتوم پدیا,برتری کوانتومی یعنی چه و آزمایش سیکامور گوگل در ۲۰۱۹ چه نشان داد؟ توضیح سادهٔ برتری و مزیت کوانتومی به زبان ساده.,0,False,yellow,۵۰۰ تا ۸۹۹ کلمه | کمتر از ۳ منبع لینک‌دار
2251,publish,الگوریتم شور چیست؟,shor-algorithm,2026-09-03 20:29:57,2026-09-18 02:34:53,482,472,True,2,2,0,5,2,True,اینفوگرافیک آموزشی «الگوریتم شور چیست؟»,الگوریتم شور,الگوریتم شور چیست؟ شکستن رمز با تجزیهٔ کوانتومی | کوانتوم پدیا,الگوریتم شور چگونه اعداد بزرگ را تجزیه می‌کند و چرا رمزنگاری RSA را تهدید می‌کند؟ توضیح سادهٔ دوره‌یابی کوانتومی.,0,False,red,کمتر از ۵۰۰ کلمه | کمتر از ۳ منبع لینک‌دار
2252,publish,الگوریتم گروور چیست؟,grover-algorithm,2026-09-03 20:30:44,2026-09-18 02:17:46,457,443,True,2,2,0,5,2,True,اینفوگرافیک آموزشی «الگوریتم گروور چیست؟»,الگوریتم گروور,الگوریتم گروور چیست؟ جست‌وجوی کوانتومی √N | کوانتوم پدیا,الگوریتم گروور چگونه جست‌وجوی نامرتب را تسریع می‌کند و در رمزنگاری چه اثری دارد؟ توضیح سادهٔ تقویت دامنه و جست‌وجوی کوانتومی.,0,False,red,کمتر از ۵۰۰ کلمه | کمتر از ۳ منبع لینک‌دار
2253,publish,تصحیح خطای کوانتومی چیست؟,quantum-error-correction,2026-09-03 20:30:44,2026-09-18 02:36:31,446,436,True,2,2,0,6,2,True,اینفوگرافیک آموزشی «تصحیح خطای کوانتمی چیست؟»,تصحیح خطای کوانتومی,تصحیح خطای کوانتومی چیست؟ کیوبیت منطقی و سندرم | کوانتوم پدیا,تصحیح خطای کوانتومی چگونه بدون کپی و اندازه‌گیری، خطای کیوبیت‌ها را رفع می‌کند؟ توضیح سادهٔ کیوبیت منطقی، کد شور و سندرم.,0,False,red,کمتر از ۵۰۰ کلمه | کمتر از ۳ منبع لینک‌دار
2254,publish,چگالش بوز-اینشتین چیست؟,bose-einstein-condensate,2026-09-03 20:30:44,2026-09-03 20:30:44,515,508,True,1,1,0,6,1,True,اینفوگرافیک آموزشی «چگالش بوز-اینشتین چیست؟»,چگالش بوز-اینشتین,چگالش بوز-اینشتین چیست؟ سردترین حالت ماده | کوانتوم پدیا,چگالش بوز-اینشتین (BEC) چیست و چرا اینشتین آن را پیش‌بینی کرد؟ توضیح سادهٔ سردترین و عجیب‌ترین حالت ماده.,0,False,yellow,۵۰۰ تا ۸۹۹ کلمه | کمتر از ۳ منبع لینک‌دار
2255,publish,همجوشی ستارگان چگونه ممکن است؟,stellar-fusion,2026-09-03 20:30:44,2026-09-03 20:30:44,509,504,True,1,1,0,5,1,False,,همجوشی ستارگان,همجوشی ستارگان چگونه ممکن است؟ راز تونل‌زنی | کوانتوم پدیا,چرا خورشید می‌سوزد در حالی که داغِ کافی نیست؟ توضیح سادهٔ نقش تونل‌زنی کوانتومی در همجوشی ستارگان.,0,False,red,فاقد تصویر شاخص | ۵۰۰ تا ۸۹۹ کلمه | کمتر از ۳ منبع لینک‌دار
2256,publish,قضیهٔ عدم‌کپی چیست؟,no-cloning-theorem,2026-09-03 20:30:44,2026-09-03 20:30:44,442,436,True,1,1,0,6,1,True,یک کیوبیت با وضعیت |ψ>، ماشین کپی با علامت ممنوع و دو خروجی ناممکن؛ نمودار وضعیت‌های ناسازگار,قضیهٔ عدم‌کپی,قضیهٔ عدم‌کپی چیست؟ چرا نمی‌شود کیوبیت را کپی کرد | کوانتوم پدیا,قضیهٔ عدم‌کپی چیست و چرا کپی کردن حالت کوانتومی ناممکن است؟ توضیح سادهٔ نقش آن در رمزنگاری و تصحیح خطای کوانتومی.,0,False,red,کمتر از ۵۰۰ کلمه | کمتر از ۳ منبع لینک‌دار
2257,publish,گیت کوانتومی چیست؟,quantum-gate,2026-09-03 20:30:44,2026-09-18 02:42:14,419,414,True,1,1,0,7,1,True,اینفوگرافیک آموزشی «گیت کوانتمی چیست؟»,گیت کوانتومی,گیت کوانتومی چیست؟ دروازه‌های محاسبهٔ کوانتومی | کوانتوم پدیا,گیت کوانتومی چیست و چه فرقی با گیت کلاسیک دارد؟ توضیح سادهٔ گیت هادامارد، CNOT و نقش گیت‌ها در الگوریتم‌های کوانتومی.,0,False,red,کمتر از ۵۰۰ کلمه | کمتر از ۳ منبع لینک‌دار
2258,publish,شبیه‌سازی کوانتومی چیست؟,quantum-simulation,2026-09-03 20:30:44,2026-09-03 20:30:44,404,387,True,2,2,0,5,2,True,اینفوگرافیک آموزشی «شبیه‌سازی کوانتمی چیست؟»,شبیه‌سازی کوانتومی,شبیه‌سازی کوانتومی چیست؟ ایدهٔ فاینمن | کوانتوم پدیا,شبیه‌سازی کوانتومی چیست و چرا رایانهٔ کلاسیک از شبیه‌سازی مولکول‌ها عاجز است؟ توضیح سادهٔ ایدهٔ فاینمن و کاربردهایش.,0,False,red,کمتر از ۵۰۰ کلمه | کمتر از ۳ منبع لینک‌دار
2259,publish,تفسیر دوبروی-بوهم چیست؟,pilot-wave,2026-09-03 20:31:16,2026-09-18 02:37:44,470,463,True,1,1,0,6,1,True,اینفوگرافیک آموزشی «تفسیر دوبروی-بوهم چیست؟»,تفسیر دوبروی-بوهم,تفسیر دوبروی-بوهم چیست؟ موج راهنما | کوانتوم پدیا,تفسیر دوبروی-بوهم (موج راهنما) چیست و چه فرقی با تفسیر کپنهاگی دارد؟ توضیح سادهٔ مکانیک بوهمی و ناجایگزیدگی.,0,False,red,کمتر از ۵۰۰ کلمه | کمتر از ۳ منبع لینک‌دار
2260,publish,آیا جهش ژنتیکی کوانتومی است؟,genetic-mutation,2026-09-03 20:31:16,2026-09-19 04:40:07,474,456,True,1,1,0,5,1,True,آیا جهش ژنتیکی کوانتومی است,جهش ژنتیکی,آیا جهش ژنتیکی کوانتومی است؟ تونل‌زنی در DNA | کوانتوم پدیا,آیا جهش ژنتیکی می‌تواند کوانتومی باشد؟ توضیح سادهٔ تونل‌زنی پروتون در DNA و پژوهش ۲۰۲۲ دربارهٔ توتومری و جهش.,0,False,red,کمتر از ۵۰۰ کلمه | کمتر از ۳ منبع لینک‌دار
2234,publish,ذرات مجازی چیستند؟,virtual-particles,2026-09-03 20:33:07,2026-09-18 02:05:57,520,515,True,1,1,0,5,1,True,اینفوگرافیک آموزشی «ذرات مجازی چیستند؟»,ذرات مجازی,ذرات مجازی چیستند؟ پیک‌های نامرئی نیرو | کوانتوم پدیا,ذرات مجازی چیستند و چه فرقی با ذرات واقعی دارند؟ توضیحی ساده دربارهٔ فوتون مجازی، اصل عدم قطعیت، نوسانات خلأ و اثر کازیمیر.,0,False,yellow,۵۰۰ تا ۸۹۹ کلمه | کمتر از ۳ منبع لینک‌دار
2236,publish,کنفرانس سولوی ۱۹۲۷ چه بود؟,solvay-conference-1927,2026-09-03 20:32:34,2026-09-18 02:18:48,590,585,True,1,1,0,6,1,True,اینفوگرافیک آموزشی «کنفرانس سولوی ۱۹۲۷ چه بود؟»,کنفرانس سولوی ۱۹۲۷,کنفرانس سولوی ۱۹۲۷ چه بود؟ نقطه‌عطف کوانتوم | کوانتوم پدیا,کنفرانس سولوی ۱۹۲۷ چه بود و چرا نقطه‌عطف تاریخ کوانتوم شد؟ روایتی ساده از نشستی که بور و اینشتین در آن دربارهٔ تفسیر کوانتوم روبه‌رو شدند.,0,False,yellow,۵۰۰ تا ۸۹۹ کلمه | کمتر از ۳ منبع لینک‌دار
2237,publish,مقالهٔ EPR چیست؟,epr-paradox,2026-09-03 20:33:07,2026-09-03 20:33:07,627,614,True,1,1,0,6,1,True,پرترهٔ اینشتین، دو ذرهٔ درهم‌تیده با علامت مخالف و دو آشکارساز؛ متن پرسش ۱۹۳۵ دربارهٔ کامل بودن مکانیک کوانتوم,مقالهٔ EPR,مقالهٔ EPR چیست؟ اعتراض اینشتین به کوانتوم | کوانتوم پدیا,مقالهٔ EPR چیست و اینشتین، پودولسکی و روزن چه ادعایی داشتند؟ توضیحی ساده دربارهٔ کامل بودن توصیف کوانتومی، درهم‌تنیدگی و پاسخ بل.,0,False,yellow,۵۰۰ تا ۸۹۹ کلمه | کمتر از ۳ منبع لینک‌دار
2238,publish,آزمایش اشترن-گرلاخ چیست؟,stern-gerlach-experiment,2026-09-03 20:33:07,2026-09-18 02:19:16,554,548,True,1,1,0,6,1,True,اینفوگرافیک آموزشی «آزمایش اشترن-گرلاخ چیست؟»,آزمایش اشترن-گرلاخ,آزمایش اشترن-گرلاخ چیست؟ گسستگی اسپین | کوانتوم پدیا,آزمایش اشترن-گرلاخ چیست و چه چیزی را ثابت کرد؟ توضیحی ساده دربارهٔ عبور اتم‌های نقره از میدان مغناطیسی و کشف گسسته بودن جهت‌گیری اسپین.,0,False,yellow,۵۰۰ تا ۸۹۹ کلمه | کمتر از ۳ منبع لینک‌دار
2239,publish,آزمایش آسپه ۱۹۸۲ چه بود؟,aspect-experiment-1982,2026-09-03 20:32:34,2026-09-19 05:02:39,555,550,True,1,1,0,5,1,True,اینفوگرافیک آموزشی «آزمایش آسپه ۱۹۸۲ چه بود؟»,آزمایش آسپه,آزمایش آسپه ۱۹۸۲ چه بود؟ داوری نهایی کوانتوم | کوانتوم پدیا,آزمایش آسپه ۱۹۸۲ چه بود و چه نتیجه‌ای داشت؟ توضیحی ساده دربارهٔ آزمودن نامساوی بل با فوتون‌های درهم‌تنیده و نوبل فیزیک ۲۰۲۲.,0,False,yellow,۵۰۰ تا ۸۹۹ کلمه | کمتر از ۳ منبع لینک‌دار
2240,publish,همدوسی چیست؟,coherence,2026-09-04 17:09:24,2026-09-04 17:09:47,429,425,True,1,1,0,6,1,True,اینفوگرافیک آموزشی «همدوسی چیست؟»,همدوسی,همدوسی چیست؟ هماهنگی موج‌ها در کوانتوم | کوانتوم پدیا,همدوسی چیست و چه ربطی به لیزر و رایانهٔ کوانتومی دارد؟ توضیحی ساده دربارهٔ رابطهٔ فاز موج‌ها، تداخل و پدیدهٔ واهمدوسی.,0,False,red,کمتر از ۵۰۰ کلمه | کمتر از ۳ منبع لینک‌دار
2241,publish,صفر مطلق چیست؟,absolute-zero,2026-09-03 20:32:34,2026-09-18 01:10:58,436,431,True,1,1,0,5,1,True,اینفوگرافیک آموزشی «صفر مطلق چیست؟»,صفر مطلق,صفر مطلق چیست؟ سردترین دمای ممکن | کوانتوم پدیا,صفر مطلق چیست و چقدر سرد است؟ توضیحی ساده دربارهٔ دمای ۲۷۳/۱۵- درجه، انرژی نقطهٔ صفر و پدیده‌های ابررسانایی و ابرشارگی.,0,False,red,کمتر از ۵۰۰ کلمه | کمتر از ۳ منبع لینک‌دار
2242,publish,واپاشی آلفا چیست؟,alpha-decay,2026-09-03 20:32:34,2026-09-19 05:00:34,475,470,True,1,1,0,5,1,True,Alt Image: واپاشی آلفا؛ نمایش هسته مادر سنگین، خروج ذره آلفا شامل دو پروتون و دو نوترون و تشکیل هسته دختر پایدارتر.,واپاشی آلفا,واپاشی آلفا چیست؟ پرتاب ذره از هسته | کوانتوم پدیا,واپاشی آلفا چیست و ذرهٔ آلفا چگونه از هسته فرار می‌کند؟ توضیحی ساده دربارهٔ فروپاشی رادیواکتیو، تبدیل عنصرها و تونل‌زنی کوانتومی.,0,False,red,کمتر از ۵۰۰ کلمه | کمتر از ۳ منبع لینک‌دار
2243,publish,گسیل تحریکی چیست؟,stimulated-emission,2026-09-03 20:32:34,2026-09-19 04:58:21,480,475,True,1,1,0,5,1,True,Alt Image: گسیل تحریکی؛ نمایش اتم برانگیخته، گسیل فوتون گاما و واکنش پس‌زنی اتم در فرایند گسیل تحریک‌شده.,گسیل تحریکی,گسیل تحریکی چیست؟ اصل پشت لیزر | کوانتوم پدیا,گسیل تحریکی چیست و چه نقشی در ساخت لیزر دارد؟ توضیحی ساده دربارهٔ فوتون همفاز، وارونگی جمعیت و واکنش زنجیره‌ای نور همدوس.,0,False,red,کمتر از ۵۰۰ کلمه | کمتر از ۳ منبع لینک‌دار
2478,publish,اصل هولوگرافیک؛ آیا جهان ما یک هولوگرام است؟,holographic-principle,2026-09-05 22:39:44,2026-09-05 22:39:44,1189,1125,True,3,3,0,5,3,True,اینفوگرافیک آموزشی «اصل هولوگرافیک؛ آیا جهان ما یک هولوگرام است؟»,,,اصل هولوگرافیک چه می‌گوید؟ چرا اطلاعات یک حجم می‌تواند روی مرز آن کدگذاری شود، و ارتباطش با سیاه‌چاله و گرانش کوانتومی.,0,False,yellow,فاقد کلیدواژه کانونی
2479,publish,رمزنگاری پساکوانتومی؛ قفل های تازهٔ اینترنت,post-quantum-cryptography,2026-09-05 22:39:44,2026-09-05 22:39:44,1171,1112,True,3,3,1,5,3,True,مسیر قفل کلاسیک، رایانندۀ کوانتومی و قفل نو با شبکهٔ بیت‌ها؛ نمودار مقاومت در برابر حمله,,,رمزنگاری پساکوانتومی چیست؟ الگوریتم‌هایی که روی رایانهٔ معمولی اجرا می‌شوند اما در برابر کامپیوتر کوانتومی مقاوم‌اند.,0,False,yellow,فاقد کلیدواژه کانونی
2480,publish,شیمی کوانتومی چیست؟ چرا دستتان از دیوار رد نمی شود,quantum-chemistry,2026-09-05 22:39:44,2026-09-18 02:09:59,1210,1140,True,3,3,1,6,3,True,اینفوگرافیک آموزشی «شیمی کوانتمی چیست؟ چرا دستتان از دیوار رد نمی شود»,,,شیمی کوانتومی چیست؟ چرا پیوند شیمیایی بدون کوانتوم توضیح‌پذیر نیست، و شبیه‌سازی مولکول چه چالشی دارد.,0,False,yellow,فاقد کلیدواژه کانونی
2481,publish,چرا کوانتوم را در زندگی روزمره حس نمی کنیم؟,quantum-classical-boundary,2026-09-05 22:39:44,2026-09-05 22:39:44,1175,1102,True,3,3,0,11,3,True,اینفوگرافیک آموزشی «چرا کوانتوم را در زندگی روزمره حس نمی کنیم؟»,,,مرز کوانتوم و کلاسیک کجاست؟ چرا طول موج دوبروی و واهم‌دوسی باعث می‌شوند اجسام بزرگ رفتار کوانتومی نشان ندهند.,0,False,yellow,فاقد کلیدواژه کانونی
2482,publish,داروینیسم کوانتومی؛ چرا همه یک واقعیت می بینیم؟,quantum-darwinism,2026-09-05 22:39:44,2026-09-18 02:07:37,1192,1129,True,3,3,0,6,3,True,اینفوگرافیک آموزشی «داروینیسم کوانتمی؛ چرا همه یک واقعیت می بینیم؟»,,,داروینیسم کوانتومی چیست؟ چرا فقط بعضی حالت‌ها در محیط «تکثیر» می‌شوند و همین توضیح می‌دهد چرا واقعیت برای همه یکسان به نظر می‌رسد.,0,False,yellow,فاقد کلیدواژه کانونی
2483,publish,کوانتوم و ارادهٔ آزاد؛ آیا آینده از قبل نوشته شده؟,quantum-free-will,2026-09-05 22:39:44,2026-09-18 02:50:57,1238,1189,True,3,3,2,4,3,True,اینفوگرافیک آموزشی «کوانتوم و ارادهٔ آزاد؛ آیا آینده از قبل نوشته شده؟»,,,کوانتوم و ارادهٔ آزاد: چرا تصادفی بودن به‌تنهایی اختیار نمی‌سازد، و کجای این استدلال پرطرفدار می‌لنگد.,0,False,yellow,فاقد کلیدواژه کانونی
2484,publish,گرانش کوانتومی چیست؟ بزرگ ترین چالش فیزیک,quantum-gravity,2026-09-05 22:39:44,2026-09-18 02:33:35,1372,1302,True,3,3,0,6,3,True,اینفوگرافیک آموزشی «گرانش کوانتمی چیست؟ بزرگ ترین چالش فیزیک»,,,گرانش کوانتومی چیست و چرا هنوز حل نشده؟ ناسازگاری نسبیت عام با کوانتوم، و سه مسیر اصلی که فیزیک‌دان‌ها دنبال می‌کنند.,0,False,yellow,فاقد کلیدواژه کانونی
2485,publish,شفای کوانتومی؛ چرا این ادعا شبه علم است؟,quantum-healing-debunked,2026-09-05 22:39:44,2026-09-19 05:12:54,1207,1132,True,3,3,1,8,3,True,Alt Image: شفای کوانتومی؛ مقایسه ادعاهای درمانی مبتنی بر انرژی و فرکانس با شواهد علمی و نمایش تفاوت علم و شبه‌علم.,,,شفای کوانتومی چیست و چرا علمی نیست؟ بررسی ادعاها در برابر کاربردهای واقعی کوانتوم در پزشکی مثل ام‌آر‌آی و اسکن پت.,0,False,yellow,فاقد کلیدواژه کانونی
2486,publish,نظریهٔ ریسمان و کوانتوم؛ جهان از جنس نت است؟,string-theory-quantum,2026-09-05 22:39:44,2026-09-18 02:08:33,1166,1095,True,3,3,1,4,3,True,اینفوگرافیک آموزشی «نظریهٔ ریسمان و کوانتوم؛ جهان از جنس نت است؟»,,,نظریهٔ ریسمان چه می‌گوید و چرا هنوز اثبات نشده؟ ایدهٔ ابعاد اضافی، وعدهٔ یکپارچه‌سازی نیروها، و مشکل آزمون‌پذیری.,1,False,yellow,فاقد کلیدواژه کانونی
2487,publish,کریستال زمان چیست؟ ماده ای که در زمان تکرار می شود,time-crystal,2026-09-05 22:39:44,2026-09-19 05:18:20,1151,1095,True,3,3,0,4,3,True,کریستال زمان چیست؟,,,کریستال زمان چیست؟ ماده‌ای که الگویش را نه در مکان بلکه در زمان تکرار می‌کند — و چرا ماشین حرکت دائمی نیست.,0,False,yellow,فاقد کلیدواژه کانونی
2489,publish,نوبل فیزیک ۲۰۲۳؛ عکاسی از حرکت الکترون,attosecond-nobel-2023,2026-09-05 23:05:17,2026-09-05 23:05:17,981,924,True,3,3,1,3,3,True,اینفوگرافیک آموزشی «نوبل فیزیک ۲۰۲۳؛ عکاسی از حرکت الکترون»,,,نوبل فیزیک ۲۰۲۳ برای چه بود؟ ساختن پالس‌های آتوثانیه‌ای که سریع‌ترین شاتر تاریخ‌اند و از حرکت الکترون عکس می‌گیرند.,0,False,yellow,فاقد کلیدواژه کانونی
2490,publish,پردازندهٔ IBM Condor؛ چرا هزار کیوبیت کافی نیست,ibm-condor-processor,2026-09-05 23:05:17,2026-09-05 23:05:17,996,935,True,3,3,1,4,3,True,اینفوگرافیک آموزشی «پردازندهٔ IBM Condor؛ چرا هزار کیوبیت کافی نیست»,,,پردازندهٔ کاندور آی‌بی‌ام و رقابت شمار کیوبیت‌ها: چرا عدد کیوبیت به‌تنهایی معیار خوبی نیست و کیفیت چه اهمیتی دارد.,0,False,yellow,فاقد کلیدواژه کانونی
2491,publish,پادماده در پزشکی؛ اسکن پت چطور کار می کند؟,pet-scan-antimatter,2026-09-05 23:05:17,2026-09-18 02:07:08,1058,995,True,3,3,0,6,3,True,کریستال زمان چیست؟,,,اسکن پت چطور از پادماده استفاده می‌کند؟ تولید پوزیترون در بدن، نابودی با الکترون، و تصویری که هیچ روش دیگری نمی‌سازد.,0,False,yellow,فاقد کلیدواژه کانونی
2492,publish,باتری کوانتومی؛ چرا بزرگ تر یعنی سریع تر؟,quantum-battery,2026-09-05 23:05:17,2026-09-18 02:05:02,1145,1084,True,3,3,0,5,3,True,اینفوگرافیک آموزشی «باتری کوانتمی؛ چرا بزرگ تر یعنی سریع تر؟»,,,باتری کوانتومی چیست و چرا بزرگ‌تر یعنی سریع‌تر؟ ایدهٔ شارژ جمعی با درهم‌تنیدگی، و فاصلهٔ نظریه تا کاربرد واقعی.,0,False,yellow,فاقد کلیدواژه کانونی
2493,publish,افت وخیز کوانتومی؛ چطور کهکشان ها متولد شدند؟,quantum-fluctuations-cosmos,2026-09-05 23:05:17,2026-09-05 23:05:17,1040,971,True,3,3,0,4,3,True,اینفوگرافیک آموزشی «فیبر نوری چگونه کار می‌کند؟»,,,افت‌وخیزهای کوانتومی چطور کهکشان‌ها را ساختند؟ از نوسانات ریز در کسری از ثانیهٔ نخست جهان تا شبکهٔ عظیم کهکشانی امروز.,0,False,yellow,فاقد کلیدواژه کانونی
2494,publish,اینترنت کوانتومی فضایی؛ ماجرای ماهوارهٔ میسیوس,quantum-internet-satellite,2026-09-05 23:05:17,2026-09-18 02:32:00,1123,1064,True,3,3,0,5,3,True,اینفوگرافیک آموزشی «اینترنت کوانتمی فضایی؛ ماجرای ماهوارهٔ میسیوس»,,,اینترنت کوانتومی و ماهوارهٔ میسیوس: توزیع کلید کوانتومی از فضا، رکورد ۱۲۰۰ کیلومتر، و موانع باقی‌مانده.,0,False,yellow,فاقد کلیدواژه کانونی
2495,publish,یادگیری ماشین کوانتومی؛ وعده ها و واقعیت ها,quantum-machine-learning,2026-09-05 23:05:17,2026-09-18 02:33:02,1059,1002,True,3,3,0,3,3,True,اینفوگرافیک آموزشی «یادگیری ماشین کوانتمی؛ وعده ها و واقعیت ها»,,,یادگیری ماشین کوانتومی چه وعده‌ای می‌دهد و واقعیت کجاست؟ جدا کردن نتایج نظری از آنچه امروز واقعاً اجرا شدنی است.,0,False,yellow,فاقد کلیدواژه کانونی
2496,publish,رادار کوانتومی؛ آیا جنگندهٔ رادارگریز را می بیند؟,quantum-radar,2026-09-05 23:05:17,2026-09-05 23:05:17,1137,1078,True,3,3,0,4,3,True,اینفوگرافیک آموزشی «رادار کوانتمی؛ آیا جنگندهٔ رادارگریز را می بیند؟»,,,رادار کوانتومی چیست و آیا جنگندهٔ رادارگریز را می‌بیند؟ ایدهٔ فوتون‌های درهم‌تنیده و فاصلهٔ ادعاها با واقعیت آزمایشگاه.,0,False,yellow,فاقد کلیدواژه کانونی
2497,publish,مایع اسپینی کوانتومی؛ ماده ای که هرگز آرام نمی گیرد,quantum-spin-liquid,2026-09-05 23:05:17,2026-09-19 05:27:34,1050,986,True,3,3,0,4,3,True,مایع اسپینی کوانتومی,,,مایع اسپینی کوانتومی چیست؟ ماده‌ای که حتی در صفر مطلق آرام نمی‌گیرد، و چرا گزینه‌ای جدی برای حافظهٔ کوانتومی مقاوم است.,0,False,yellow,فاقد کلیدواژه کانونی
2498,publish,ترمودینامیک کوانتومی؛ موتوری به اندازهٔ یک اتم,quantum-thermodynamics,2026-09-05 23:05:17,2026-09-05 23:05:17,1081,1023,True,3,3,0,4,3,True,اینفوگرافیک آموزشی «ترمودینامیک کوانتمی؛ موتوری به اندازهٔ یک اتم»,,,ترمودینامیک کوانتومی چیست؟ معنای گرما و کار در مقیاس تک‌ذره، و اینکه آیا قانون دوم در دنیای کوانتومی هم برقرار است.,0,False,yellow,فاقد کلیدواژه کانونی
2500,publish,پارادوکس اطلاعات سیاه چاله؛ معمای هاوکینگ,black-hole-information-paradox,2026-09-05 23:25:55,2026-09-05 23:25:55,1171,1067,True,5,5,0,4,5,True,اینفوگرافیک آموزشی «پارادوکس اطلاعات سیاه چاله؛ معمای هاوکینگ»,,,پارادوکس اطلاعات سیاه‌چاله چیست؟ تابش هاوکینگ، تضاد با اصل بقای اطلاعات، و راه‌حل‌هایی که هنوز محل اختلاف‌اند.,0,False,yellow,فاقد کلیدواژه کانونی
2501,publish,چرا تله پورت انسان از نظر علمی غیرممکن است؟,human-teleportation,2026-09-05 23:25:55,2026-09-05 23:25:55,1069,1006,True,3,3,0,9,3,True,اینفوگرافیک آموزشی «چرا تله پورت انسان از نظر علمی غیرممکن است؟»,,,آیا تله‌پورت انسان ممکن است؟ تفاوت تله‌پورت کوانتومی با نسخهٔ علمی-تخیلی، قضیهٔ عدم شبیه‌سازی، و موانع واقعی.,0,False,yellow,فاقد کلیدواژه کانونی
2502,publish,ده دیدگاه فیزیکدانان بزرگ دربارهٔ عجایب کوانتوم,physicists-on-quantum-weirdness,2026-09-05 23:25:55,2026-09-05 23:25:55,1253,1115,True,6,6,0,11,6,True,اینفوگرافیک آموزشی «ده دیدگاه فیزیکدانان بزرگ دربارهٔ عجایب کوانتوم»,,,ده فیزیک‌دان بزرگ دربارهٔ عجیب بودن کوانتوم چه گفتند؟ از بور و فاینمن تا مرمین — و اینکه هر جمله دقیقاً یعنی چه.,0,False,yellow,فاقد کلیدواژه کانونی
2503,publish,بهترین مستندهای فیزیک کوانتوم که باید ببینید,quantum-documentaries,2026-09-05 23:25:55,2026-09-05 23:25:55,986,942,True,3,3,0,11,3,True,,,,کدام مستندهای کوانتومی ارزش دیدن دارند؟ معرفی نمونه‌های معتبر و هشدار دربارهٔ آن‌هایی که علم را با شبه‌علم مخلوط می‌کنند.,0,False,yellow,تصویر شاخص بدون ALT | فاقد کلیدواژه کانونی
2504,publish,فیزیک کوانتوم در فیلم مرد مورچه ای؛ واقعیت یا تخیل؟,quantum-physics-in-movies-ant-man,2026-09-05 23:25:55,2026-09-05 23:25:55,1360,1259,True,4,4,0,6,4,True,,,,فیزیک کوانتوم در فیلم مرد مورچه‌ای: کجای «قلمرو کوانتومی» به علم واقعی وصل است و از کجا به بعد فقط ابزار داستان است.,0,False,yellow,تصویر شاخص بدون ALT | فاقد کلیدواژه کانونی
2505,publish,آیا سفر در زمان با فیزیک کوانتوم ممکن است؟,quantum-time-travel,2026-09-05 23:25:55,2026-09-05 23:25:55,1277,1166,True,4,4,0,4,4,True,ساعت، حلقۀ زمانی و تونل میان «حال» و «آینده» با نمادهای کوانتومی در میانه,,,سفر در زمان با کوانتوم؛ ادعاها در برابر واقعیت. بررسی علیت معکوس، پارادوکس‌ها و آنچه فیزیک امروز واقعاً می‌گوید.,0,False,yellow,فاقد کلیدواژه کانونی
2512,publish,قانون جذب و کوانتوم؛ کجای این استدلال می لنگد؟,law-of-attraction-quantum,2026-09-06 00:53:19,2026-09-18 02:01:38,1452,1350,True,5,5,0,9,5,True,اینفوگرافیک آموزشی «قانون جذب و کوانتوم؛ کجای این استدلال می لنگد؟»,,,قانون جذب و کوانتوم: کجای این استدلال می‌لنگد؟ چرا ربط دادن آرزو به فروپاشی تابع موج هیچ پایهٔ فیزیکی ندارد.,0,False,yellow,فاقد کلیدواژه کانونی
2513,publish,نوبل فیزیک ۲۰۲۵؛ وقتی یک مدار مثل اتم رفتار کرد,nobel-physics-2025,2026-09-06 00:53:19,2026-09-06 00:53:19,1376,1238,True,5,5,0,11,5,True,مدار ابررسانا، اتم با ترازهای انرژی و نمودار گذار؛ نماد چیدمان کوانتومی در مقیاس ماکرو,,,نوبل فیزیک ۲۰۲۵ به چه کسانی رسید و چرا؟ اثبات رفتار کوانتومی در یک مدار الکتریکی قابل لمس، و پیامدهایش برای رایانش.,0,False,yellow,فاقد کلیدواژه کانونی
2514,publish,روز کیو چیست و واقعاً کِی می رسد؟,q-day,2026-09-06 00:53:19,2026-09-18 02:18:17,1537,1413,True,5,5,0,8,5,True,اینفوگرافیک آموزشی «روز کیو چیست و واقعاً کِی می رسد؟»,,,روز کیو چیست و چقدر با آن فاصله داریم؟ چرا باید همین حالا نگران بود، و چه چیزهایی در آن روز آسیب نمی‌بینند.,0,False,yellow,فاقد کلیدواژه کانونی
2515,publish,نقطهٔ کوانتومی؛ کوانتومی که در تلویزیون شماست,quantum-dots-displays,2026-09-06 00:53:19,2026-09-06 00:53:19,1355,1244,True,5,5,0,6,5,True,آرایۀ نقطه‌های کوانتومی، نور پس‌زمینه و فیلتر سه‌رنگ در کنار تصویر رنگی تلویزیون,,,نقطهٔ کوانتومی چیست و چرا رنگ تلویزیون شما را بهتر می‌کند؟ رابطهٔ اندازهٔ ذره با رنگ نور، و کاربردش در نمایشگرها.,0,False,yellow,فاقد کلیدواژه کانونی
2516,publish,تراشهٔ ویلو؛ گوگل واقعاً چه چیزی را ثابت کرد؟,willow-chip,2026-09-06 00:53:19,2026-09-18 02:04:04,1266,1138,True,5,5,0,8,5,True,اینفوگرافیک آموزشی «تراشهٔ ویلو؛ گوگل واقعاً چه چیزی را ثابت کرد؟»,,,تراشهٔ ویلو گوگل چه دستاوردی داشت؟ چرا کاهش نرخ خطا با بزرگ‌تر شدن کد تصحیح، مهم‌ترین بخش این خبر بود.,0,False,yellow,فاقد کلیدواژه کانونی
2520,publish,الان جمع کن، بعداً رمزگشایی کن؛ تهدیدی که فعال است,harvest-now-decrypt-later,2026-09-06 01:32:27,2026-09-06 01:32:27,1394,1272,True,5,5,0,6,5,True,هکر در حال دانلود داده، ذخیره‌رمز، رایانندۀ کوانتومی و فایل بازشده؛ نمودار زمان‌بندی حمله,,,«الان جمع کن، بعداً رمزگشایی کن»: تهدیدی که همین امروز فعال است، و چرا داده‌های بلندمدت بیشتر در معرض‌اند.,1,False,yellow,فاقد کلیدواژه کانونی
2521,publish,آیا کامپیوتر کوانتومی بیت کوین را نابود می کند؟,bitcoin-quantum-threat,2026-09-06 01:32:27,2026-09-06 01:32:27,1341,1218,True,5,5,0,6,5,True,سکهٔ بیت‌کوین، دستگاه رقیق‌سازی کوانتومی و سکهٔ شکسته؛ میان‌بُرهای امنیتی و امضای دیجیتال,,,آیا کامپیوتر کوانتومی بیت‌کوین را نابود می‌کند؟ کدام بخش واقعاً آسیب‌پذیر است، و چرا تیترهای رایج ناقص‌اند.,2,False,yellow,فاقد کلیدواژه کانونی
2522,publish,پاک کن کوانتومی؛ آیا آینده بر گذشته اثر می گذارد؟,quantum-eraser,2026-09-06 01:32:27,2026-09-18 02:00:14,1361,1243,True,5,5,0,7,5,True,اینفوگرافیک آموزشی «پاک کن کوانتمی؛ آیا آینده بر گذشته اثر می گذارد؟»,,,پاک‌کن کوانتومی چیست و آیا آینده بر گذشته اثر می‌گذارد؟ چرا این آزمایش بیش از هر آزمایشی بد فهمیده شده است.,0,False,yellow,فاقد کلیدواژه کانونی
2523,publish,پایان قانون مور؛ چرا ترانزیستورها به دیوار خوردند؟,moore-law-quantum-limit,2026-09-06 01:32:27,2026-09-06 01:32:27,1335,1227,True,5,5,0,6,5,True,ردیف تراشه‌ها از دههٔ ۱۹۷ تا ۲۰۰ و تابلوی STOP پیش از ستون راه‌حل‌های کوانتومی؛ نمودار محدودیت فیزیکی اندازه,,,چرا قانون مور به دیوار خورد؟ وقتی ترانزیستور آن‌قدر کوچک می‌شود که الکترون‌ها با تونل‌زنی از آن نشت می‌کنند.,1,False,yellow,فاقد کلیدواژه کانونی
2524,publish,صد سالگی کوانتوم؛ از جزیرهٔ هلگولاند تا امروز,quantum-century-2025,2026-09-06 01:32:27,2026-09-18 02:00:56,1322,1208,True,6,6,0,25,6,True,اینفوگرافیک آموزشی «صد سالگی کوانتوم؛ از جزیرهٔ هلگولاند تا امروز»,,,صد سالگی مکانیک کوانتومی: از جزیرهٔ هلگولاند و تابستان ۱۹۲۵ تا فناوری‌هایی که امروز بر پایهٔ آن کار می‌کنند.,0,False,yellow,فاقد کلیدواژه کانونی
2527,publish,عدد تصادفی کوانتومی؛ تنها تصادف واقعی جهان,quantum-random-number-generator,2026-09-06 02:34:03,2026-09-18 01:59:25,1103,994,True,5,5,0,6,5,True,اینفوگرافیک آموزشی «عدد تصادفی کوانتمی؛ تنها تصادف واقعی جهان»,,,مولد اعداد تصادفی کوانتومی چطور کار می‌کند؟ فرق تصادف واقعی با شبه‌تصادف رایانه‌ای و کاربردش در رمزنگاری.,0,False,yellow,فاقد کلیدواژه کانونی
2528,publish,ابررسانای دمای اتاق؛ درس LK-99 دربارهٔ هیجان علمی,room-temperature-superconductor,2026-09-06 02:34:03,2026-09-06 02:34:03,1041,922,True,5,5,0,3,5,True,سه نمونه: رسانای معمولی، نمونۀ ادعایی LK-99 و ابررسانا در برابر دماسنج ۲۵ درجه؛ نمودار مقاومت صفر,,,ابررسانای دمای اتاق؛ چرا هر بار خبرش می‌آید و پس گرفته می‌شود؟ ماجرای ادعاهای اخیر و اینکه چرا اثباتش این‌قدر سخت است.,1,False,yellow,فاقد کلیدواژه کانونی
2529,publish,انرژی نقطهٔ صفر و افسانهٔ انرژی رایگان,zero-point-energy-scam,2026-09-06 02:34:03,2026-09-06 02:34:03,1286,1181,True,5,5,0,7,5,True,نوسانگر کوانتومی در پایین‌ترین تراز، دستگاه «انرژی رایگان» با علامت ممنوع و نمودار قوانین فیزیک,,,انرژی نقطهٔ صفر واقعی است اما رایگان نیست. چرا ادعای استخراج انرژی بی‌پایان از خلأ با ترمودینامیک جور درنمی‌آید.,0,False,yellow,فاقد کلیدواژه کانونی
2530,publish,حباب هیجان کوانتومی؛ چقدرش واقعی است؟,quantum-hype-bubble,2026-09-06 02:34:03,2026-09-06 02:34:03,1263,1168,True,5,5,0,14,5,True,بلندگوی تبلیغاتی با کاغذدوار، گوی بلورین کوانتوم و آزمایش نوری با نتیجهٔ تأییدشده,,,حباب تبلیغاتی کوانتوم: چطور خبرهای اغراق‌شده را از پیشرفت واقعی تشخیص دهیم و کدام ادعاها معمولاً بزرگ‌نمایی‌اند.,0,False,yellow,فاقد کلیدواژه کانونی
2531,publish,آنیلینگ کوانتومی؛ چرا هزار کیوبیت یعنی هزار کیوبیت نیست,quantum-annealing-dwave,2026-09-06 02:34:03,2026-09-06 02:34:03,1223,1102,True,6,6,0,13,6,True,آرایۀ ۱۰۰۰ کیوبیت، منحنی آنیلینگ و نمودار بهترین پاسخ در برابر محاسبۀ کلاسیک,,,بازپخت کوانتومی و ماشین‌های دی-ویو چه می‌کنند؟ تفاوتشان با کامپیوتر کوانتومی همه‌منظوره و اینکه در چه مسائلی مفیدند.,0,False,yellow,فاقد کلیدواژه کانونی
2533,publish,پیوند جوزفسون؛ قلب تپندهٔ کامپیوتر کوانتومی,josephson-junction,2026-09-06 02:45:33,2026-09-06 02:45:33,1155,1025,True,5,5,0,13,5,True,حلقۀ ابررسانا با لایۀ عایق نازک، جریان ابررسانا در دو سو و کیوبیت ترنس‌مون با ترازهای صفر و یک,,,پیوند جوزفسون چیست و چرا قلب کامپیوتر کوانتومی است؟ دو ابررسانا، یک لایهٔ عایق نازک، و اتمی مصنوعی که از آن ساخته می‌شود.,0,False,yellow,فاقد کلیدواژه کانونی
2534,publish,ناوبری کوانتومی؛ مسیریابی بدون ماهواره,quantum-navigation,2026-09-06 02:45:33,2026-09-18 02:09:09,1049,949,True,5,4,0,7,4,True,اینفوگرافیک آموزشی «ناوبری کوانتمی؛ مسیریابی بدون ماهواره»,,,ناوبری کوانتومی چیست؟ مسیریابی دقیق بدون سیگنال ماهواره با شتاب‌سنج‌ها و ژیروسکوپ‌های اتمی.,0,False,yellow,فاقد کلیدواژه کانونی
2535,publish,پارادوکس دوست ویگنر؛ آیا واقعیت برای همه یکی است؟,wigner-friend,2026-09-06 02:45:33,2026-09-18 02:02:31,1170,1065,True,5,5,0,11,5,True,اینفوگرافیک آموزشی «پارادوکس دوست ویگنر؛ آیا واقعیت برای همه یکی است؟»,,,پارادوکس دوست ویگنر چیست؟ آزمایشی فکری که می‌پرسد آیا واقعیت می‌تواند برای دو ناظر متفاوت باشد.,0,False,yellow,فاقد کلیدواژه کانونی
2536,publish,جاودانگی کوانتومی؛ کجای این استدلال می لنگد؟,quantum-immortality,2026-09-06 02:45:33,2026-09-06 02:45:33,1142,1029,True,5,5,0,8,5,True,اینفوگرافیک آموزشی «جاودانگی کوانتمی؛ کجای این استدلال می لنگد؟»,,,جاودانگی کوانتومی چیست و چرا استدلالش نادرست است؟ فرض‌های پنهانی که این ایدهٔ اینترنتی روی آن‌ها بنا شده.,0,False,yellow,فاقد کلیدواژه کانونی
2537,publish,آیا جهان یک شبیه سازی است؟ نقد سه استدلال کوانتومی,simulation-hypothesis-quantum,2026-09-06 02:45:33,2026-09-18 02:51:43,1151,1048,True,5,5,0,7,5,True,شبیه سازی کوانتومی,,,آیا جهان یک شبیه‌سازی است؟ نقد سه استدلال کوانتومی رایج: کوانتیده بودن انرژی، نقش مشاهده، و محدودیت سرعت نور.,0,False,yellow,فاقد کلیدواژه کانونی
2741,publish,گلوئون و بوزون W و Z؛ چسب هسته و واپاشی,gluon-w-z-bosons,2026-09-09 16:00:31,2026-09-09 16:00:31,1237,1143,True,4,4,1,8,4,True,سه کوارک رنگی با حلقه‌های گلوئون در پروتون و نمودار واپاشی بتا با بوزون سنگین Z,,,,0,False,red,فاقد توضیحات متا | فاقد کلیدواژه کانونی
2742,publish,میون و تاو؛ پسرعموهای سنگین الکترون,muon-and-tau,2026-09-10 07:28:40,2026-09-10 07:28:40,1012,922,True,4,4,2,5,4,True,سه نسل با نمادهای e، μ و τ و ستون جرم نسبی؛ بار منفی یکسان و عمرهای متفاوت,,,,0,False,red,فاقد توضیحات متا | فاقد کلیدواژه کانونی
2745,publish,حافظه بلندمدت مغز کوانتومی است؟,quantum-long-term-memory,2026-09-09 09:53:07,2026-09-09 09:53:07,1130,1060,True,3,3,1,5,3,True,مغز در دو حالت کلاسیک و کوانتومی با نمادهای بیت و کیوبیت و فلش میان سیناپس‌ها,,,,0,False,red,فاقد توضیحات متا | فاقد کلیدواژه کانونی
2751,publish,کامپیوتر توپولوژیک؛ گره ای که خطا را نمی بیند,topological-quantum-computing,2026-09-09 18:02:10,2026-09-09 18:02:10,1030,955,True,3,3,0,8,3,True,اینفوگرافیک آموزشی «کامپیوتر توپولوژیک؛ گره ای که خطا را نمی بیند»,,,,0,False,red,فاقد توضیحات متا | فاقد کلیدواژه کانونی
2760,publish,تله پورت پیوسته؛ موج نور نه فقط کیوبیت,continuous-variable-teleportation,2026-09-09 18:03:03,2026-09-19 04:36:20,891,826,True,3,3,0,7,3,True,تله‌پورت پیوسته؛ نمایش انتقال حالت کوانتومی موج نور از فرستنده به گیرنده با اندازه‌گیری، کانال کلاسیک و بازسازی موج.,,,,0,False,red,فاقد توضیحات متا | ۵۰۰ تا ۸۹۹ کلمه | فاقد کلیدواژه کانونی
2743,publish,پروتون از چه ساخته شده؟ کوارک کافی نیست,proton-neutron-quark-structure,2026-09-10 16:19:07,2026-09-10 16:19:07,1013,929,True,4,4,1,6,4,True,جمع سه کوارک بالا-بالا-پایین، ابر گلوئون‌ها و ذرات مجازی درون پروتون؛ نمودار بار الکتریکی اجزا,,,,0,False,red,فاقد توضیحات متا | فاقد کلیدواژه کانونی
2744,publish,تونل زنی در میتوکندری؛ الکترون یا پروتون؟,mitochondria-proton-tunneling,2026-09-14 20:00:35,2026-09-18 02:26:29,1378,1262,True,5,5,1,5,5,True,اینفوگرافیک آموزشی «تونل زنی در میتوکندری؛ الکترون یا پروتون؟»,,,,0,False,red,فاقد توضیحات متا | فاقد کلیدواژه کانونی
2746,publish,آنزیم های ترمیم DNA؛ جهش آخر خط نیست,dna-repair-enzymes,2026-09-14 20:00:35,2026-09-14 20:00:35,1255,1171,True,4,4,1,4,4,True,دوبلکس مارپیچ با شکست، آنزیم DNA Repair در حال اصلاح و دوبلکس سالم با تیک سبز,,,,0,False,red,فاقد توضیحات متا | فاقد کلیدواژه کانونی
2747,publish,نوبل فیزیک ۲۰۱۲؛ یک ذره را گرفتند و نکشتند,nobel-physics-2012,2026-09-14 20:00:35,2026-09-14 20:00:35,993,925,True,3,3,1,7,3,True,تلهٔ یون با پرتو لیزر، نماد هیدروژن و نمودار طیفی؛ مدال نوبل در کنار چیدمان آزمایش,,,,0,False,red,فاقد توضیحات متا | فاقد کلیدواژه کانونی
2748,publish,نوبل فیزیک ۲۰۲۲؛ درهم تنیدگی دیگر فلسفه نیست,nobel-physics-2022,2026-09-14 20:00:35,2026-09-14 20:00:35,959,845,True,5,5,1,11,5,True,دو آشکارساز با نتیجه‌های صفر و یک و دو کیوبیت درهم‌تیده در میانه؛ نمودار نقض نامساوی بل,,,,0,False,red,فاقد توضیحات متا | فاقد کلیدواژه کانونی
2749,publish,آزمایش بل بدون حفره ۲۰۱۵ چه بود؟,loophole-free-bell-test,2026-09-14 20:00:35,2026-09-14 20:00:35,951,877,True,3,3,0,6,3,True,دو آشکارساز و جفت فوتون‌های همبسته با نتایج صفر و یک؛ نمودار بستن حفرۀ آزادی انتخاب و محلی بودن,,,,0,False,red,فاقد توضیحات متا | فاقد کلیدواژه کانونی
2750,publish,انتخاب تأخیری ویلر؛ فوتون از قبل تصمیم نگرفته,wheeler-delayed-choice,2026-09-14 20:00:35,2026-09-18 02:25:53,984,907,True,3,3,0,7,3,True,اینفوگرافیک آموزشی «انتخاب تأخیری ویلر؛ فوتون از قبل تصمیم نگرفته»,,,,0,False,red,فاقد توضیحات متا | فاقد کلیدواژه کانونی
2752,publish,سه جور کیوبیت؛ ابررسانا، یون و فوتون,qubit-types-compared,2026-09-14 20:00:35,2026-09-14 20:00:35,913,835,True,3,3,0,14,3,True,حلقۀ ابررسانا، یون در تله و فوتون در مسیر نوری؛ سه ستون مقایسۀ پلتفرم‌ها,,,,0,False,red,فاقد توضیحات متا | فاقد کلیدواژه کانونی
2753,publish,ریپیتر کوانتومی؛ چاپارخانهٔ درهم تنیدگی,quantum-repeater,2026-09-14 20:00:35,2026-09-19 04:27:54,914,823,True,3,3,0,7,3,True,ریپیتر کوانتومی؛ نمایش انتقال درهم‌تنیدگی کوانتومی بین مبدأ و مقصد با استفاده از جفت‌های درهم‌تنیده.,,,,0,False,red,فاقد توضیحات متا | فاقد کلیدواژه کانونی
2754,publish,پروتکل BB84؛ قفل با فوتون نه با عدد سخت,bb84-protocol,2026-09-14 20:00:35,2026-09-14 20:00:35,946,877,True,3,3,0,8,3,True,آلیس و باب با پایانه‌ها، فوتون‌ها با قطبش‌های تصادفی و کانال شنود؛ نمودار کلید نهایی,,,,0,False,red,فاقد توضیحات متا | فاقد کلیدواژه کانونی
2755,publish,محاسبه با اندازه گیری؛ کامپیوتر یک طرفه,measurement-based-quantum-computing,2026-09-14 20:00:35,2026-09-14 20:00:35,902,843,True,3,3,0,7,3,True,گراف حالت درهم‌تیده، ردیف دروازه‌ها و اندازه‌گیری‌های متوالی که خروجی کلاسیک می‌سازد,,,,0,False,red,فاقد توضیحات متا | فاقد کلیدواژه کانونی
2756,publish,الگوریتم HHL؛ حل معادله با قید ریز چاپ,hhl-algorithm,2026-09-14 20:00:35,2026-09-14 20:00:35,905,834,True,3,3,0,7,3,True,فلش Ax=b در سه گام: تحلیل مقدار ویژه، چرخش کنترل‌شده و اندازه‌گیری؛ بردار پاسخ در انتها,,,,0,False,red,فاقد توضیحات متا | فاقد کلیدواژه کانونی
2757,publish,اثر آهارونوف-بوهم؛ فاز بدون میدان محلی,aharonov-bohm-effect,2026-09-14 20:00:35,2026-09-14 20:00:35,917,834,True,3,3,0,6,3,True,منبع ذرات، سلونوئید میدان مغناطیسی درون حلقه، الگوی تداخل روشن و تاریک روی صفحه,,,,0,False,red,فاقد توضیحات متا | فاقد کلیدواژه کانونی
2758,publish,شکاف لمب؛ دو تراز که نباید جدا می شدند,lamb-shift,2026-09-14 20:00:35,2026-09-14 20:00:35,899,837,True,3,3,1,10,3,True,دو تراز انرژی با اختلاف کوچک ΔE، فوتون گسیلی و نمودار جابه‌جایی خط طیفی هیدروژن,,,,0,False,red,فاقد توضیحات متا | ۵۰۰ تا ۸۹۹ کلمه | فاقد کلیدواژه کانونی
2759,publish,ابررسانایی توپولوژیک؛ زوج با گره در لبه,topological-superconductivity,2026-09-14 20:00:35,2026-09-18 02:28:45,893,806,True,3,3,0,6,3,True,نوار توپولوژیک با زوج‌های مایورانا در دو لبه، حلقۀ جریان و نماد گرهٔ فاز,,,,0,False,red,فاقد توضیحات متا | ۵۰۰ تا ۸۹۹ کلمه | فاقد کلیدواژه کانونی
2761,publish,تفسیر تراکنشی,transactional-interpretation,2026-09-14 20:00:35,2026-09-18 02:29:46,1217,1217,False,0,0,0,0,3,True,فرستنده و گیرنده با دو موج رو به جلو و رو به عقب در میانهٔ رویداد کوانتومی,,,,4,False,red,فاقد بخش منابع | فاقد توضیحات متا | فاقد کلیدواژه کانونی | کمتر از ۳ لینک داخلی
2762,publish,کیوبیسم؛ احتمال مال شماست نه مال جهان,qbism,2026-09-14 20:00:35,2026-09-14 20:00:35,886,809,True,3,3,0,10,3,True,ناظر با حباب فکر، کرۀ بلوکی نماد وضعیت کوانتومی و جهان بیرون؛ نمودار باور شخصی,,,,0,False,red,فاقد توضیحات متا | ۵۰۰ تا ۸۹۹ کلمه | فاقد کلیدواژه کانونی
2763,publish,فروپاشی عینی؛ گربه بدون ناظر می میرد,objective-collapse,2026-09-14 20:00:35,2026-09-14 20:00:35,907,828,True,3,3,0,10,3,True,جعبهٔ گربۀ شرودینگر، نماد بدون ناظر و موجی که خودش فرو می‌پاشد؛ دو حالت زنده و مرده,,,,0,False,red,فاقد توضیحات متا | فاقد کلیدواژه کانونی
2764,publish,کریستال درمانی؛ سنگ شفا نمی دهد,crystal-healing-debunked,2026-09-14 20:00:35,2026-09-14 20:00:35,1077,959,True,5,5,1,7,5,True,اینفوگرافیک مقایسهٔ «امید و انتظار» و «واقعیت بدون شاهد علمی» با سنگ کوارتز در میانه و علامت ممنوع روی عبارت بدون اثر درمانی,,,,0,False,red,فاقد توضیحات متا | فاقد کلیدواژه کانونی
2765,publish,هوش مصنوعی کوانتومی؛ بیشترش برچسب است,quantum-ai-marketing-hype,2026-09-14 20:00:35,2026-09-14 20:00:35,980,884,True,4,4,0,7,4,True,بلندگوی تبلیغات و برچسب روی لوگوی AI، در کنار نمودار محدود و تحلیلی واقعیت امروز,,,,0,False,red,فاقد توضیحات متا | فاقد کلیدواژه کانونی
2832,publish,هایزنبرگ؛ نابغه ای که جنگ او را به دو نیم کرد,heisenberg-ww2,2026-09-15 05:32:33,2026-09-19 04:24:57,1635,1508,True,4,6,0,2,4,True,هایزنبرگ و جنگ جهانی دوم؛ بررسی نقش فیزیک کوانتومی و دانشمندان در دوران جنگ.,,,,0,False,red,فاقد توضیحات متا | فاقد کلیدواژه کانونی | کمتر از ۳ لینک داخلی
2835,publish,ماکس بورن و تفسیر احتمالاتی؛ مربع تابع موج چه می گوید؟,born-probability,2026-09-15 05:33:29,2026-09-19 04:24:05,1364,1278,True,4,4,0,5,3,True,تفسیر بورن و احتمال؛ نمایش تابع موج و تبدیل آن به توزیع احتمال مکان ذره.,,,,1,False,red,فاقد توضیحات متا | فاقد کلیدواژه کانونی
2838,publish,پاولی و اصل طرد؛ چرا دو الکترون مثل هم در یک «اتاق» نمی مانند؟,pauli-exclusion,2026-09-15 05:32:02,2026-09-19 05:45:58,1246,1157,True,4,7,0,10,3,True,اصل طرد پائولی؛ نمایش تفاوت حالت‌های کوانتومی الکترون‌ها در یک اتم.,,,,1,False,red,فاقد توضیحات متا | فاقد کلیدواژه کانونی
2841,publish,اینشتین و شرودینگر؛ دو دوست که با کوانتوم در افتادند,einstein-schrodinger-reality,2026-09-15 05:32:59,2026-09-19 04:24:36,1538,1440,True,4,10,0,14,3,True,اینشتین و شرودینگر؛ بررسی دیدگاه آن‌ها درباره واقعیت کوانتومی و ماهیت مکانیک کوانتومی.,,,,1,False,red,فاقد توضیحات متا | فاقد کلیدواژه کانونی
2844,publish,تفسیر GRW یا فروپاشی خودبه خودی,grw-collapse,2026-09-15 05:30:35,2026-09-19 04:25:46,1040,1040,False,0,0,0,0,2,True,تفسیر GRW یا فروپاشی خودبه‌خودی؛ نمایش تغییر تابع موج و تبدیل حالت کوانتومی به حالت مشخص.,,,,4,False,red,فاقد بخش منابع | فاقد توضیحات متا | فاقد کلیدواژه کانونی | کمتر از ۳ لینک داخلی
2851,publish,رئالیسم کوانتومی,quantum-realism,2026-09-15 05:40:06,2026-09-19 04:19:03,1732,1732,False,0,0,0,0,5,True,رئالیسم کوانتومی؛ نمایش دیدگاه‌های مختلف درباره واقعیت و حالت‌های کوانتومی.,,,,0,False,red,فاقد بخش منابع | فاقد توضیحات متا | فاقد کلیدواژه کانونی | کمتر از ۳ لینک داخلی
2859,publish,تاریخ صد ساله فیزیک کوانتوم,quantum-history,2026-09-15 05:34:36,2026-09-19 04:21:46,4660,4660,False,0,0,0,17,12,True,تاریخ صد ساله فیزیک کوانتوم؛ نمایش رویدادها و دانشمندان مهم از ۱۹۰۵ تا ۱۹۳۵.,,,,0,False,red,فاقد بخش منابع | فاقد توضیحات متا | فاقد کلیدواژه کانونی
2862,publish,حافظه کوانتومی,quantum-memory,2026-09-15 05:37:24,2026-09-19 04:23:40,2329,2329,False,0,0,0,0,7,True,Alt Image: حافظه کوانتومی؛ نمایش ذخیره و انتقال اطلاعات کوانتومی با استفاده از حالت‌های اتمی و سیگنال‌های کوانتومی.,,,,0,False,red,فاقد بخش منابع | فاقد توضیحات متا | فاقد کلیدواژه کانونی | کمتر از ۳ لینک داخلی
2866,publish,مایکروسافت و کیوبیت های توپولوژیک مایورانا,majorana-topological,2026-09-15 05:39:06,2026-09-19 04:19:29,2684,2684,False,0,0,0,0,6,True,کیوبیت‌های توپولوژیک و مایورانا؛ نمایش کاربرد حالت‌های مایورانا در محاسبات کوانتومی توپولوژیک.,,,,0,False,red,فاقد بخش منابع | فاقد توضیحات متا | فاقد کلیدواژه کانونی | کمتر از ۳ لینک داخلی
2870,publish,شیمی محاسباتی کوانتومی و کشف دارو,quantum-chemistry-drug-discovery,2026-09-15 05:25:23,2026-09-19 04:26:37,2362,2362,False,0,0,0,0,9,True,شیمی محاسباتی کوانتومی و کشف دارو؛ نمایش ساختار مولکولی، محاسبات کوانتومی و فرایند طراحی دارو.,,,,4,False,red,فاقد بخش منابع | فاقد توضیحات متا | فاقد کلیدواژه کانونی | کمتر از ۳ لینک داخلی
2873,publish,نیلز بور و اصل تکمیل؛ چرا یک چیز هم موج است هم ذره؟,bohr-complementarity,2026-09-15 05:27:49,2026-09-19 04:26:12,1390,1319,True,4,5,0,7,3,True,نیلز بور و اصل تکمیل؛ نمایش دوگانگی موج و ذره در فیزیک کوانتومی با مدل اتمی، موج و آشکارساز ذرات.,,,,0,False,red,فاقد توضیحات متا | فاقد کلیدواژه کانونی
3307,publish,دوران NISQ و محدودیت‌های رایانه‌های کوانتومی کنونی,nisq-era,2026-09-19 15:41:41,2026-09-19 15:42:21,2255,1865,True,6,6,0,12,6,True,دوران NISQ و محدودیت‌های رایانه‌های کوانتومی کنونی,,,,0,False,red,فاقد توضیحات متا | فاقد کلیدواژه کانونی
3319,publish,تصویربرداری کوانتومی در تاریکی؛ چگونه هدف پنهان در نویز را پیدا کنیم؟,quantum-illumination,2026-09-20 02:05:56,2026-09-20 19:34:15,2226,1879,True,7,7,0,8,7,True,نمودار تصویربرداری کوانتومی با فوتون‌های درهم‌تنیده برای یافتن هدف پنهان در محیط پرنویز,تابش کوانتومی,تصویربرداری کوانتومی در تاریکی؛ تشخیص هدف در نویز,تابش کوانتومی با مقایسه سیگنال بازگشتی و فوتون مرجع، هدف کم‌بازتاب را در نویز تشخیص می‌دهد؛ سازوکار، آزمایش‌ها و محدودیت‌هایش را بخوانید.,0,True,green,
3330,publish,شمارش فوتون؛ از کلیک آشکارساز تا آمار نور,photon-counting,2026-09-20 19:03:22,2026-09-20 19:34:15,383,254,True,4,4,0,3,4,True,شمارش فوتون و توزیع تعداد رویدادها,شمارش فوتون,شمارش فوتون چگونه انجام می‌شود؟,شمارش فوتون رویدادهای گسسته نور را ثبت می‌کند؛ بازده، شمارش تاریک، زمان مرده، تفکیک تعداد و هم‌بستگی g² را بخوانید.,5,True,red,کمتر از ۵۰۰ کلمه
3452,publish,قدم‌زدن کوانتومی؛ راه‌رفتن هم‌زمان در چند مسیر,quantum-walk,2026-09-20 19:01:29,2026-09-20 19:34:15,359,237,True,4,4,0,3,4,True,مقایسه قدم‌زدن کلاسیک و کوانتومی,قدم‌زدن کوانتومی,قدم زدن کوانتومی چیست؟,قدم‌زدن کوانتومی همتای کوانتومی حرکت تصادفی روی خط یا گراف است؛ تداخل مسیرها، انواع گسسته و پیوسته و کاربردها را بخوانید.,5,True,red,کمتر از ۵۰۰ کلمه
3470,publish,کنترل کوانتومی؛ هدایت یک سامانه ظریف با پالس‌های دقیق,quantum-control,2026-09-20 18:59:43,2026-09-20 19:34:15,424,281,True,4,4,0,3,4,True,کنترل کوانتومی سامانه,کنترل کوانتومی,کنترل کوانتومی چیست؟,کنترل کوانتومی با طراحی میدان و بازخورد، حالت و تحول سامانه را هدایت می‌کند؛ کنترل بهینه، باز و بسته و محدودیت‌های آن را بخوانید.,5,True,red,کمتر از ۵۰۰ کلمه
3515,publish,پول کوانتومی؛ اسکناسی که کپی‌کردنش با قوانین فیزیک محدود می‌شود,quantum-money,2026-09-20 18:54:53,2026-09-20 19:34:15,395,270,True,4,4,0,3,4,True,پول کوانتومی,پول کوانتومی,پول کوانتومی چیست؟,پول کوانتومی از حالت‌های ناشناخته و قضیه عدم‌کپی برای مقابله با جعل استفاده می‌کند؛ طرح ویزنر، نسخه‌های عمومی و موانع عملی را بخوانید.,5,True,red,کمتر از ۵۰۰ کلمه
3523,publish,رایانش کوانتومی ابری؛ دسترسی از مرورگر به یک پردازنده واقعی,quantum-cloud,2026-09-20 18:26:12,2026-09-20 19:34:15,419,274,True,4,4,0,4,4,True,رایانش ابری کوانتومی,رایانش کوانتومی ابری,رایانش کوانتومی ابری چیست؟,رایانش کوانتومی ابری امکان اجرای مدار روی شبیه‌ساز یا سخت‌افزار واقعی را می‌دهد؛ صف اجرا، نویز، امنیت داده و محدودیت‌ها را بخوانید.,5,True,red,کمتر از ۵۰۰ کلمه
3528,publish,الگوریتم برنشتاین–وزیرانی؛ بازیابی یک رشته پنهان با یک پرس‌وجو,bernstein-vazirani-algorithm,2026-09-20 18:25:07,2026-09-20 19:34:15,397,275,True,4,4,0,3,4,True,مدار الگوریتم برنشتاین–وزیرانی,الگوریتم برنشتاین–وزیرانی,الگوریتم برنشتاین وزیرانی چیست؟,الگوریتم برنشتاین–وزیرانی رشته پنهان تابع خطی دودویی را با یک پرس‌وجوی کوانتومی بازیابی می‌کند؛ مدار، مزیت و محدودیت را بخوانید.,5,True,red,کمتر از ۵۰۰ کلمه
3561,publish,آنتروپی کوانتومی؛ اندازه‌گیری ناآگاهی یا درهم‌تنیدگی؟,quantum-entropy,2026-09-20 18:49:20,2026-09-20 19:34:15,373,243,True,4,4,0,3,4,True,آنتروپی کوانتومی,آنتروپی کوانتومی,آنتروپی کوانتومی چیست؟,آنتروپی فون نویمان بی‌نظمی حالت کوانتومی را می‌سنجد و در اطلاعات، درهم‌تنیدگی و ترمودینامیک کاربرد دارد؛ تعریف و محدودیت‌ها را بخوانید.,5,True,red,کمتر از ۵۰۰ کلمه
2801,trash,شروع,start-2801__trashed,2026-09-14 23:41:25,2026-09-18 20:39:22,770,770,False,0,0,0,32,0,False,,,,,0,False,red,فاقد بخش منابع | فاقد تصویر شاخص | فاقد توضیحات متا | ۵۰۰ تا ۸۹۹ کلمه | فاقد کلیدواژه کانونی
3369,publish,اکسیون؛ ذره‌ای فرضی میان مسئلهٔ CP قوی و مادهٔ تاریک,axion,2026-09-20 22:59:42,2026-09-20 22:59:42,385,260,True,4,4,0,3,4,True,اکسیون,اکسیون,اکسیون چیست؟,اکسیون برای حل مسئله CP قوی پیشنهاد شد و نامزد ماده تاریک است؛ سازوکار پچی–کوئین، جرم، جست‌وجوها و وضعیت شواهد را بخوانید.,5,True,red,کمتر از ۵۰۰ کلمه
3371,publish,ویمپ؛ نامزد مشهور مادهٔ تاریک که هنوز پنهان مانده است,wimp,2026-09-20 23:00:01,2026-09-20 23:00:01,378,249,True,4,4,0,3,4,True,ذره فرضی ویمپ,ویمپ,ویمپ چیست؟,ویمپ ذره سنگین با برهم‌کنش ضعیف و نامزد ماده تاریک است؛ انجماد گرمایی، جست‌وجوی مستقیم و غیرمستقیم و محدودیت‌ها را بخوانید.,5,True,red,کمتر از ۵۰۰ کلمه
3373,publish,انرژی تاریک و جهان کوانتومی؛ بحران کوچک‌ترین چگالی بزرگ فیزیک,dark-energy-quantum,2026-09-20 23:00:16,2026-09-20 23:00:16,402,262,True,4,4,0,3,4,True,انرژی تاریک کوانتومی,انرژی تاریک کوانتومی,انرژی تاریک کوانتومی چیست؟,رابطه انرژی تاریک با خلأ کوانتومی یکی از بزرگ‌ترین مسائل فیزیک است؛ ثابت کیهان‌شناسی، انرژی نقطه صفر و مدل‌های جایگزین را بخوانید.,5,True,red,کمتر از ۵۰۰ کلمه
3432,publish,منطق کوانتومی؛ چرا گزاره‌های آزمایش مانند مجموعه‌های معمولی رفتار نمی‌کنند؟,quantum-logic,2026-09-20 19:09:33,2026-09-20 19:34:15,338,214,True,4,4,0,3,4,True,منطق کوانتومی و مدار منطقی,منطق کوانتومی,منطق کوانتومی چیست؟,منطق کوانتومی ساختار گزاره‌های مربوط به زیر‌فضاهای هیلبرت را بررسی می‌کند که قانون توزیع‌پذیری کلاسیک را رعایت نمی‌کنند؛ معنا و محدودیت‌ها را بخوانید.,5,True,red,کمتر از ۵۰۰ کلمه
3442,publish,الکترودینامیک کوانتومی؛ نظریه‌ای که نور و بار را با دقت بی‌سابقه پیوند می‌دهد,quantum-electrodynamics,2026-09-20 23:01:41,2026-09-20 23:01:42,343,225,True,4,4,0,3,4,True,الکترودینامیک کوانتومی,الکترودینامیک کوانتومی,الکترودینامیک کوانتومی چیست؟,QED نظریه میدان کوانتومی برهم‌کنش فوتون با ذرات باردار است؛ نمودار فاینمن، بازبهنجارش، پیش‌بینی‌ها و محدودیت‌ها را بخوانید.,5,True,red,کمتر از ۵۰۰ کلمه
3466,publish,زبان برنامه‌نویسی کوانتومی؛ از الگوریتم تا مدار قابل‌اجرا,quantum-programming-language,2026-09-20 19:06:11,2026-09-20 19:34:15,380,249,True,4,4,0,3,4,True,زبان برنامه‌نویسی کوانتومی,زبان برنامه‌نویسی کوانتومی,زبان برنامه نویسی کوانتومی چیست؟,زبان برنامه‌نویسی کوانتومی مدار، اندازه‌گیری و کنترل کلاسیک را توصیف می‌کند؛ مدل‌ها، محدودیت نوع، SDK و انتخاب زبان را بخوانید.,5,True,red,کمتر از ۵۰۰ کلمه
3517,publish,رأی‌گیری کوانتومی؛ آیا فیزیک می‌تواند انتخابات را امن‌تر کند؟,quantum-voting,2026-09-20 19:08:46,2026-09-20 19:34:15,417,276,True,4,4,0,3,4,True,رأی‌گیری کوانتومی,رأی‌گیری کوانتومی,رأی‌گیری کوانتومی چیست؟,رأی‌گیری کوانتومی برای محرمانگی، صحت شمارش و جلوگیری از رأی تکراری پروتکل پیشنهاد می‌دهد؛ وعده‌ها، تعارض‌ها و محدودیت‌ها را بخوانید.,5,True,red,کمتر از ۵۰۰ کلمه
3521,publish,شبکهٔ کوانتومی؛ زیرساختی برای توزیع درهم‌تنیدگی,quantum-network,2026-09-20 19:04:23,2026-09-20 19:34:15,416,289,True,4,4,0,3,4,True,شبکه کوانتومی,شبکهٔ کوانتومی,شبکه کوانتومی چیست؟,شبکه کوانتومی گره‌ها را برای توزیع درهم‌تنیدگی، کلید و حالت‌های کوانتومی متصل می‌کند؛ اجزا، کاربردها و محدودیت‌های آن را بخوانید.,5,True,red,کمتر از ۵۰۰ کلمه
3531,publish,فرمیون سنگین؛ الکترونی که در جمع هزار برابر سنگین‌تر رفتار می‌کند,heavy-fermion,2026-09-20 19:06:49,2026-09-20 19:34:15,389,256,True,4,4,0,3,4,True,فرمیون سنگین,فرمیون سنگین,فرمیون سنگین چیست؟,در مواد فرمیون سنگین، برهم‌کنش الکترون‌های رسانش و ممان‌های موضعی جرم مؤثر بزرگی می‌سازد؛ سازوکار کوندو و فازهای آن را بخوانید.,5,True,red,کمتر از ۵۰۰ کلمه
3537,publish,اسکویید؛ حساس‌ترین حلقه برای شنیدن میدان مغناطیسی,squid,2026-09-20 19:05:15,2026-09-20 19:34:15,363,232,True,4,4,0,3,4,True,تداخل‌سنج کوانتومی ابررسانا اسکویید,اسکویید,اسکویید چیست و چگونه کار می‌کند؟,SQUID با حلقه ابررسانا و پیوند جوزفسون تغییر بسیار کوچک شار مغناطیسی را می‌سنجد؛ تداخل، انواع و کاربردهای آن را بخوانید.,5,True,red,کمتر از ۵۰۰ کلمه
