post_id,slug,url,status,title,title_len,meta_len,focus_kw,words,sentences,paragraphs,reading_time_min,h2_count,h3_count,has_sources_head,has_faq,has_summary,has_misconception,has_lead,img_total,img_missing_alt,img_empty_alt,img_bad_name,featured_set,featured_alt,featured_w,featured_h,internal_unique,external_unique,broken_n,draft_targets_n,authority_hits,inbound,schema,pubDate,post_date,post_modified,score_A,score_B,score_C,score_D,score_E,score_F,score_G,score_total,grade,issue_n,issue_high,issue_weight,fix_priority
3527,simon-algorithm,https://qpedia.ir/simon-algorithm/,publish,الگوریتم سایمون؛ پیدا‌کردن دوره پنهان با تداخل کوانتومی,55,0,,398,35,17,2.0,8,0,True,True,True,False,False,0,0,0,0,False,False,0,0,3,4,0,0,4,0,False,"Mon, 21 Sep 2026 05:44:54 +0000",2026-09-21 09:14:54,2026-09-21 09:14:54,9,1,18,7,16,6,2,59,yellow,7,3,23,88.1
512,quantum-cryptography-internet-security,https://qpedia.ir/quantum-cryptography-internet-security/,publish,رمزنگاری کوانتومی و آیندهٔ امنیت اینترنت,40,116,رمزنگاری کوانتومی آیندهٔ امنیت اینترنت,1060,60,21,5.3,9,0,False,False,True,False,False,0,0,0,0,False,False,0,0,0,0,0,0,0,21,False,"Wed, 02 Sep 2026 23:41:54 +0000",2026-09-03 03:11:54,2026-09-03 03:11:55,15,5,16,7,8,8,2,61,yellow,10,1,24,85.8
303,vacuum-fluctuations,https://qpedia.ir/vacuum-fluctuations/,publish,نوسانات خلأ,11,104,نوسانات خلأ,785,68,29,3.9,6,9,False,False,True,False,True,0,0,0,0,False,False,0,0,0,0,0,0,0,12,False,"Sat, 22 Aug 2026 20:59:03 +0000",2026-08-23 00:29:03,2026-09-03 03:46:40,14,8,14,7,8,8,4,63,yellow,9,1,21,75.8
575,quantum-understanding-achievement,https://qpedia.ir/quantum-understanding-achievement/,publish,چرا «نفهمیدنِ درست» کوانتوم، خودش یک دستاورد است؟,49,106,نفهمیدنِ درست کوانتوم، خودش یک,880,46,12,4.4,7,0,True,True,False,False,False,0,0,0,0,True,True,1670,942,2,0,1,0,0,3,False,"Wed, 02 Sep 2026 23:32:34 +0000",2026-09-03 03:02:34,2026-09-03 03:03:20,15,5,14,15,6,8,0,63,yellow,9,1,21,75.8
569,superposition-explained,https://qpedia.ir/superposition-explained/,publish,برهم نهی چیست؟ وقتی یک ذره «هم این است هم آن»,45,111,برهم نهی وقتی یک ذره,832,46,11,4.2,6,0,True,True,False,False,False,0,0,0,0,False,False,0,0,8,0,0,0,0,2,False,"Wed, 02 Sep 2026 23:31:36 +0000",2026-09-03 03:01:36,2026-09-03 03:01:37,15,5,14,7,13,8,0,62,yellow,8,1,18,72.2
570,why-large-objects-dont-superpose,https://qpedia.ir/why-large-objects-dont-superpose/,publish,برهم نهی یعنی چه، و چرا اشیای بزرگ برهم نهی نمی شوند,52,105,برهم نهی ، اشیای بزرگ,861,46,11,4.3,7,0,True,True,False,False,False,0,0,0,0,False,False,0,0,3,0,0,0,0,1,False,"Wed, 02 Sep 2026 23:18:36 +0000",2026-09-03 02:48:36,2026-09-03 02:48:36,15,5,14,7,13,8,0,62,yellow,8,1,18,72.2
2844,grw-collapse,https://qpedia.ir/grw-collapse/,publish,تفسیر GRW یا فروپاشی خودبه خودی,31,153,تفسیر GRW فروپاشی خودبه خودی,1021,58,16,5.1,0,2,True,False,False,False,False,1,0,0,0,True,True,1670,942,0,2,0,0,2,4,False,"Tue, 15 Sep 2026 02:00:35 +0000",2026-09-15 05:30:35,2026-09-19 04:25:46,16,5,12,16,9,8,0,66,yellow,10,0,20,68.0
562,brain-quantum-phenomena,https://qpedia.ir/brain-quantum-phenomena/,publish,آیا مغز انسان از پدیده های کوانتومی استفاده می کند؟ (بررسی ادعاها),66,113,مغز انسان پدیده های کوانتومی,920,50,15,4.6,7,0,True,True,False,False,False,0,0,0,0,True,True,1670,942,4,0,1,0,0,2,False,"Wed, 02 Sep 2026 23:20:05 +0000",2026-09-03 02:50:05,2026-09-18 02:49:40,14,5,16,15,9,8,0,67,yellow,9,1,21,67.6
2093,quantum-learning-resources,https://qpedia.ir/quantum-learning-resources/,publish,منابع معتبر فارسی و انگلیسی برای یادگیری عمیق‌تر کوانتوم,56,118,منابع معتبر فارسی انگلیسی یادگیری,820,47,11,4.1,8,0,True,True,False,False,False,0,0,0,0,False,False,0,0,5,3,0,0,2,0,False,"Wed, 02 Sep 2026 17:36:29 +0000",2026-09-02 21:06:29,2026-09-03 02:33:37,15,5,18,7,16,6,0,67,yellow,8,1,18,62.7
306,superfluidity,https://qpedia.ir/superfluidity/,publish,ابرشارگی؛ مایعی که از لیوان بالا می‌رود,39,109,ابرشارگی مایعی لیوان بالا می,715,58,24,3.6,7,7,False,False,True,False,True,0,0,0,0,True,True,1672,940,0,0,0,0,0,3,False,"Sat, 22 Aug 2026 20:59:03 +0000",2026-08-23 00:29:03,2026-09-03 03:44:31,15,5,14,15,8,8,4,69,yellow,9,0,19,60.4
320,enzyme-quantum-tunneling,https://qpedia.ir/enzyme-quantum-tunneling/,publish,آنزیم‌ها؛ عبور از دیوار به‌جای پریدن,36,101,آنزیم ها عبور دیوار جای,876,65,32,4.4,8,6,False,False,True,False,True,0,0,0,0,True,True,1671,941,0,0,0,0,0,6,False,"Sat, 22 Aug 2026 22:23:18 +0000",2026-08-23 01:53:18,2026-09-03 03:20:03,15,5,14,15,8,8,4,69,yellow,9,0,19,60.4
319,quantum-smell,https://qpedia.ir/quantum-smell/,publish,حس بویایی؛ شکل یا ارتعاش؟,25,114,حس بویایی شکل ارتعاش,793,51,29,4.0,7,6,False,False,True,False,True,0,0,0,0,True,True,1670,942,0,0,0,0,0,2,False,"Wed, 02 Sep 2026 23:49:19 +0000",2026-09-03 03:19:19,2026-09-03 03:19:20,15,5,14,15,8,8,4,69,yellow,9,0,19,60.4
511,quantum-alternative-medicine-science,https://qpedia.ir/quantum-alternative-medicine-science/,publish,کوانتوم و پزشکی,15,108,کوانتوم پزشکی,841,50,17,4.2,6,3,False,False,True,False,False,0,0,0,0,True,True,1670,942,2,0,0,0,0,5,False,"Wed, 02 Sep 2026 23:59:13 +0000",2026-09-03 03:29:13,2026-09-03 03:29:14,15,5,14,15,10,8,2,69,yellow,9,0,19,60.4
574,quantum-analogy-exercise-boundary,https://qpedia.ir/quantum-analogy-exercise-boundary/,publish,تمرین ذهنی: خودتان یک تمثیل بسازید و مرزش را پیدا کنید,54,112,تمرین ذهنی خودتان یک تمثیل,817,46,11,4.1,6,0,True,True,False,False,False,0,0,0,0,True,True,1672,940,2,0,0,0,0,1,False,"Tue, 01 Sep 2026 05:31:13 +0000",2026-09-01 09:01:13,2026-09-03 03:57:14,15,5,14,15,10,8,0,67,yellow,8,0,16,59.4
2249,fiber-optics,https://qpedia.ir/fiber-optics/,publish,فیبر نوری چگونه کار می‌کند؟,27,158,فیبر نوری کار می,473,28,11,2.4,8,0,True,True,True,False,False,0,0,0,0,True,True,1670,942,5,1,1,0,1,5,False,"Thu, 03 Sep 2026 17:01:16 +0000",2026-09-03 20:31:16,2026-09-19 04:42:49,16,5,16,15,10,8,2,72,yellow,8,2,22,58.8
316,everything-is-energy-claim,https://qpedia.ir/everything-is-energy-claim/,publish,«همه‌چیز انرژی است» — بررسی یک ادعا,35,121,همه چیز انرژی — بررسی,822,68,31,4.1,7,10,False,False,True,False,True,0,0,0,0,True,True,1670,942,0,0,0,0,0,5,False,"Sat, 22 Aug 2026 22:03:42 +0000",2026-08-23 01:33:42,2026-09-03 03:52:21,16,5,14,15,8,8,4,70,yellow,9,0,19,58.5
314,transistor-quantum,https://qpedia.ir/transistor-quantum/,publish,ترانزیستور؛ کوانتوم در جیب شما,30,123,ترانزیستور کوانتوم جیب شما,725,61,28,3.6,7,6,False,False,True,False,True,0,0,0,0,True,True,1670,942,0,0,0,0,0,8,False,"Wed, 02 Sep 2026 23:55:00 +0000",2026-09-03 03:25:00,2026-09-03 03:25:01,16,5,14,15,8,8,4,70,yellow,9,0,19,58.5
315,atomic-clock-gps,https://qpedia.ir/atomic-clock-gps/,publish,ساعت اتمی و جی‌پی‌اس,20,125,ساعت اتمی جی پی اس,825,57,30,4.1,8,5,False,False,True,False,True,0,0,0,0,True,True,1670,941,0,0,0,0,0,6,False,"Wed, 02 Sep 2026 23:55:44 +0000",2026-09-03 03:25:44,2026-09-03 03:25:44,16,5,14,15,8,8,4,70,yellow,9,0,19,58.5
514,mri-quantum,https://qpedia.ir/mri-quantum/,publish,ام‌آرآی (MRI) چگونه کار می‌کند؟ ریشهٔ کوانتومی آن,49,120,ام آرآی (MRI) کار می,898,54,19,4.5,7,0,False,False,True,False,False,0,0,0,0,True,True,1671,941,1,0,0,0,0,6,False,"Wed, 02 Sep 2026 23:59:58 +0000",2026-09-03 03:29:58,2026-09-03 03:29:58,16,5,14,15,10,8,2,70,yellow,9,0,19,58.5
2255,stellar-fusion,https://qpedia.ir/stellar-fusion/,publish,همجوشی ستارگان چگونه ممکن است؟,30,155,همجوشی ستارگان,509,29,11,2.5,8,0,True,True,True,False,False,0,0,0,0,False,False,0,0,5,1,0,0,1,2,False,"Thu, 03 Sep 2026 17:00:44 +0000",2026-09-03 20:30:44,2026-09-03 20:30:44,16,7,16,7,14,8,2,70,yellow,7,2,19,58.5
3364,quantum-solipsism,https://qpedia.ir/quantum-solipsism/,publish,سولیپسیسم کوانتومی؛ آیا مکانیک کوانتومی فقط تجربهٔ شخصی را واقعی می‌داند؟,73,132,سولیپسیسم کوانتومی,399,33,17,2.0,8,0,True,True,True,False,False,0,0,0,0,True,True,1200,675,1,4,2,0,3,0,True,"Mon, 21 Sep 2026 05:44:54 +0000",2026-09-21 09:14:54,2026-09-21 09:14:54,14,10,18,15,9,6,2,74,yellow,7,3,25,58.5
566,quantum-career-future-learn,https://qpedia.ir/quantum-career-future-learn/,publish,آینده شغلی: آیا باید فیزیک کوانتوم یاد بگیریم؟,46,97,آینده شغلی باید فیزیک کوانتوم,828,46,14,4.1,6,0,True,True,False,False,False,0,0,0,0,True,True,1670,942,5,0,0,0,0,3,False,"Tue, 01 Sep 2026 05:31:13 +0000",2026-09-01 09:01:13,2026-09-01 09:01:13,13,5,14,15,13,8,0,68,yellow,8,0,16,57.6
564,does-quantum-prove-god,https://qpedia.ir/does-quantum-prove-god/,publish,آیا کوانتوم ثابت می کند خدا وجود دارد یا ندارد؟,47,114,کوانتوم ثابت می خدا وجود,877,53,12,4.4,6,0,True,True,False,False,False,0,0,0,0,True,True,1670,942,4,0,0,0,0,0,False,"Wed, 02 Sep 2026 23:33:59 +0000",2026-09-03 03:03:59,2026-09-03 03:03:59,15,5,14,15,13,6,0,68,yellow,8,0,16,57.6
302,quantum-zeno-effect,https://qpedia.ir/quantum-zeno-effect/,publish,اثر زنون کوانتومی,17,119,اثر زنون کوانتومی,686,55,25,3.4,7,5,False,False,True,False,True,0,0,0,0,True,True,1672,940,0,0,0,0,0,0,False,"Sat, 22 Aug 2026 20:59:03 +0000",2026-08-23 00:29:03,2026-09-03 03:47:28,15,8,14,15,8,6,4,70,yellow,8,0,18,57.0
518,spot-pseudoscience-one-sentence,https://qpedia.ir/spot-pseudoscience-one-sentence/,publish,چگونه ادعای شبه‌علمی را در یک جمله تشخیص دهیم,45,108,ادعای شبه علمی یک جمله,940,51,18,4.7,8,0,False,False,True,False,False,0,0,0,0,True,True,1670,942,1,0,0,0,0,15,False,"Wed, 02 Sep 2026 23:43:24 +0000",2026-09-03 03:13:24,2026-09-03 03:13:24,15,5,16,15,10,8,2,71,yellow,9,0,19,56.5
3391,quantum-culture,https://qpedia.ir/quantum-culture/,publish,فرهنگ کوانتومی؛ وقتی زبان فیزیک وارد جامعه می‌شود,49,132,فرهنگ کوانتومی,381,33,17,1.9,8,0,True,True,True,False,False,0,0,0,0,True,True,1200,675,0,4,3,0,4,0,True,"Mon, 21 Sep 2026 01:17:55 +0000",2026-09-21 04:47:55,2026-09-21 04:47:55,18,10,18,15,7,6,2,76,red,7,4,27,56.4
3393,quantum-winter,https://qpedia.ir/quantum-winter/,publish,زمستان کوانتومی؛ اگر سرمایه و اعتماد از فناوری عقب‌نشینی کنند,61,127,زمستان کوانتومی,377,31,17,1.9,8,0,True,True,True,False,False,0,0,0,0,True,True,1200,675,0,4,3,0,3,0,True,"Mon, 21 Sep 2026 01:18:13 +0000",2026-09-21 04:48:13,2026-09-21 04:48:13,18,10,18,15,7,6,2,76,red,7,4,27,56.4
292,quantum-spin,https://qpedia.ir/quantum-spin/,publish,اسپین؛ چرخشی که چرخش نیست,25,121,اسپین چرخشی چرخش نیست,929,73,29,4.6,7,5,False,False,True,False,True,0,0,0,0,True,True,1672,941,0,0,0,0,0,28,False,"Thu, 03 Sep 2026 00:08:01 +0000",2026-09-03 03:38:01,2026-09-03 03:38:01,16,5,16,15,8,8,4,72,yellow,9,0,19,54.6
293,energy-levels,https://qpedia.ir/energy-levels/,publish,ترازهای انرژی و کوانتش,22,126,ترازهای انرژی کوانتش,900,70,29,4.5,7,6,False,False,True,False,True,0,0,0,0,True,True,1671,941,0,0,0,0,0,23,False,"Thu, 03 Sep 2026 00:06:46 +0000",2026-09-03 03:36:46,2026-09-18 02:43:18,16,5,16,15,8,8,4,72,yellow,9,0,19,54.6
295,planck-constant,https://qpedia.ir/planck-constant/,publish,ثابت پلانک؛ کوچک‌ترین واحد جهان,31,133,ثابت پلانک کوچک ترین واحد,957,73,28,4.8,7,5,False,False,True,False,True,0,0,0,0,True,True,1670,942,0,0,0,0,0,6,False,"Thu, 03 Sep 2026 00:04:46 +0000",2026-09-03 03:34:46,2026-09-03 03:34:51,16,5,16,15,8,8,4,72,yellow,9,0,19,54.6
288,wave-particle-duality,https://qpedia.ir/wave-particle-duality/,publish,دوگانگی موج و ذره,17,130,دوگانگی موج ذره,1040,86,31,5.2,7,7,False,False,True,False,True,0,0,0,0,True,True,1672,941,0,0,0,0,0,11,False,"Thu, 03 Sep 2026 00:12:05 +0000",2026-09-03 03:42:05,2026-09-18 02:16:25,16,5,16,15,8,8,4,72,yellow,9,0,19,54.6
2242,alpha-decay,https://qpedia.ir/alpha-decay/,publish,واپاشی آلفا چیست؟,17,155,واپاشی آلفا,473,34,11,2.4,7,0,True,True,True,False,False,0,0,0,0,True,True,1670,941,4,1,1,0,1,0,False,"Thu, 03 Sep 2026 17:02:34 +0000",2026-09-03 20:32:34,2026-09-19 05:00:34,16,9,16,15,10,6,2,74,yellow,8,2,22,54.6
2097,why-quantum-math-works,https://qpedia.ir/why-quantum-math-works/,publish,چرا ریاضیات کوانتوم درست است ولی فهمش سخت است؟,46,101,ریاضیات کوانتوم درست ولی فهمش,894,49,0,4.5,7,0,True,True,False,False,False,0,0,0,0,False,False,0,0,6,3,0,0,2,1,False,"Wed, 02 Sep 2026 23:09:33 +0000",2026-09-03 02:39:33,2026-09-03 02:39:33,15,5,18,7,16,8,0,69,yellow,7,1,15,54.2
560,is-classical-physics-wrong,https://qpedia.ir/is-classical-physics-wrong/,publish,آیا فیزیک کلاسیک اشتباه بود؟ نه، محدود بود,42,110,فیزیک کلاسیک اشتباه نه، محدود,980,60,16,4.9,7,0,True,True,False,False,False,0,0,0,0,True,True,1672,941,6,0,0,0,0,0,False,"Wed, 02 Sep 2026 23:16:34 +0000",2026-09-03 02:46:34,2026-09-03 02:46:35,15,5,16,15,13,6,0,70,yellow,8,0,16,54.0
3340,quantum-fingerprinting,https://qpedia.ir/quantum-fingerprinting/,publish,انگشت‌نگاری کوانتومی؛ مقایسه داده با پیام بسیار کوتاه,53,137,انگشت‌نگاری کوانتومی,361,33,17,1.8,8,0,True,True,True,False,False,0,0,0,0,True,True,1200,675,1,4,2,0,4,0,True,"Mon, 21 Sep 2026 05:44:54 +0000",2026-09-21 09:14:54,2026-09-21 09:14:54,18,8,18,15,9,6,2,76,yellow,7,3,25,54.0
3389,quantum-fiction,https://qpedia.ir/quantum-fiction/,publish,داستان علمی‌تخیلی کوانتومی؛ روایت جهان‌های ممکن بدون تحریف علم,62,130,داستان علمی‌تخیلی کوانتومی,390,32,17,1.9,8,0,True,True,True,False,False,0,0,0,0,True,True,1200,675,1,4,2,0,4,0,True,"Mon, 21 Sep 2026 05:44:54 +0000",2026-09-21 09:14:54,2026-09-21 09:14:54,18,8,18,15,9,6,2,76,yellow,7,3,25,54.0
318,bird-quantum-compass,https://qpedia.ir/bird-quantum-compass/,publish,قطب‌نمای پرندگان,16,113,قطب نمای پرندگان,829,52,27,4.1,7,6,False,False,True,False,True,0,0,0,0,True,True,1670,942,0,0,0,0,0,3,False,"Wed, 02 Sep 2026 23:48:13 +0000",2026-09-03 03:18:13,2026-09-03 03:18:13,15,7,14,15,8,8,4,71,yellow,8,0,16,52.2
305,superconductivity,https://qpedia.ir/superconductivity/,publish,ابررسانایی,10,114,ابررسانایی,880,74,31,4.4,7,6,False,False,True,False,True,0,0,0,0,True,True,1671,941,0,0,0,0,0,21,False,"Thu, 03 Sep 2026 00:15:19 +0000",2026-09-03 03:45:19,2026-09-18 02:44:59,14,8,14,15,8,8,4,71,yellow,8,0,16,52.2
2247,flash-memory,https://qpedia.ir/flash-memory/,publish,حافظهٔ فلش چطور کار می‌کند؟,27,157,حافظهٔ فلش چطور کار می,519,31,11,2.6,8,0,True,True,True,False,False,0,0,0,0,True,True,1671,941,5,1,1,0,1,2,False,"Thu, 03 Sep 2026 17:01:16 +0000",2026-09-03 20:31:16,2026-09-03 20:31:16,16,7,16,15,10,8,2,74,yellow,7,2,19,50.7
2260,genetic-mutation,https://qpedia.ir/genetic-mutation/,publish,آیا جهش ژنتیکی کوانتومی است؟,28,158,جهش ژنتیکی کوانتومی,473,27,11,2.4,8,0,True,True,True,False,False,0,0,0,0,True,True,1670,942,4,1,1,0,1,2,False,"Thu, 03 Sep 2026 17:01:16 +0000",2026-09-03 20:31:16,2026-09-19 04:40:07,16,7,16,15,10,8,2,74,yellow,7,2,19,50.7
553,bell-experiments,https://qpedia.ir/bell-experiments/,publish,آزمایش های بل: چگونه درهم تنیدگی اثبات شد!,42,97,آزمایش های بل درهم تنیدگی,1568,82,20,7.8,8,0,True,True,False,False,False,0,0,0,0,True,True,1671,941,6,0,0,0,0,7,False,"Wed, 02 Sep 2026 23:35:05 +0000",2026-09-03 03:05:05,2026-09-03 03:05:06,13,5,18,15,13,8,0,72,yellow,8,0,16,50.4
309,bell-inequality,https://qpedia.ir/bell-inequality/,publish,نامساوی بل,10,121,نامساوی بل,831,61,30,4.2,8,6,False,False,True,False,True,0,0,0,0,True,True,1671,941,0,0,0,0,0,23,False,"Wed, 02 Sep 2026 23:51:12 +0000",2026-09-03 03:21:12,2026-09-03 03:21:13,15,8,14,15,8,8,4,72,yellow,8,0,16,50.4
3412,quantum-cell-signaling,https://qpedia.ir/quantum-cell-signaling/,publish,پیام‌رسانی سلولی و کوانتوم؛ کجا شیمی کوانتومی تمام می‌شود و ادعای بزرگ آغاز؟,76,135,پیام‌رسانی سلولی کوانتومی,388,32,17,1.9,8,0,True,True,True,False,False,0,0,0,0,True,True,1200,675,3,4,0,0,4,0,True,"Mon, 21 Sep 2026 05:44:55 +0000",2026-09-21 09:14:55,2026-09-21 09:14:55,14,5,18,15,16,6,2,76,yellow,8,1,22,50.4
572,quantum-physics-vs-quantum-mechanics,https://qpedia.ir/quantum-physics-vs-quantum-mechanics/,publish,تفاوت فیزیک کوانتوم و مکانیک کوانتومی چیست؟,43,118,تفاوت فیزیک کوانتوم مکانیک کوانتومی,708,36,11,3.5,6,0,True,True,False,False,False,0,0,0,0,True,True,1670,942,4,0,0,0,0,2,False,"Tue, 01 Sep 2026 05:31:13 +0000",2026-09-01 09:01:13,2026-09-18 02:47:54,15,5,14,15,13,8,0,70,yellow,7,0,13,49.5
573,coin-vs-dice-quantum-uncertainty,https://qpedia.ir/coin-vs-dice-quantum-uncertainty/,publish,تمثیل تاس در مقابل تمثیل سکه: کدام برای عدم قطعیت بهتر است؟,59,109,تمثیل تاس مقابل تمثیل سکه,761,44,12,3.8,6,0,True,True,False,False,False,0,0,0,0,True,True,1672,940,4,0,0,0,0,1,False,"Tue, 01 Sep 2026 05:31:13 +0000",2026-09-01 09:01:13,2026-09-03 02:59:42,15,5,14,15,13,8,0,70,yellow,7,0,13,49.5
571,determinism-vs-probability,https://qpedia.ir/determinism-vs-probability/,publish,تفاوت جبرگرایی کلاسیک و احتمال کوانتومی,39,112,تفاوت جبرگرایی کلاسیک احتمال کوانتومی,833,43,11,4.2,6,0,True,True,False,False,False,0,0,0,0,True,True,1670,942,4,0,0,0,0,1,False,"Wed, 02 Sep 2026 23:28:03 +0000",2026-09-03 02:58:03,2026-09-03 02:58:04,15,5,14,15,13,8,0,70,yellow,7,0,13,49.5
3379,wormhole,https://qpedia.ir/wormhole/,publish,کرم‌چاله؛ میان‌بُر فضا–زمان میان ریاضیات و واقعیت,49,121,کرم‌چاله,396,31,17,2.0,8,0,True,True,True,False,False,0,0,0,0,True,True,1200,675,1,4,2,0,4,0,True,"Mon, 21 Sep 2026 05:44:54 +0000",2026-09-21 09:14:54,2026-09-21 09:14:54,18,10,18,15,9,6,2,78,yellow,7,3,25,49.5
301,schrodinger-cat,https://qpedia.ir/schrodinger-cat/,publish,گربهٔ شرودینگر,14,114,گربهٔ شرودینگر,721,55,25,3.6,6,5,False,False,True,False,True,0,0,0,0,True,True,1671,941,0,0,0,0,0,13,False,"Sat, 22 Aug 2026 20:59:03 +0000",2026-08-23 00:29:03,2026-09-18 02:11:34,15,8,14,15,8,8,4,72,yellow,7,0,15,49.0
308,bohr-atomic-model,https://qpedia.ir/bohr-atomic-model/,publish,مدل اتمی بور,12,105,مدل اتمی بور,762,57,28,3.8,6,7,False,False,True,False,True,0,0,0,0,True,True,1670,942,0,0,0,0,0,7,False,"Sat, 22 Aug 2026 22:03:42 +0000",2026-08-23 01:33:42,2026-09-03 03:53:06,15,8,14,15,8,8,4,72,yellow,7,0,15,49.0
311,many-worlds-interpretation,https://qpedia.ir/many-worlds-interpretation/,publish,تفسیر جهان‌های موازی,20,109,تفسیر جهان های موازی,823,70,32,4.1,8,8,False,False,True,False,True,0,0,0,0,True,True,1670,941,0,0,0,0,0,11,False,"Wed, 02 Sep 2026 23:52:45 +0000",2026-09-03 03:22:45,2026-09-03 03:22:45,15,8,14,15,8,8,4,72,yellow,7,0,15,49.0
313,how-lasers-work,https://qpedia.ir/how-lasers-work/,publish,لیزر چطور کار می‌کند؟,21,101,لیزر چطور کار می,843,64,29,4.2,8,7,False,False,True,False,True,0,0,0,0,True,True,1670,942,0,0,0,0,0,10,False,"Wed, 02 Sep 2026 23:53:50 +0000",2026-09-03 03:23:50,2026-09-03 03:23:51,15,8,14,15,8,8,4,72,yellow,7,0,15,49.0
321,is-the-brain-quantum,https://qpedia.ir/is-the-brain-quantum/,publish,آیا مغز کوانتومی است؟,21,107,مغز کوانتومی,877,65,35,4.4,7,10,False,False,True,False,True,0,0,0,0,True,True,1670,942,0,0,0,0,0,6,False,"Wed, 02 Sep 2026 23:50:41 +0000",2026-09-03 03:20:41,2026-09-03 03:20:42,15,8,14,15,8,8,4,72,yellow,7,0,15,49.0
300,photoelectric-effect,https://qpedia.ir/photoelectric-effect/,publish,اثر فوتوالکتریک,15,107,اثر فوتوالکتریک,744,55,24,3.7,6,5,False,False,True,False,True,0,0,0,0,True,True,1671,941,0,0,0,0,0,10,False,"Thu, 03 Sep 2026 00:19:03 +0000",2026-09-03 03:49:03,2026-09-18 02:40:29,15,8,14,15,8,8,4,72,yellow,7,0,15,49.0
304,casimir-effect,https://qpedia.ir/casimir-effect/,publish,اثر کازیمیر,11,107,اثر کازیمیر,918,74,31,4.6,8,5,False,False,True,False,True,0,0,0,0,True,True,1672,940,0,0,0,0,0,7,False,"Sat, 22 Aug 2026 20:59:03 +0000",2026-08-23 00:29:03,2026-09-03 03:45:44,14,8,16,15,8,8,4,73,yellow,8,0,16,48.6
563,does-ai-use-quantum,https://qpedia.ir/does-ai-use-quantum/,publish,آیا هوش مصنوعی از کوانتوم استفاده می کند؟,41,129,هوش مصنوعی کوانتوم استفاده می,885,49,12,4.4,6,0,True,True,False,False,False,0,0,0,0,True,True,1670,942,3,0,0,0,0,4,False,"Wed, 02 Sep 2026 23:20:33 +0000",2026-09-03 02:50:33,2026-09-03 02:50:34,16,5,14,15,13,8,0,71,yellow,7,0,13,47.8
559,entanglement-myths,https://qpedia.ir/entanglement-myths/,publish,آیا درهم تنیدگی یعنی اطلاعات سریع تر از نور منتقل می شود؟,57,111,درهم تنیدگی اطلاعات سریع تر,1119,67,17,5.6,7,0,True,True,False,False,False,0,0,0,0,True,True,1670,942,6,0,0,0,0,3,False,"Wed, 02 Sep 2026 23:40:43 +0000",2026-09-03 03:10:43,2026-09-03 03:10:44,15,5,16,15,13,8,0,72,yellow,7,0,13,46.2
565,is-many-worlds-real,https://qpedia.ir/is-many-worlds-real/,publish,آیا کوانتوم یعنی چندجهانی واقعی است؟,36,112,کوانتوم چندجهانی واقعی,962,54,15,4.8,7,0,True,True,False,False,False,0,0,0,0,True,True,1670,942,4,0,0,0,0,2,False,"Wed, 02 Sep 2026 23:22:30 +0000",2026-09-03 02:52:30,2026-09-03 02:52:30,15,5,16,15,13,8,0,72,yellow,7,0,13,46.2
568,einstein-photoelectric-effect,https://qpedia.ir/einstein-photoelectric-effect/,publish,اینشتین و اثر فوتوالکتریک (نه فقط نسبیت),40,106,اینشتین اثر فوتوالکتریک (نه فقط,926,45,14,4.6,7,0,True,True,False,False,False,0,0,0,0,True,True,1671,941,5,0,0,0,0,1,False,"Wed, 02 Sep 2026 23:41:09 +0000",2026-09-03 03:11:09,2026-09-03 03:11:10,15,5,16,15,13,8,0,72,yellow,7,0,13,46.2
3336,quantum-lithography,https://qpedia.ir/quantum-lithography/,publish,لیتوگرافی کوانتومی؛ الگودهی زیر حد رایلی و هزینهٔ واقعی آن,58,140,لیتوگرافی کوانتومی,391,31,17,2.0,8,0,True,True,True,False,False,0,0,0,0,True,True,1200,675,1,4,2,0,4,0,True,"Mon, 21 Sep 2026 05:44:54 +0000",2026-09-21 09:14:54,2026-09-21 09:14:54,18,10,18,15,9,6,2,78,yellow,6,3,22,46.2
3387,quantum-music,https://qpedia.ir/quantum-music/,publish,موسیقی کوانتومی؛ از دادهٔ آزمایش تا صدا و آهنگ‌سازی,51,132,موسیقی کوانتومی,393,32,17,2.0,8,0,True,True,True,False,False,0,0,0,0,True,True,1200,675,1,4,2,0,2,0,True,"Mon, 21 Sep 2026 01:17:39 +0000",2026-09-21 04:47:39,2026-09-21 04:47:39,18,10,18,15,9,6,2,78,yellow,6,3,22,46.2
3342,quantum-auction,https://qpedia.ir/quantum-auction/,publish,مزایده کوانتومی؛ پیشنهادهای درهم‌نهیده یا صرفاً یک مدل نظری؟,60,141,مزایده کوانتومی,358,32,17,1.8,8,0,True,True,True,False,False,0,0,0,0,True,True,1200,675,1,4,2,0,4,0,True,"Mon, 21 Sep 2026 05:44:54 +0000",2026-09-21 09:14:54,2026-09-21 09:14:54,18,10,18,15,9,6,2,78,yellow,6,3,22,46.2
2744,mitochondria-proton-tunneling,https://qpedia.ir/mitochondria-proton-tunneling/,publish,تونل زنی در میتوکندری؛ الکترون یا پروتون؟,41,151,تونل زنی میتوکندری الکترون پروتون,1357,131,30,6.8,7,0,True,True,False,False,False,0,0,0,0,True,True,1671,941,4,5,1,0,4,0,False,"Mon, 14 Sep 2026 16:30:35 +0000",2026-09-14 20:00:35,2026-09-18 02:26:29,16,5,22,15,12,6,0,76,yellow,8,1,18,45.6
307,ultraviolet-catastrophe,https://qpedia.ir/ultraviolet-catastrophe/,publish,فاجعهٔ فرابنفش,14,106,فاجعهٔ فرابنفش,909,73,32,4.5,7,6,False,False,True,False,True,0,0,0,0,True,True,1671,941,0,0,0,0,0,3,False,"Sat, 22 Aug 2026 22:03:42 +0000",2026-08-23 01:33:42,2026-09-18 01:58:26,15,8,16,15,8,8,4,74,yellow,7,0,15,45.5
2503,quantum-documentaries,https://qpedia.ir/quantum-documentaries/,publish,بهترین مستندهای فیزیک کوانتوم که باید ببینید,44,121,بهترین مستندهای فیزیک کوانتوم باید,976,69,17,4.9,7,5,True,True,True,False,False,0,0,0,0,True,False,0,0,11,3,0,0,2,0,False,"Sat, 05 Sep 2026 19:55:55 +0000",2026-09-05 23:25:55,2026-09-05 23:25:55,16,5,22,7,16,6,2,74,yellow,7,0,15,45.5
2534,quantum-navigation,https://qpedia.ir/quantum-navigation/,publish,ناوبری کوانتومی؛ مسیریابی بدون ماهواره,38,91,ناوبری کوانتومی مسیریابی بدون ماهواره,1028,79,30,5.1,8,0,True,True,False,False,False,0,0,0,0,True,True,1672,941,7,4,0,0,4,0,False,"Sat, 05 Sep 2026 23:15:33 +0000",2026-09-06 02:45:33,2026-09-18 02:09:09,13,5,20,15,16,6,0,75,yellow,8,0,16,45.0
2504,quantum-physics-in-movies-ant-man,https://qpedia.ir/quantum-physics-in-movies-ant-man/,publish,فیزیک کوانتوم در فیلم مرد مورچه ای؛ واقعیت یا تخیل؟,51,116,فیزیک کوانتوم فیلم مرد مورچه,1345,84,21,6.7,8,3,True,True,False,False,False,0,0,0,0,True,False,0,0,6,4,0,0,4,1,False,"Sat, 05 Sep 2026 19:55:55 +0000",2026-09-05 23:25:55,2026-09-05 23:25:55,15,5,22,7,16,8,0,73,yellow,7,0,13,44.5
2832,heisenberg-ww2,https://qpedia.ir/heisenberg-ww2/,publish,هایزنبرگ؛ نابغه ای که جنگ او را به دو نیم کرد,45,156,هایزنبرگ نابغه ای جنگ او,1621,78,19,8.1,9,0,True,True,False,False,False,1,0,0,0,True,True,1670,942,2,4,0,0,1,0,False,"Tue, 15 Sep 2026 02:02:33 +0000",2026-09-15 05:32:33,2026-09-19 04:24:57,16,5,22,14,13,6,0,76,yellow,9,0,17,44.4
2226,quantum-number,https://qpedia.ir/quantum-number/,publish,عدد کوانتومی چیست؟,18,156,عدد کوانتومی,699,44,16,3.5,7,4,True,True,True,False,False,0,0,0,0,False,False,0,0,6,2,0,0,2,2,False,"Thu, 03 Sep 2026 15:55:19 +0000",2026-09-03 19:25:19,2026-09-03 19:25:20,16,9,18,7,14,8,2,74,yellow,6,1,14,44.2
2851,quantum-realism,https://qpedia.ir/quantum-realism/,publish,رئالیسم کوانتومی,16,158,رئالیسم کوانتومی,1686,81,0,8.4,0,2,True,False,False,False,False,3,0,0,0,True,True,1670,942,0,5,0,0,5,3,False,"Tue, 15 Sep 2026 02:10:06 +0000",2026-09-15 05:40:06,2026-09-19 04:19:03,16,9,16,14,11,8,0,74,yellow,10,0,14,44.2
3360,soliton,https://qpedia.ir/soliton/,publish,سالیتون؛ موجی که پس از برخورد شکل خود را حفظ می‌کند,51,134,سالیتون,388,32,17,1.9,8,0,True,True,True,False,False,0,0,0,0,True,True,1200,675,2,4,1,0,3,0,True,"Mon, 21 Sep 2026 05:44:54 +0000",2026-09-21 09:14:54,2026-09-21 09:14:54,18,10,18,15,9,6,2,78,yellow,6,2,20,44.0
2498,quantum-thermodynamics,https://qpedia.ir/quantum-thermodynamics/,publish,ترمودینامیک کوانتومی؛ موتوری به اندازهٔ یک اتم,46,115,ترمودینامیک کوانتومی موتوری اندازهٔ یک,1070,78,26,5.3,8,0,True,True,False,False,False,0,0,0,0,True,True,1670,942,3,3,1,0,3,7,False,"Sat, 05 Sep 2026 19:35:17 +0000",2026-09-05 23:05:17,2026-09-05 23:05:17,15,5,20,15,12,8,0,75,yellow,7,1,15,43.8
3358,quantum-droplet,https://qpedia.ir/quantum-droplet/,publish,قطرهٔ کوانتومی؛ مایعی رقیق که نوسان‌ها آن را نگه می‌دارند,57,138,قطرهٔ کوانتومی,389,32,17,1.9,8,0,True,True,True,False,False,0,0,0,0,True,True,1200,675,2,4,1,0,4,1,True,"Mon, 21 Sep 2026 05:44:54 +0000",2026-09-21 09:14:54,2026-09-21 09:14:54,18,7,18,15,9,8,2,77,yellow,6,2,18,43.7
3383,quantum-bounce,https://qpedia.ir/quantum-bounce/,publish,جهش کوانتومی کیهان؛ آیا پیش از مهبانگ مرحله‌ای دیگر وجود داشت؟,62,127,جهش کوانتومی کیهان,396,33,17,2.0,8,0,True,True,True,False,False,0,0,0,0,True,True,1200,675,2,4,1,0,4,1,True,"Mon, 21 Sep 2026 05:44:54 +0000",2026-09-21 09:14:54,2026-09-21 09:14:54,18,7,18,15,9,8,2,77,yellow,6,2,18,43.7
2870,quantum-chemistry-drug-discovery,https://qpedia.ir/quantum-chemistry-drug-discovery/,publish,شیمی محاسباتی کوانتومی و کشف دارو,33,158,شیمی محاسباتی کوانتومی کشف دارو,2268,121,24,11.3,7,2,True,False,True,False,False,3,0,0,0,True,True,1672,941,0,9,0,0,9,0,False,"Tue, 15 Sep 2026 01:55:23 +0000",2026-09-15 05:25:23,2026-09-19 04:26:37,16,5,24,14,11,6,2,78,yellow,11,0,19,42.9
3373,dark-energy-quantum,https://qpedia.ir/dark-energy-quantum/,publish,انرژی تاریک و جهان کوانتومی؛ بحران کوچک‌ترین چگالی بزرگ فیزیک,61,130,انرژی تاریک کوانتومی,396,34,17,2.0,8,0,True,True,True,False,False,0,0,0,0,True,True,1200,675,2,4,0,0,4,0,True,"Sun, 20 Sep 2026 19:30:16 +0000",2026-09-20 23:00:16,2026-09-20 23:00:16,18,7,18,15,11,6,2,77,yellow,7,1,17,42.6
3352,nanowire,https://qpedia.ir/nanowire/,publish,نانوسیم؛ وقتی سطح و کوانتش بر رسانش چیره می‌شوند,48,117,نانوسیم,357,30,17,1.8,8,0,True,True,True,False,False,0,0,0,0,True,True,1200,675,2,4,1,0,4,0,True,"Mon, 21 Sep 2026 05:44:54 +0000",2026-09-21 09:14:54,2026-09-21 09:14:54,17,10,18,15,9,6,2,77,yellow,5,2,17,42.6
2862,quantum-memory,https://qpedia.ir/quantum-memory/,publish,حافظه کوانتومی,14,158,حافظه کوانتومی,2278,108,0,11.4,5,2,True,False,False,False,False,1,0,0,0,True,True,1672,941,0,7,0,0,7,0,False,"Tue, 15 Sep 2026 02:07:24 +0000",2026-09-15 05:37:24,2026-09-19 04:23:40,16,7,22,14,11,6,0,76,yellow,9,0,15,42.0
2866,majorana-topological,https://qpedia.ir/majorana-topological/,publish,مایکروسافت و کیوبیت های توپولوژیک مایورانا,42,156,مایکروسافت کیوبیت های توپولوژیک مایورانا,2610,121,0,13.1,6,2,True,False,False,False,False,2,0,0,0,True,True,1670,942,0,6,0,0,6,1,False,"Tue, 15 Sep 2026 02:09:06 +0000",2026-09-15 05:39:06,2026-09-19 04:19:29,16,5,22,14,11,8,0,76,yellow,9,0,15,42.0
310,copenhagen-interpretation,https://qpedia.ir/copenhagen-interpretation/,publish,تفسیر کپنهاگی,13,107,تفسیر کپنهاگی,716,62,26,3.6,7,6,False,False,True,False,True,0,0,0,0,True,True,1672,941,0,0,0,0,0,10,False,"Wed, 02 Sep 2026 23:51:45 +0000",2026-09-03 03:21:45,2026-09-03 03:21:56,15,10,14,15,8,8,4,74,yellow,6,0,12,41.6
2092,feynman-quantum-explainer,https://qpedia.ir/feynman-quantum-explainer/,publish,فاینمن: نابغه‌ای که کوانتوم را ساده توضیح می‌داد,48,107,فاینمن نابغه ای کوانتوم ساده,816,46,0,4.1,8,0,True,True,False,False,False,0,0,0,0,True,True,1670,942,4,3,0,0,1,0,False,"Wed, 02 Sep 2026 17:36:29 +0000",2026-09-02 21:06:29,2026-09-03 02:28:31,15,5,18,15,16,6,0,75,yellow,7,0,13,41.2
2091,schrodinger-life-equation,https://qpedia.ir/schrodinger-life-equation/,publish,شرودینگر: زندگی، معادله و گربه‌ای که هرگز نداشت,47,116,شرودینگر زندگی، معادله گربه ای,726,41,0,3.6,7,0,True,True,False,False,False,0,0,0,0,True,True,1670,941,3,3,0,0,2,0,False,"Wed, 02 Sep 2026 23:13:49 +0000",2026-09-03 02:43:49,2026-09-03 02:43:50,15,5,18,15,16,6,0,75,yellow,7,0,13,41.2
3371,wimp,https://qpedia.ir/wimp/,publish,ویمپ؛ نامزد مشهور مادهٔ تاریک که هنوز پنهان مانده است,53,123,ویمپ,377,33,17,1.9,8,0,True,True,True,False,False,0,0,0,0,True,True,1200,675,2,4,1,0,4,0,True,"Sun, 20 Sep 2026 19:30:01 +0000",2026-09-20 23:00:01,2026-09-20 23:00:01,18,10,18,15,9,6,2,78,yellow,5,2,17,40.7
3334,slow-light,https://qpedia.ir/slow-light/,publish,نور کند؛ کنترل سرعت گروهی بدون کندشدن ثابت بنیادی نور,53,122,نور کند,398,33,17,2.0,8,0,True,True,True,False,False,0,0,0,0,True,True,1200,675,2,4,1,0,4,0,True,"Mon, 21 Sep 2026 05:44:54 +0000",2026-09-21 09:14:54,2026-09-21 09:14:54,18,10,18,15,9,6,2,78,yellow,5,2,17,40.7
3338,quantum-secure-direct-communication,https://qpedia.ir/quantum-secure-direct-communication/,publish,ارتباط مستقیم امن کوانتومی؛ ارسال پیام بدون تولید کلید جداگانه,62,139,ارتباط مستقیم امن کوانتومی,392,29,17,2.0,8,0,True,True,True,False,False,0,0,0,0,True,True,1200,675,2,4,1,0,4,0,True,"Mon, 21 Sep 2026 05:44:54 +0000",2026-09-21 09:14:54,2026-09-21 09:14:54,18,10,18,15,9,6,2,78,yellow,5,2,17,40.7
3350,quantum-dimer,https://qpedia.ir/quantum-dimer/,publish,دیمر کوانتومی؛ مدل پیوندهای تشدیدکننده در مادهٔ کوانتومی,56,138,دیمر کوانتومی,376,28,17,1.9,8,0,True,True,True,False,False,0,0,0,0,True,True,1200,675,2,4,1,0,4,0,True,"Mon, 21 Sep 2026 05:44:54 +0000",2026-09-21 09:14:54,2026-09-21 09:14:54,18,10,18,15,9,6,2,78,yellow,5,2,17,40.7
2761,transactional-interpretation,https://qpedia.ir/transactional-interpretation/,publish,تفسیر تراکنشی,13,156,تفسیر تراکنشی,1196,53,16,6.0,0,2,True,False,False,False,False,1,0,0,0,True,True,1200,675,0,3,0,0,3,3,False,"Mon, 14 Sep 2026 16:30:35 +0000",2026-09-14 20:00:35,2026-09-18 02:29:46,16,9,14,16,11,8,0,74,yellow,7,0,11,40.3
2524,quantum-century-2025,https://qpedia.ir/quantum-century-2025/,publish,صد سالگی کوانتوم؛ از جزیرهٔ هلگولاند تا امروز,45,108,صد سالگی کوانتوم جزیرهٔ هلگولاند,1304,97,35,6.5,9,0,True,True,False,False,False,0,0,0,0,True,True,1672,941,22,6,1,0,5,1,False,"Sat, 05 Sep 2026 22:02:27 +0000",2026-09-06 01:32:27,2026-09-18 02:00:56,15,5,22,15,12,8,0,77,yellow,7,1,15,40.2
2755,measurement-based-quantum-computing,https://qpedia.ir/measurement-based-quantum-computing/,publish,محاسبه با اندازه گیری؛ کامپیوتر یک طرفه,39,158,محاسبه اندازه گیری کامپیوتر یک,890,90,21,4.5,6,0,True,True,False,False,False,0,0,0,0,True,True,1200,675,7,3,0,0,3,0,False,"Mon, 14 Sep 2026 16:30:35 +0000",2026-09-14 20:00:35,2026-09-14 20:00:35,16,5,18,15,16,6,0,76,yellow,7,0,13,39.6
2756,hhl-algorithm,https://qpedia.ir/hhl-algorithm/,publish,الگوریتم HHL؛ حل معادله با قید ریز چاپ,38,154,الگوریتم HHL حل معادله قید,897,83,21,4.5,6,0,True,True,False,False,False,0,0,0,0,True,True,1200,675,7,3,0,0,3,0,False,"Mon, 14 Sep 2026 16:30:35 +0000",2026-09-14 20:00:35,2026-09-14 20:00:35,16,5,18,15,16,6,0,76,yellow,7,0,13,39.6
2760,continuous-variable-teleportation,https://qpedia.ir/continuous-variable-teleportation/,publish,تله پورت پیوسته؛ موج نور نه فقط کیوبیت,38,157,تله پورت پیوسته موج نور,878,90,21,4.4,6,0,True,True,False,False,False,0,0,0,0,True,True,1671,941,7,3,0,0,3,0,False,"Wed, 09 Sep 2026 14:33:03 +0000",2026-09-09 18:03:03,2026-09-19 04:36:20,16,5,18,15,16,6,0,76,yellow,7,0,13,39.6
2762,qbism,https://qpedia.ir/qbism/,publish,کیوبیسم؛ احتمال مال شماست نه مال جهان,37,158,کیوبیسم احتمال مال شماست نه,874,93,22,4.4,6,0,True,True,False,False,False,0,0,0,0,True,True,1200,675,10,3,0,0,3,0,False,"Mon, 14 Sep 2026 16:30:35 +0000",2026-09-14 20:00:35,2026-09-14 20:00:35,16,5,18,15,16,6,0,76,yellow,7,0,13,39.6
2763,objective-collapse,https://qpedia.ir/objective-collapse/,publish,فروپاشی عینی؛ گربه بدون ناظر می میرد,36,158,فروپاشی عینی گربه بدون ناظر,894,90,21,4.5,6,0,True,True,False,False,False,0,0,0,0,True,True,1200,675,10,3,0,0,3,0,False,"Mon, 14 Sep 2026 16:30:35 +0000",2026-09-14 20:00:35,2026-09-14 20:00:35,16,5,18,15,16,6,0,76,yellow,7,0,13,39.6
3362,quantum-pigeonhole,https://qpedia.ir/quantum-pigeonhole/,publish,اصل لانه‌کبوتری کوانتومی؛ آیا سه ذره می‌توانند بدون هم‌خانه‌شدن در دو جعبه باشند؟,81,124,اصل لانه‌کبوتری کوانتومی,392,30,17,2.0,8,0,True,True,True,False,False,0,0,0,0,True,True,1200,675,3,4,0,0,4,0,True,"Sun, 20 Sep 2026 23:21:11 +0000",2026-09-21 02:51:11,2026-09-21 02:51:11,14,7,18,15,16,6,2,78,yellow,6,1,16,39.6
561,quantum-interpretation-debate,https://qpedia.ir/quantum-interpretation-debate/,publish,آیا فیزیک دانان بر سر معنای اندازه گیری توافق دارند؟,52,111,فیزیک دانان بر سر معنای,958,56,15,4.8,7,0,True,True,False,False,False,0,0,0,0,True,True,1672,941,6,0,0,0,0,11,False,"Wed, 02 Sep 2026 23:15:45 +0000",2026-09-03 02:45:45,2026-09-03 02:45:46,15,7,16,15,13,8,0,74,yellow,6,0,10,39.0
297,double-slit-experiment,https://qpedia.ir/double-slit-experiment/,publish,آزمایش دو شکاف؛ معروف‌ترین آزمایش فیزیک، که هنوز هم درک کاملش سخت است,69,115,آزمایش دو شکاف معروف ترین,1092,85,22,5.5,11,4,True,False,True,True,True,1,0,0,0,True,True,1671,941,9,0,0,0,0,29,False,"Sat, 22 Aug 2026 20:59:03 +0000",2026-08-23 00:29:03,2026-09-18 02:13:45,14,5,16,16,13,8,6,78,yellow,7,0,15,38.5
298,quantum-entanglement-explained,https://qpedia.ir/quantum-entanglement-explained/,publish,درهم‌تنیدگی کوانتومی؛ «اثر شبح‌وار» که واقعی است، اما پیام نمی‌فرستد,68,112,درهم تنیدگی کوانتومی اثر شبح,1118,73,23,5.6,11,4,True,False,True,True,True,1,0,0,0,True,True,1672,941,6,0,0,0,0,41,False,"Sat, 22 Aug 2026 20:59:03 +0000",2026-08-23 00:29:03,2026-09-18 02:12:57,14,5,16,16,13,8,6,78,yellow,7,0,15,38.5
2086,quantum-fivefold-mental-map,https://qpedia.ir/quantum-fivefold-mental-map/,publish,نقشهٔ ذهنی پنج‌گانه برای فهم درست کوانتوم,41,118,نقشهٔ ذهنی پنج گانه فهم,1073,60,0,5.4,8,0,True,True,False,False,False,0,0,0,0,True,True,1672,940,6,3,0,0,1,0,False,"Wed, 02 Sep 2026 23:10:17 +0000",2026-09-03 02:40:17,2026-09-03 02:40:18,15,5,20,15,16,6,0,77,yellow,7,0,13,37.9
509,pauli-exclusion-principle,https://qpedia.ir/pauli-exclusion-principle/,publish,اصل طرد پاولی دقیقاً چه می‌گوید؟ به زبان ساده,45,123,اصل طرد پاولی دقیقاً می,828,47,18,4.1,10,0,True,False,True,False,False,0,0,0,0,True,True,1672,941,2,3,0,0,2,8,False,"Wed, 02 Sep 2026 23:45:23 +0000",2026-09-03 03:15:23,2026-09-03 03:15:24,16,5,18,15,13,8,2,77,yellow,7,0,13,37.9
2489,attosecond-nobel-2023,https://qpedia.ir/attosecond-nobel-2023/,publish,نوبل فیزیک ۲۰۲۳؛ عکاسی از حرکت الکترون,38,115,نوبل فیزیک ۲۰۲۳ عکاسی حرکت,969,73,28,4.8,8,0,True,True,False,False,False,0,0,0,0,True,True,1672,941,3,3,0,0,2,0,False,"Sat, 05 Sep 2026 19:35:17 +0000",2026-09-05 23:05:17,2026-09-05 23:05:17,15,5,20,15,16,6,0,77,yellow,7,0,13,37.9
2492,quantum-battery,https://qpedia.ir/quantum-battery/,publish,باتری کوانتومی؛ چرا بزرگ تر یعنی سریع تر؟,41,111,باتری کوانتومی بزرگ تر سریع,1134,82,27,5.7,8,0,True,True,False,False,False,0,0,0,0,True,True,1670,942,5,3,0,0,3,0,False,"Sat, 05 Sep 2026 19:35:17 +0000",2026-09-05 23:05:17,2026-09-18 02:05:02,15,5,20,15,16,6,0,77,yellow,7,0,13,37.9
2493,quantum-fluctuations-cosmos,https://qpedia.ir/quantum-fluctuations-cosmos/,publish,افت وخیز کوانتومی؛ چطور کهکشان ها متولد شدند؟,45,118,افت وخیز کوانتومی چطور کهکشان,1031,69,28,5.2,8,0,True,True,False,False,False,0,0,0,0,True,True,1670,942,4,3,0,0,3,0,False,"Sat, 05 Sep 2026 19:35:17 +0000",2026-09-05 23:05:17,2026-09-05 23:05:17,15,5,20,15,16,6,0,77,yellow,7,0,13,37.9
2536,quantum-immortality,https://qpedia.ir/quantum-immortality/,publish,جاودانگی کوانتومی؛ کجای این استدلال می لنگد؟,44,105,جاودانگی کوانتومی کجای استدلال می,1113,90,35,5.6,7,4,True,True,False,False,False,0,0,0,0,True,True,1671,941,8,5,0,0,5,0,False,"Sat, 05 Sep 2026 23:15:33 +0000",2026-09-06 02:45:33,2026-09-06 02:45:33,15,5,20,15,16,6,0,77,yellow,7,0,13,37.9
2234,virtual-particles,https://qpedia.ir/virtual-particles/,publish,ذرات مجازی چیستند؟,18,153,ذرات مجازی چیستند,520,34,13,2.6,7,0,True,True,True,False,False,0,0,0,0,True,True,1670,942,5,1,0,0,1,2,False,"Thu, 03 Sep 2026 17:03:07 +0000",2026-09-03 20:33:07,2026-09-18 02:05:57,16,7,16,15,14,8,2,78,yellow,6,1,14,37.4
2236,solvay-conference-1927,https://qpedia.ir/solvay-conference-1927/,publish,کنفرانس سولوی ۱۹۲۷ چه بود؟,26,156,کنفرانس سولوی ۱۹۲۷,590,33,14,3.0,7,0,True,True,True,False,False,0,0,0,0,True,True,1670,941,6,1,0,0,1,1,False,"Thu, 03 Sep 2026 17:02:34 +0000",2026-09-03 20:32:34,2026-09-18 02:18:48,16,7,16,15,14,8,2,78,yellow,6,1,14,37.4
2238,stern-gerlach-experiment,https://qpedia.ir/stern-gerlach-experiment/,publish,آزمایش اشترن-گرلاخ چیست؟,24,157,آزمایش اشترن-گرلاخ,548,33,13,2.7,8,0,True,True,True,False,False,0,0,0,0,True,True,1670,942,5,1,0,0,1,0,False,"Thu, 03 Sep 2026 17:03:07 +0000",2026-09-03 20:33:07,2026-09-18 02:19:16,16,9,16,15,14,6,2,78,yellow,6,1,14,37.4
2239,aspect-experiment-1982,https://qpedia.ir/aspect-experiment-1982/,publish,آزمایش آسپه ۱۹۸۲ چه بود؟,24,157,آزمایش آسپه ۱۹۸۲,555,32,13,2.8,8,0,True,True,True,False,False,0,0,0,0,True,True,1670,942,5,1,0,0,1,4,False,"Thu, 03 Sep 2026 17:02:34 +0000",2026-09-03 20:32:34,2026-09-19 05:02:39,16,7,16,15,14,8,2,78,yellow,6,1,14,37.4
3369,axion,https://qpedia.ir/axion/,publish,اکسیون؛ ذره‌ای فرضی میان مسئلهٔ CP قوی و مادهٔ تاریک,52,122,اکسیون,381,33,17,1.9,8,0,True,True,True,False,False,0,0,0,0,True,True,1200,675,2,4,1,0,4,1,True,"Sun, 20 Sep 2026 19:29:42 +0000",2026-09-20 22:59:42,2026-09-20 22:59:42,18,10,18,15,9,8,2,80,yellow,5,2,17,37.0
3454,variational-quantum-eigensolver,https://qpedia.ir/variational-quantum-eigensolver/,publish,حلگر تغییراتی کوانتومی؛ VQE چگونه انرژی مولکول را حدس می‌زند؟,61,128,الگوریتم VQE,375,31,17,1.9,8,0,True,True,True,False,False,0,0,0,0,True,True,1200,675,3,4,0,0,4,0,True,"Mon, 21 Sep 2026 05:44:55 +0000",2026-09-21 09:14:55,2026-09-21 09:14:55,18,5,18,15,16,6,2,80,yellow,7,1,17,37.0
2090,forgotten-women-quantum,https://qpedia.ir/forgotten-women-quantum/,publish,زنان فراموش‌شدهٔ فیزیک کوانتوم,30,118,زنان فراموش شدهٔ فیزیک کوانتوم,1116,62,0,5.6,8,0,True,True,False,False,False,0,0,0,0,True,True,1672,940,2,4,0,0,3,0,False,"Wed, 02 Sep 2026 17:36:28 +0000",2026-09-02 21:06:28,2026-09-03 02:09:06,15,8,20,15,13,6,0,77,yellow,6,0,12,36.8
3377,cosmic-microwave-background,https://qpedia.ir/cosmic-microwave-background/,publish,تابش زمینهٔ کیهانی؛ قدیمی‌ترین نوری که می‌توانیم ببینیم,55,127,تابش زمینهٔ کیهانی,409,36,17,2.0,8,0,True,True,True,False,False,0,0,0,0,True,True,1200,675,2,4,1,0,4,1,True,"Mon, 21 Sep 2026 05:44:54 +0000",2026-09-21 09:14:54,2026-09-21 09:14:54,18,9,18,15,9,8,2,79,yellow,5,2,15,36.8
3499,quantum-imaging-undetected-photons,https://qpedia.ir/quantum-imaging-undetected-photons/,publish,تصویربرداری با فوتون‌های آشکارنشده؛ دیدن نمونه با نوری که دوربین نمی‌بیند,73,135,تصویربرداری با فوتون‌های آشکارنشده,571,43,18,2.9,9,0,True,True,True,False,False,0,0,0,0,True,True,1200,675,3,4,0,0,4,0,True,"Mon, 21 Sep 2026 05:44:55 +0000",2026-09-21 09:14:55,2026-09-21 09:14:55,14,8,18,15,16,6,2,79,yellow,5,1,15,36.8
2748,nobel-physics-2022,https://qpedia.ir/nobel-physics-2022/,publish,نوبل فیزیک ۲۰۲۲؛ درهم تنیدگی دیگر فلسفه نیست,44,154,نوبل فیزیک ۲۰۲۲ درهم تنیدگی,935,95,22,4.7,7,0,True,True,False,False,False,0,0,0,0,True,True,1200,675,11,5,0,0,4,0,False,"Mon, 14 Sep 2026 16:30:35 +0000",2026-09-14 20:00:35,2026-09-14 20:00:35,16,5,20,15,16,6,0,78,yellow,7,0,13,36.3
2764,crystal-healing-debunked,https://qpedia.ir/crystal-healing-debunked/,publish,کریستال درمانی؛ سنگ شفا نمی دهد,31,152,کریستال درمانی سنگ شفا نمی,1048,100,29,5.2,7,0,True,True,False,False,False,0,0,0,0,True,True,1200,675,7,5,0,0,4,0,False,"Mon, 14 Sep 2026 16:30:35 +0000",2026-09-14 20:00:35,2026-09-14 20:00:35,16,5,20,15,16,6,0,78,yellow,7,0,13,36.3
2765,quantum-ai-marketing-hype,https://qpedia.ir/quantum-ai-marketing-hype/,publish,هوش مصنوعی کوانتومی؛ بیشترش برچسب است,37,157,هوش مصنوعی کوانتومی بیشترش برچسب,966,93,24,4.8,7,0,True,True,False,False,False,0,0,0,0,True,True,1200,675,7,4,0,0,4,0,False,"Mon, 14 Sep 2026 16:30:35 +0000",2026-09-14 20:00:35,2026-09-14 20:00:35,16,5,20,15,16,6,0,78,yellow,7,0,13,36.3
551,mind-quantum-reality,https://qpedia.ir/mind-quantum-reality/,publish,آیا با فکر کردن می توان واقعیت کوانتومی را تغییر داد؟,53,108,فکر کردن می توان واقعیت,1391,78,20,7.0,7,0,True,True,False,False,False,0,0,0,0,True,True,1672,940,6,0,0,0,0,3,False,"Wed, 02 Sep 2026 23:38:45 +0000",2026-09-03 03:08:45,2026-09-03 03:08:46,15,7,18,15,13,8,0,76,yellow,6,0,10,36.0
2232,antimatter,https://qpedia.ir/antimatter/,publish,پادماده چیست؟,13,153,پادماده,595,39,14,3.0,8,0,True,True,True,False,False,0,0,0,0,True,True,1200,675,4,1,0,0,1,2,False,"Thu, 03 Sep 2026 15:56:44 +0000",2026-09-03 19:26:44,2026-09-03 19:26:44,16,10,16,15,12,8,2,79,yellow,6,1,14,35.7
3375,cosmic-inflation,https://qpedia.ir/cosmic-inflation/,publish,تورم کیهانی؛ جهش آغازین فضا و بذر ساختارهای جهان,48,119,تورم کیهانی,374,32,17,1.9,8,0,True,True,True,False,False,0,0,0,0,True,True,1200,675,2,4,1,0,3,3,True,"Mon, 21 Sep 2026 05:44:54 +0000",2026-09-21 09:14:54,2026-09-21 09:14:54,17,10,18,15,9,8,2,79,yellow,4,2,14,35.7
294,decoherence,https://qpedia.ir/decoherence/,publish,واهمدوسی (Decoherence)؛ چرا گربه‌ای را نمی‌بینیم که هم‌زمان زنده و مرده باشد؟,77,140,واهمدوسی (Decoherence) گربه ای نمی,1554,110,24,7.8,12,4,True,True,True,True,True,2,0,0,0,True,True,1671,941,7,0,0,0,0,57,False,"Thu, 03 Sep 2026 00:02:17 +0000",2026-09-03 03:32:17,2026-09-16 00:39:09,12,5,20,16,13,8,6,80,green,7,0,15,35.0
2483,quantum-free-will,https://qpedia.ir/quantum-free-will/,publish,کوانتوم و ارادهٔ آزاد؛ آیا آینده از قبل نوشته شده؟,50,102,کوانتوم ارادهٔ آزاد آینده قبل,1221,88,30,6.1,8,0,True,True,False,False,False,0,0,0,0,True,True,1670,942,4,3,0,0,3,0,False,"Sat, 05 Sep 2026 19:09:44 +0000",2026-09-05 22:39:44,2026-09-18 02:50:57,15,5,22,15,16,6,0,79,yellow,7,0,13,34.6
2098,quantum-computer-reality,https://qpedia.ir/quantum-computer-reality/,publish,کامپیوتر کوانتومی چیست و چقدر با واقعیت فاصله دارد؟,51,111,کامپیوتر کوانتومی واقعیت فاصله دارد,860,47,0,4.3,7,0,True,True,False,False,False,0,0,0,0,True,True,1671,941,6,4,0,0,3,13,False,"Wed, 02 Sep 2026 17:36:29 +0000",2026-09-02 21:06:29,2026-09-18 02:43:55,15,5,18,15,16,8,0,77,yellow,6,0,10,34.5
3567,eigenstate-thermalization,https://qpedia.ir/eigenstate-thermalization/,publish,فرضیهٔ گرمایی‌شدن حالت ویژه؛ چرا یک حالت منفرد می‌تواند حرارتی باشد؟,68,123,فرضیهٔ گرمایی‌شدن حالت ویژه,372,33,17,1.9,8,0,True,True,True,False,False,0,0,0,0,True,True,1200,675,3,4,0,0,4,0,True,"Mon, 21 Sep 2026 05:44:55 +0000",2026-09-21 09:14:55,2026-09-21 09:14:55,17,7,18,15,16,6,2,81,yellow,6,1,16,34.2
2231,higgs-boson,https://qpedia.ir/higgs-boson/,publish,بوزون هیگز چیست؟,16,156,بوزون هیگز,576,39,12,2.9,8,0,True,True,True,False,False,0,0,0,0,True,True,1670,942,5,1,0,0,1,4,False,"Thu, 03 Sep 2026 15:57:21 +0000",2026-09-03 19:27:21,2026-09-18 02:42:42,16,9,16,15,14,8,2,80,yellow,6,1,14,34.0
2235,nuclear-spin,https://qpedia.ir/nuclear-spin/,publish,اسپین هسته‌ای چیست؟,19,154,اسپین هسته ای,537,35,14,2.7,7,0,True,True,True,False,False,0,0,0,0,True,True,1670,942,5,1,0,0,1,5,False,"Thu, 03 Sep 2026 15:56:56 +0000",2026-09-03 19:26:56,2026-09-03 19:26:56,16,9,16,15,14,8,2,80,yellow,6,1,14,34.0
2250,quantum-supremacy,https://qpedia.ir/quantum-supremacy/,publish,برتری کوانتومی چیست؟,20,157,برتری کوانتومی,595,31,11,3.0,7,0,True,True,True,False,False,0,0,0,0,True,True,1671,941,6,2,0,0,2,10,False,"Thu, 03 Sep 2026 16:59:48 +0000",2026-09-03 20:29:48,2026-09-03 20:29:48,16,9,16,15,14,8,2,80,yellow,6,1,14,34.0
2251,shor-algorithm,https://qpedia.ir/shor-algorithm/,publish,الگوریتم شور چیست؟,18,154,الگوریتم شور,481,27,11,2.4,7,0,True,True,True,False,False,0,0,0,0,True,True,1671,941,5,2,0,0,1,18,False,"Thu, 03 Sep 2026 16:59:57 +0000",2026-09-03 20:29:57,2026-09-18 02:34:53,16,9,16,15,14,8,2,80,yellow,6,1,14,34.0
2253,quantum-error-correction,https://qpedia.ir/quantum-error-correction/,publish,تصحیح خطای کوانتومی چیست؟,25,157,تصحیح خطای کوانتومی,447,28,10,2.2,7,0,True,True,True,False,False,0,0,0,0,True,True,1670,942,6,2,0,0,1,20,False,"Thu, 03 Sep 2026 17:00:44 +0000",2026-09-03 20:30:44,2026-09-18 02:36:31,16,9,16,15,14,8,2,80,yellow,6,1,14,34.0
2256,no-cloning-theorem,https://qpedia.ir/no-cloning-theorem/,publish,قضیهٔ عدم‌کپی چیست؟,19,158,قضیهٔ عدم کپی,438,28,10,2.2,7,0,True,True,True,False,False,0,0,0,0,True,True,1200,675,6,1,0,0,0,8,False,"Thu, 03 Sep 2026 17:00:44 +0000",2026-09-03 20:30:44,2026-09-03 20:30:44,16,9,16,15,14,8,2,80,yellow,6,1,14,34.0
2257,quantum-gate,https://qpedia.ir/quantum-gate/,publish,گیت کوانتومی چیست؟,18,156,گیت کوانتومی,419,27,11,2.1,8,0,True,True,True,False,False,0,0,0,0,True,True,1670,942,7,1,0,0,1,14,False,"Thu, 03 Sep 2026 17:00:44 +0000",2026-09-03 20:30:44,2026-09-18 02:42:14,16,9,16,15,14,8,2,80,yellow,6,1,14,34.0
2258,quantum-simulation,https://qpedia.ir/quantum-simulation/,publish,شبیه‌سازی کوانتومی چیست؟,24,158,شبیه سازی کوانتومی,404,27,11,2.0,8,0,True,True,True,False,False,0,0,0,0,True,True,1670,942,5,2,0,0,2,5,False,"Thu, 03 Sep 2026 17:00:44 +0000",2026-09-03 20:30:44,2026-09-03 20:30:44,16,9,16,15,14,8,2,80,yellow,6,1,14,34.0
2230,neutrino,https://qpedia.ir/neutrino/,publish,نوترینو چیست؟,13,154,نوترینو,558,33,13,2.8,8,0,True,True,True,False,False,0,0,0,0,True,True,1670,942,5,1,0,0,1,6,False,"Thu, 03 Sep 2026 17:01:16 +0000",2026-09-03 20:31:16,2026-09-18 02:21:49,16,9,16,15,14,8,2,80,yellow,6,1,14,34.0
2233,standard-model,https://qpedia.ir/standard-model/,publish,مدل استاندارد چیست؟,19,154,مدل استاندارد,536,36,12,2.7,8,0,True,True,True,False,False,0,0,0,0,True,True,1670,941,5,1,0,0,1,7,False,"Thu, 03 Sep 2026 17:01:16 +0000",2026-09-03 20:31:16,2026-09-18 02:22:39,16,9,16,15,14,8,2,80,yellow,6,1,14,34.0
2240,coherence,https://qpedia.ir/coherence/,publish,همدوسی چیست؟,12,153,همدوسی,429,27,11,2.1,6,0,True,True,True,False,False,0,0,0,0,True,True,1670,942,6,1,0,0,1,13,False,"Fri, 04 Sep 2026 13:39:24 +0000",2026-09-04 17:09:24,2026-09-04 17:09:47,16,9,16,15,14,8,2,80,yellow,6,1,14,34.0
2241,absolute-zero,https://qpedia.ir/absolute-zero/,publish,صفر مطلق چیست؟,14,155,صفر مطلق,431,33,12,2.2,7,0,True,True,True,False,False,0,0,0,0,True,True,1670,942,5,1,0,0,1,14,False,"Thu, 03 Sep 2026 17:02:34 +0000",2026-09-03 20:32:34,2026-09-18 01:10:58,16,9,16,15,14,8,2,80,yellow,6,1,14,34.0
2243,stimulated-emission,https://qpedia.ir/stimulated-emission/,publish,گسیل تحریکی چیست؟,17,157,گسیل تحریکی,480,30,11,2.4,7,0,True,True,True,False,False,0,0,0,0,True,True,1670,941,5,1,0,0,1,3,False,"Thu, 03 Sep 2026 17:02:34 +0000",2026-09-03 20:32:34,2026-09-19 04:58:21,16,9,16,15,14,8,2,80,yellow,6,1,14,34.0
3348,dilution-refrigerator,https://qpedia.ir/dilution-refrigerator/,publish,یخچال رقیق‌سازی؛ چگونه به چند میلی‌کلوین می‌رسیم؟,49,127,یخچال رقیق‌سازی,379,30,17,1.9,8,0,True,True,True,False,False,0,0,0,0,True,True,1200,675,2,4,1,0,4,1,True,"Mon, 21 Sep 2026 05:44:54 +0000",2026-09-21 09:14:54,2026-09-21 09:14:54,18,10,18,15,9,8,2,80,yellow,4,2,14,34.0
299,quantum-tunneling,https://qpedia.ir/quantum-tunneling/,publish,تونل‌زنی کوانتومی؛ پدیده‌ای که بدونش خورشید نمی‌تابید,53,109,تونل زنی کوانتومی پدیده ای,1093,79,22,5.5,11,4,True,False,True,True,True,1,0,0,0,True,True,1672,941,4,0,0,0,0,15,False,"Sat, 22 Aug 2026 20:59:03 +0000",2026-08-23 00:29:03,2026-09-18 02:12:22,15,5,16,16,13,8,6,79,yellow,6,0,12,33.6
2535,wigner-friend,https://qpedia.ir/wigner-friend/,publish,پارادوکس دوست ویگنر؛ آیا واقعیت برای همه یکی است؟,49,95,پارادوکس دوست ویگنر واقعیت همه,1146,87,31,5.7,8,3,True,True,False,True,False,0,0,0,0,True,True,1671,941,11,5,0,0,5,4,False,"Sat, 05 Sep 2026 23:15:33 +0000",2026-09-06 02:45:33,2026-09-18 02:02:31,13,5,20,15,16,8,2,79,yellow,6,0,12,33.6
2537,simulation-hypothesis-quantum,https://qpedia.ir/simulation-hypothesis-quantum/,publish,آیا جهان یک شبیه سازی است؟ نقد سه استدلال کوانتومی,50,109,جهان یک شبیه سازی نقد,1135,90,36,5.7,9,0,True,True,False,True,False,0,0,0,0,True,True,1670,942,7,5,0,0,5,0,False,"Sat, 05 Sep 2026 23:15:33 +0000",2026-09-06 02:45:33,2026-09-18 02:51:43,15,5,20,15,16,6,2,79,yellow,6,0,12,33.6
2753,quantum-repeater,https://qpedia.ir/quantum-repeater/,publish,ریپیتر کوانتومی؛ چاپارخانهٔ درهم تنیدگی,39,158,ریپیتر کوانتومی چاپارخانهٔ درهم تنیدگی,899,87,22,4.5,6,0,True,True,False,False,False,0,0,0,0,True,True,1671,941,7,3,0,0,3,7,False,"Mon, 14 Sep 2026 16:30:35 +0000",2026-09-14 20:00:35,2026-09-19 04:27:54,16,5,18,15,16,8,0,78,yellow,6,0,10,33.0
2758,lamb-shift,https://qpedia.ir/lamb-shift/,publish,شکاف لمب؛ دو تراز که نباید جدا می شدند,38,156,شکاف لمب دو تراز نباید,884,88,21,4.4,6,0,True,True,False,False,False,0,0,0,0,True,True,1200,675,10,3,0,0,2,3,False,"Mon, 14 Sep 2026 16:30:35 +0000",2026-09-14 20:00:35,2026-09-14 20:00:35,16,5,18,15,16,8,0,78,yellow,6,0,10,33.0
2759,topological-superconductivity,https://qpedia.ir/topological-superconductivity/,publish,ابررسانایی توپولوژیک؛ زوج با گره در لبه,39,155,ابررسانایی توپولوژیک زوج گره لبه,879,86,21,4.4,6,0,True,True,False,False,False,0,0,0,0,True,True,1200,675,6,3,0,0,3,2,False,"Mon, 14 Sep 2026 16:30:35 +0000",2026-09-14 20:00:35,2026-09-18 02:28:45,16,5,18,15,16,8,0,78,yellow,6,0,10,33.0
3442,quantum-electrodynamics,https://qpedia.ir/quantum-electrodynamics/,publish,الکترودینامیک کوانتومی؛ نظریه‌ای که نور و بار را با دقت بی‌سابقه پیوند می‌دهد,77,123,الکترودینامیک کوانتومی,341,31,17,1.7,8,0,True,True,True,False,False,0,0,0,0,True,True,1200,675,3,4,0,0,4,0,True,"Sun, 20 Sep 2026 19:31:41 +0000",2026-09-20 23:01:41,2026-09-20 23:01:42,14,9,18,15,16,6,2,80,yellow,5,1,13,33.0
3458,quantum-kernel,https://qpedia.ir/quantum-kernel/,publish,هستهٔ کوانتومی؛ آیا نگاشت داده به فضای کیوبیت‌ها یادگیری را بهتر می‌کند؟,72,131,هستهٔ کوانتومی,392,35,17,2.0,8,0,True,True,True,False,False,0,0,0,0,True,True,1200,675,3,4,0,0,4,1,True,"Mon, 21 Sep 2026 05:44:55 +0000",2026-09-21 09:14:55,2026-09-21 09:14:55,14,7,18,15,16,8,2,80,yellow,5,1,13,33.0
567,heisenberg-uncertainty-principle,https://qpedia.ir/heisenberg-uncertainty-principle/,publish,اصل عدم قطعیت هایزنبرگ به زبان ساده,35,114,اصل عدم قطعیت هایزنبرگ,832,44,13,4.2,6,0,True,True,False,False,False,0,0,0,0,True,True,1671,941,4,0,0,0,0,11,False,"Tue, 01 Sep 2026 05:31:13 +0000",2026-09-01 09:01:13,2026-09-03 02:57:03,15,10,14,15,13,8,0,75,yellow,4,0,6,32.5
291,quantum-measurement,https://qpedia.ir/quantum-measurement/,publish,اندازه‌گیری و فروپاشی در کوانتوم؛ بزرگ‌ترین درزِ مکانیک کوانتومی,64,125,اندازه گیری فروپاشی کوانتوم بزرگ,1159,91,25,5.8,11,4,True,False,True,True,True,1,0,0,0,True,True,1671,941,4,0,0,0,0,39,False,"Thu, 03 Sep 2026 00:08:59 +0000",2026-09-03 03:38:59,2026-09-16 00:39:23,16,5,16,16,13,8,6,80,green,6,0,12,32.0
2088,entanglement-quantum-computers,https://qpedia.ir/entanglement-quantum-computers/,publish,درهم‌تنیدگی در کامپیوترهای کوانتومی امروزی,42,106,درهم تنیدگی کامپیوترهای کوانتومی امروزی,947,50,0,4.7,7,0,True,True,False,False,False,0,0,0,0,True,True,1672,940,6,3,0,0,3,3,False,"Wed, 02 Sep 2026 17:36:28 +0000",2026-09-02 21:06:28,2026-09-03 02:42:08,15,5,20,15,16,8,0,79,yellow,6,0,10,31.5
2094,einstein-bohr-debate,https://qpedia.ir/einstein-bohr-debate/,publish,نبرد اینشتین و بور بر سر معنای کوانتوم,38,109,نبرد اینشتین بور بر سر,917,51,0,4.6,8,0,True,True,False,False,False,0,0,0,0,True,True,1672,941,6,3,0,0,3,3,False,"Wed, 02 Sep 2026 17:36:29 +0000",2026-09-02 21:06:29,2026-09-03 02:34:28,15,5,20,15,16,8,0,79,yellow,6,0,10,31.5
2096,solar-cells-photoelectric,https://qpedia.ir/solar-cells-photoelectric/,publish,پنل خورشیدی و اثر فوتوالکتریک؛ تبدیل نور به جریان زندگی,55,103,پنل خورشیدی اثر فوتوالکتریک تبدیل,962,50,0,4.8,8,0,True,True,False,False,False,0,0,0,0,True,True,1671,941,5,3,0,0,2,1,False,"Wed, 02 Sep 2026 23:09:07 +0000",2026-09-03 02:39:07,2026-09-03 02:39:08,15,5,20,15,16,8,0,79,yellow,6,0,10,31.5
2087,quantum-sensors,https://qpedia.ir/quantum-sensors/,publish,حسگرهای کوانتومی؛ آیندهٔ دقت اندازه‌گیری,40,113,حسگرهای کوانتومی آیندهٔ دقت اندازه,1079,63,0,5.4,8,0,True,True,False,False,False,0,0,0,0,True,True,1670,942,6,3,0,0,2,10,False,"Wed, 02 Sep 2026 23:17:09 +0000",2026-09-03 02:47:09,2026-09-18 02:10:28,15,5,20,15,16,8,0,79,yellow,6,0,10,31.5
505,electron,https://qpedia.ir/electron/,publish,الکترون چیست؟ ویژگی‌ها، نقش در اتم و برق,40,117,الکترون ویژگی ها، نقش اتم,899,56,19,4.5,13,0,True,False,True,False,False,0,0,0,0,True,True,1670,942,9,3,0,0,3,30,False,"Wed, 02 Sep 2026 23:46:13 +0000",2026-09-03 03:16:13,2026-09-03 03:16:14,15,5,18,15,16,8,2,79,yellow,6,0,10,31.5
2478,holographic-principle,https://qpedia.ir/holographic-principle/,publish,اصل هولوگرافیک؛ آیا جهان ما یک هولوگرام است؟,44,119,اصل هولوگرافیک جهان ما یک,1174,75,24,5.9,8,0,True,True,False,False,False,0,0,0,0,True,True,1670,942,5,3,0,0,3,2,False,"Sat, 05 Sep 2026 19:09:44 +0000",2026-09-05 22:39:44,2026-09-05 22:39:44,15,5,20,15,16,8,0,79,yellow,6,0,10,31.5
2479,post-quantum-cryptography,https://qpedia.ir/post-quantum-cryptography/,publish,رمزنگاری پساکوانتومی؛ قفل های تازهٔ اینترنت,43,117,رمزنگاری پساکوانتومی قفل های تازهٔ,1148,78,27,5.7,8,0,True,True,False,False,False,0,0,0,0,True,True,1200,675,5,3,0,0,2,9,False,"Sat, 05 Sep 2026 19:09:44 +0000",2026-09-05 22:39:44,2026-09-05 22:39:44,15,5,20,15,16,8,0,79,yellow,6,0,10,31.5
2480,quantum-chemistry,https://qpedia.ir/quantum-chemistry/,publish,شیمی کوانتومی چیست؟ چرا دستتان از دیوار رد نمی شود,50,101,شیمی کوانتومی دستتان دیوار رد,1197,84,26,6.0,7,0,True,True,False,False,False,0,0,0,0,True,True,1670,942,6,3,0,0,2,4,False,"Sat, 05 Sep 2026 19:09:44 +0000",2026-09-05 22:39:44,2026-09-18 02:09:59,15,5,20,15,16,8,0,79,yellow,6,0,10,31.5
2485,quantum-healing-debunked,https://qpedia.ir/quantum-healing-debunked/,publish,شفای کوانتومی؛ چرا این ادعا شبه علم است؟,40,114,شفای کوانتومی ادعا شبه علم,1195,80,30,6.0,9,0,True,True,False,False,False,0,0,0,0,True,True,1670,942,7,3,0,0,2,4,False,"Sat, 05 Sep 2026 19:09:44 +0000",2026-09-05 22:39:44,2026-09-19 05:12:54,15,5,20,15,16,8,0,79,yellow,6,0,10,31.5
2486,string-theory-quantum,https://qpedia.ir/string-theory-quantum/,publish,نظریهٔ ریسمان و کوانتوم؛ جهان از جنس نت است؟,44,113,نظریهٔ ریسمان کوانتوم جهان جنس,1144,78,25,5.7,8,0,True,True,False,False,False,0,0,0,0,True,True,1670,942,4,3,0,0,3,1,False,"Sat, 05 Sep 2026 19:09:44 +0000",2026-09-05 22:39:44,2026-09-18 02:08:33,15,5,20,15,16,8,0,79,yellow,6,0,10,31.5
2487,time-crystal,https://qpedia.ir/time-crystal/,publish,کریستال زمان چیست؟ ماده ای که در زمان تکرار می شود,50,107,کریستال زمان ماده ای زمان,1139,82,27,5.7,8,0,True,True,False,False,False,0,0,0,0,True,True,1672,941,4,3,0,0,3,1,False,"Sat, 05 Sep 2026 19:09:44 +0000",2026-09-05 22:39:44,2026-09-19 05:18:20,15,5,20,15,16,8,0,79,yellow,6,0,10,31.5
2490,ibm-condor-processor,https://qpedia.ir/ibm-condor-processor/,publish,پردازندهٔ IBM Condor؛ چرا هزار کیوبیت کافی نیست,47,114,پردازندهٔ IBM Condor هزار کیوبیت,980,66,26,4.9,8,0,True,True,False,False,False,0,0,0,0,True,True,1672,940,4,3,0,0,3,4,False,"Sat, 05 Sep 2026 19:35:17 +0000",2026-09-05 23:05:17,2026-09-05 23:05:17,15,5,20,15,16,8,0,79,yellow,6,0,10,31.5
2491,pet-scan-antimatter,https://qpedia.ir/pet-scan-antimatter/,publish,پادماده در پزشکی؛ اسکن پت چطور کار می کند؟,42,117,پادماده پزشکی اسکن پت چطور,1045,77,30,5.2,8,0,True,True,False,False,False,0,0,0,0,True,True,1672,941,6,3,0,0,3,1,False,"Sat, 05 Sep 2026 19:35:17 +0000",2026-09-05 23:05:17,2026-09-18 02:07:08,15,5,20,15,16,8,0,79,yellow,6,0,10,31.5
2494,quantum-internet-satellite,https://qpedia.ir/quantum-internet-satellite/,publish,اینترنت کوانتومی فضایی؛ ماجرای ماهوارهٔ میسیوس,46,103,اینترنت کوانتومی فضایی ماجرای ماهوارهٔ,1111,80,33,5.6,9,0,True,True,False,False,False,0,0,0,0,True,True,1670,942,5,3,0,0,3,3,False,"Sat, 05 Sep 2026 19:35:17 +0000",2026-09-05 23:05:17,2026-09-18 02:32:00,15,5,20,15,16,8,0,79,yellow,6,0,10,31.5
2495,quantum-machine-learning,https://qpedia.ir/quantum-machine-learning/,publish,یادگیری ماشین کوانتومی؛ وعده ها و واقعیت ها,43,112,یادگیری ماشین کوانتومی وعده ها,1046,74,26,5.2,8,0,True,True,False,False,False,0,0,0,0,True,True,1670,942,3,3,0,0,3,6,False,"Sat, 05 Sep 2026 19:35:17 +0000",2026-09-05 23:05:17,2026-09-18 02:33:02,15,5,20,15,16,8,0,79,yellow,6,0,10,31.5
2496,quantum-radar,https://qpedia.ir/quantum-radar/,publish,رادار کوانتومی؛ آیا جنگندهٔ رادارگریز را می بیند؟,49,119,رادار کوانتومی جنگندهٔ رادارگریز می,1126,80,28,5.6,8,0,True,True,False,False,False,0,0,0,0,True,True,1670,942,4,3,0,0,3,5,False,"Sat, 05 Sep 2026 19:35:17 +0000",2026-09-05 23:05:17,2026-09-05 23:05:17,15,5,20,15,16,8,0,79,yellow,6,0,10,31.5
2497,quantum-spin-liquid,https://qpedia.ir/quantum-spin-liquid/,publish,مایع اسپینی کوانتومی؛ ماده ای که هرگز آرام نمی گیرد,51,119,مایع اسپینی کوانتومی ماده ای,1036,70,26,5.2,7,0,True,True,False,False,False,0,0,0,0,True,True,1671,941,4,3,0,0,3,4,False,"Sat, 05 Sep 2026 19:35:17 +0000",2026-09-05 23:05:17,2026-09-19 05:27:34,15,5,20,15,16,8,0,79,yellow,6,0,10,31.5
2500,black-hole-information-paradox,https://qpedia.ir/black-hole-information-paradox/,publish,پارادوکس اطلاعات سیاه چاله؛ معمای هاوکینگ,41,110,پارادوکس اطلاعات سیاه چاله معمای,1151,70,21,5.8,8,3,True,True,False,False,False,0,0,0,0,True,True,1672,940,3,5,0,0,5,1,False,"Sat, 05 Sep 2026 19:55:55 +0000",2026-09-05 23:25:55,2026-09-05 23:25:55,15,5,20,15,16,8,0,79,yellow,6,0,10,31.5
2527,quantum-random-number-generator,https://qpedia.ir/quantum-random-number-generator/,publish,عدد تصادفی کوانتومی؛ تنها تصادف واقعی جهان,42,105,عدد تصادفی کوانتومی تنها تصادف,1080,95,28,5.4,8,2,True,True,False,False,False,0,0,0,0,True,True,1672,941,6,5,0,0,5,3,False,"Sat, 05 Sep 2026 23:04:03 +0000",2026-09-06 02:34:03,2026-09-18 01:59:25,15,5,20,15,16,8,0,79,yellow,6,0,10,31.5
2528,room-temperature-superconductor,https://qpedia.ir/room-temperature-superconductor/,publish,ابررسانای دمای اتاق؛ درس LK-99 دربارهٔ هیجان علمی,49,118,ابررسانای دمای اتاق درس LK-99,1009,84,27,5.0,8,0,True,True,False,False,False,0,0,0,0,True,True,1200,675,3,5,0,0,4,1,False,"Sat, 05 Sep 2026 23:04:03 +0000",2026-09-06 02:34:03,2026-09-06 02:34:03,15,5,20,15,16,8,0,79,yellow,6,0,10,31.5
2248,scanning-tunneling-microscope,https://qpedia.ir/scanning-tunneling-microscope/,publish,میکروسکوپ تونلی چیست؟,21,157,میکروسکوپ تونلی,478,34,11,2.4,8,0,True,True,True,False,False,0,0,0,0,True,True,1672,941,6,1,0,0,1,4,False,"Thu, 03 Sep 2026 17:01:16 +0000",2026-09-03 20:31:16,2026-09-18 02:21:16,16,10,16,15,14,8,2,81,yellow,5,1,13,31.3
2252,grover-algorithm,https://qpedia.ir/grover-algorithm/,publish,الگوریتم گروور چیست؟,20,157,الگوریتم گروور,457,29,10,2.3,7,0,True,True,True,False,False,0,0,0,0,True,True,1671,941,5,2,0,0,0,7,False,"Thu, 03 Sep 2026 17:00:44 +0000",2026-09-03 20:30:44,2026-09-18 02:17:46,16,9,16,15,14,8,2,80,yellow,5,1,11,31.0
2254,bose-einstein-condensate,https://qpedia.ir/bose-einstein-condensate/,publish,چگالش بوز-اینشتین چیست؟,23,154,چگالش بوز-اینشتین,503,29,11,2.5,8,0,True,True,True,False,False,0,0,0,0,True,True,1672,940,6,1,0,0,1,4,False,"Thu, 03 Sep 2026 17:00:44 +0000",2026-09-03 20:30:44,2026-09-03 20:30:44,16,9,16,15,14,8,2,80,yellow,5,1,11,31.0
2259,pilot-wave,https://qpedia.ir/pilot-wave/,publish,تفسیر دوبروی-بوهم چیست؟,23,155,تفسیر دوبروی-بوهم,467,27,11,2.3,8,0,True,True,True,False,False,0,0,0,0,True,True,1670,942,6,1,0,0,1,1,False,"Thu, 03 Sep 2026 17:01:16 +0000",2026-09-03 20:31:16,2026-09-18 02:37:44,16,9,16,15,14,8,2,80,yellow,5,1,11,31.0
3432,quantum-logic,https://qpedia.ir/quantum-logic/,publish,منطق کوانتومی؛ چرا گزاره‌های آزمایش مانند مجموعه‌های معمولی رفتار نمی‌کنند؟,75,150,منطق کوانتومی,332,34,17,1.7,8,0,True,True,True,False,False,0,0,0,0,True,True,1200,675,3,4,0,0,3,0,True,"Sun, 20 Sep 2026 15:39:33 +0000",2026-09-20 19:09:33,2026-09-20 19:34:15,14,10,18,15,16,6,2,81,yellow,4,1,12,30.4
3426,quantum-contextuality,https://qpedia.ir/quantum-contextuality/,publish,زمینه‌مندی کوانتومی؛ چرا نتیجه را نمی‌توان مستقل از شیوه اندازه‌گیری دانست؟,75,147,زمینه‌مندی کوانتومی,365,33,17,1.8,8,0,True,True,True,False,False,0,0,0,0,True,True,1200,675,3,4,0,0,4,2,True,"Mon, 21 Sep 2026 05:44:55 +0000",2026-09-21 09:14:55,2026-09-21 09:14:55,14,8,18,15,16,8,2,81,yellow,4,1,12,30.4
2482,quantum-darwinism,https://qpedia.ir/quantum-darwinism/,publish,داروینیسم کوانتومی؛ چرا همه یک واقعیت می بینیم؟,47,130,داروینیسم کوانتومی همه یک واقعیت,1182,83,26,5.9,8,0,True,True,False,False,False,0,0,0,0,True,True,1670,941,6,3,0,0,3,2,False,"Sat, 05 Sep 2026 19:09:44 +0000",2026-09-05 22:39:44,2026-09-18 02:07:37,16,5,20,15,16,8,0,80,green,6,0,10,30.0
2533,josephson-junction,https://qpedia.ir/josephson-junction/,publish,پیوند جوزفسون؛ قلب تپندهٔ کامپیوتر کوانتومی,43,121,پیوند جوزفسون قلب تپندهٔ کامپیوتر,1127,82,30,5.6,9,0,True,True,False,False,False,0,0,0,0,True,True,1200,675,13,5,0,0,5,6,False,"Sat, 05 Sep 2026 23:15:33 +0000",2026-09-06 02:45:33,2026-09-06 02:45:33,16,5,20,15,16,8,0,80,green,6,0,10,30.0
2742,muon-and-tau,https://qpedia.ir/muon-and-tau/,publish,میون و تاو؛ پسرعموهای سنگین الکترون,35,154,میون تاو پسرعموهای سنگین الکترون,989,80,23,4.9,7,0,True,True,False,False,False,0,0,0,0,True,True,1200,675,5,4,0,0,2,1,False,"Thu, 10 Sep 2026 03:58:40 +0000",2026-09-10 07:28:40,2026-09-10 07:28:40,16,5,20,15,16,8,0,80,green,6,0,10,30.0
2743,proton-neutron-quark-structure,https://qpedia.ir/proton-neutron-quark-structure/,publish,پروتون از چه ساخته شده؟ کوارک کافی نیست,39,157,پروتون ساخته شده کوارک کافی,989,87,22,4.9,7,0,True,True,False,False,False,0,0,0,0,True,True,1200,675,6,4,0,0,3,2,False,"Thu, 10 Sep 2026 12:49:07 +0000",2026-09-10 16:19:07,2026-09-10 16:19:07,16,5,20,15,16,8,0,80,green,6,0,10,30.0
2745,quantum-long-term-memory,https://qpedia.ir/quantum-long-term-memory/,publish,حافظه بلندمدت مغز کوانتومی است؟,31,152,حافظه بلندمدت مغز کوانتومی,1116,99,29,5.6,7,0,True,True,False,False,False,0,0,0,0,True,True,1200,675,5,3,0,0,2,0,False,"Wed, 09 Sep 2026 06:23:07 +0000",2026-09-09 09:53:07,2026-09-09 09:53:07,16,7,20,15,16,6,0,80,green,6,0,10,30.0
2747,nobel-physics-2012,https://qpedia.ir/nobel-physics-2012/,publish,نوبل فیزیک ۲۰۱۲؛ یک ذره را گرفتند و نکشتند,42,153,نوبل فیزیک ۲۰۱۲ یک ذره,980,85,22,4.9,7,0,True,True,False,False,False,0,0,0,0,True,True,1200,675,7,3,0,0,2,1,False,"Mon, 14 Sep 2026 16:30:35 +0000",2026-09-14 20:00:35,2026-09-14 20:00:35,16,5,20,15,16,8,0,80,green,6,0,10,30.0
2750,wheeler-delayed-choice,https://qpedia.ir/wheeler-delayed-choice/,publish,انتخاب تأخیری ویلر؛ فوتون از قبل تصمیم نگرفته,45,153,انتخاب تأخیری ویلر فوتون قبل,971,86,22,4.9,7,0,True,True,False,False,False,0,0,0,0,True,True,1671,941,7,3,0,0,3,1,False,"Mon, 14 Sep 2026 16:30:35 +0000",2026-09-14 20:00:35,2026-09-18 02:25:53,16,5,20,15,16,8,0,80,green,6,0,10,30.0
2751,topological-quantum-computing,https://qpedia.ir/topological-quantum-computing/,publish,کامپیوتر توپولوژیک؛ گره ای که خطا را نمی بیند,45,158,کامپیوتر توپولوژیک گره ای خطا,1011,91,24,5.1,7,0,True,True,False,False,False,0,0,0,0,True,True,1671,941,8,3,0,0,3,1,False,"Wed, 09 Sep 2026 14:32:10 +0000",2026-09-09 18:02:10,2026-09-09 18:02:10,16,5,20,15,16,8,0,80,green,6,0,10,30.0
2752,qubit-types-compared,https://qpedia.ir/qubit-types-compared/,publish,سه جور کیوبیت؛ ابررسانا، یون و فوتون,36,156,سه جور کیوبیت ابررسانا، یون,903,95,24,4.5,7,0,True,True,False,False,False,0,0,0,0,True,True,1200,675,14,3,0,0,3,3,False,"Mon, 14 Sep 2026 16:30:35 +0000",2026-09-14 20:00:35,2026-09-14 20:00:35,16,5,20,15,16,8,0,80,green,6,0,10,30.0
2754,bb84-protocol,https://qpedia.ir/bb84-protocol/,publish,پروتکل BB84؛ قفل با فوتون نه با عدد سخت,39,154,پروتکل BB84 قفل فوتون نه,934,92,22,4.7,6,0,True,True,False,False,False,0,0,0,0,True,True,1200,675,8,3,0,0,3,5,False,"Mon, 14 Sep 2026 16:30:35 +0000",2026-09-14 20:00:35,2026-09-14 20:00:35,16,5,20,15,16,8,0,80,green,6,0,10,30.0
2757,aharonov-bohm-effect,https://qpedia.ir/aharonov-bohm-effect/,publish,اثر آهارونوف-بوهم؛ فاز بدون میدان محلی,38,155,اثر آهارونوف-بوهم فاز بدون میدان,900,87,21,4.5,6,0,True,True,False,False,False,0,0,0,0,True,True,1200,675,6,3,0,0,3,1,False,"Mon, 14 Sep 2026 16:30:35 +0000",2026-09-14 20:00:35,2026-09-14 20:00:35,16,5,20,15,16,8,0,80,green,6,0,10,30.0
3537,squid,https://qpedia.ir/squid/,publish,اسکویید؛ حساس‌ترین حلقه برای شنیدن میدان مغناطیسی,49,120,اسکویید,361,32,17,1.8,8,0,True,True,True,False,False,0,0,0,0,True,True,1200,675,3,4,0,0,4,0,True,"Sun, 20 Sep 2026 15:35:15 +0000",2026-09-20 19:05:15,2026-09-20 19:34:15,18,7,18,15,16,6,2,82,yellow,5,1,13,29.7
3414,quantum-anesthesia,https://qpedia.ir/quantum-anesthesia/,publish,بیهوشی و کوانتوم؛ فرضیه‌ای جذاب با شواهد محدود,46,125,بیهوشی و کوانتوم,379,33,17,1.9,8,0,True,True,True,False,False,0,0,0,0,True,True,1200,675,3,4,0,0,4,0,True,"Mon, 21 Sep 2026 01:18:34 +0000",2026-09-21 04:48:34,2026-09-21 04:48:34,18,7,18,15,16,6,2,82,yellow,5,1,13,29.7
3416,quantum-cancer,https://qpedia.ir/quantum-cancer/,publish,کوانتوم در سرطان؛ از ابزار تشخیص تا ادعاهای درمانی,50,129,کوانتوم در سرطان,377,33,17,1.9,8,0,True,True,True,False,False,0,0,0,0,True,True,1200,675,3,4,0,0,4,0,True,"Mon, 21 Sep 2026 05:44:54 +0000",2026-09-21 09:14:54,2026-09-21 09:14:54,18,7,18,15,16,6,2,82,yellow,5,1,13,29.7
3418,quantum-bacteria,https://qpedia.ir/quantum-bacteria/,publish,کوانتوم در باکتری‌ها؛ از فتوسنتز تا حس‌کردن میدان,49,135,کوانتوم در باکتری‌ها,376,29,17,1.9,8,0,True,True,True,False,False,0,0,0,0,True,True,1200,675,3,4,0,0,4,0,True,"Mon, 21 Sep 2026 05:44:55 +0000",2026-09-21 09:14:55,2026-09-21 09:14:55,18,7,18,15,16,6,2,82,yellow,5,1,13,29.7
3420,quantum-viruses,https://qpedia.ir/quantum-viruses/,publish,کوانتوم در ویروس‌ها؛ علم مولکولی یا برچسبی گمراه‌کننده؟,55,127,کوانتوم در ویروس‌ها,393,32,17,2.0,8,0,True,True,True,False,False,0,0,0,0,True,True,1200,675,3,4,0,0,4,0,True,"Mon, 21 Sep 2026 05:44:55 +0000",2026-09-21 09:14:55,2026-09-21 09:14:55,18,7,18,15,16,6,2,82,yellow,5,1,13,29.7
3428,quantum-cheshire-cat,https://qpedia.ir/quantum-cheshire-cat/,publish,گربهٔ چشایر کوانتومی؛ آیا ویژگی واقعاً از ذره جدا می‌شود؟,57,135,گربهٔ چشایر کوانتومی,410,28,17,2.0,8,0,True,True,True,False,False,0,0,0,0,True,True,1200,675,3,4,0,0,4,0,True,"Mon, 21 Sep 2026 05:44:55 +0000",2026-09-21 09:14:55,2026-09-21 09:14:55,18,7,18,15,16,6,2,82,yellow,5,1,13,29.7
3445,electroweak-theory,https://qpedia.ir/electroweak-theory/,publish,نظریهٔ الکتروضعیف؛ اتحاد نور و واپاشی هسته‌ای,45,124,نظریهٔ الکتروضعیف,339,29,17,1.7,8,0,True,True,True,False,False,0,0,0,0,True,True,1200,675,3,4,0,0,4,0,True,"Mon, 21 Sep 2026 05:44:54 +0000",2026-09-21 09:14:54,2026-09-21 09:14:54,18,7,18,15,16,6,2,82,yellow,5,1,13,29.7
2835,born-probability,https://qpedia.ir/born-probability/,publish,ماکس بورن و تفسیر احتمالاتی؛ مربع تابع موج چه می گوید؟,54,156,ماکس بورن تفسیر احتمالاتی مربع,1329,73,17,6.6,10,0,True,True,False,False,False,1,0,0,0,True,True,1670,942,5,3,0,0,2,4,False,"Tue, 15 Sep 2026 02:03:29 +0000",2026-09-15 05:33:29,2026-09-19 04:24:05,16,5,22,14,16,8,0,81,green,7,0,11,29.4
2838,pauli-exclusion,https://qpedia.ir/pauli-exclusion/,publish,پاولی و اصل طرد؛ چرا دو الکترون مثل هم در یک «اتاق» نمی مانند؟,62,154,پاولی اصل طرد دو الکترون,1240,71,15,6.2,9,0,True,True,False,False,False,1,0,0,0,True,True,1670,942,7,3,0,0,2,1,False,"Tue, 15 Sep 2026 02:02:02 +0000",2026-09-15 05:32:02,2026-09-19 05:45:58,16,5,22,14,16,8,0,81,green,7,0,11,29.4
2841,einstein-schrodinger-reality,https://qpedia.ir/einstein-schrodinger-reality/,publish,اینشتین و شرودینگر؛ دو دوست که با کوانتوم در افتادند,52,157,اینشتین شرودینگر دو دوست کوانتوم,1526,69,18,7.6,10,0,True,True,False,False,False,1,0,0,0,True,True,1670,942,12,3,0,0,3,1,False,"Tue, 15 Sep 2026 02:02:59 +0000",2026-09-15 05:32:59,2026-09-19 04:24:36,16,5,22,14,16,8,0,81,green,7,0,11,29.4
2225,quantum-state,https://qpedia.ir/quantum-state/,publish,حالت کوانتومی چیست؟ چرا «الکترون کجاست؟» پرسش اشتباه است؟,57,157,حالت کوانتومی الکترون کجاست پرسش,1232,94,27,6.2,12,4,True,True,True,True,False,1,0,0,0,True,True,1199,675,7,0,0,0,0,4,False,"Thu, 03 Sep 2026 15:57:53 +0000",2026-09-03 19:27:53,2026-09-16 00:39:24,16,5,20,16,13,8,4,82,green,6,0,12,28.8
2227,observer,https://qpedia.ir/observer/,publish,ناظر در کوانتوم چیست؟,21,153,ناظر کوانتوم,1448,113,27,7.2,12,4,True,True,True,True,False,2,0,0,0,True,True,1199,675,6,0,0,0,0,1,False,"Thu, 03 Sep 2026 17:01:16 +0000",2026-09-03 20:31:16,2026-09-19 04:48:15,16,5,20,16,13,8,4,82,green,6,0,12,28.8
3422,ghz-state,https://qpedia.ir/ghz-state/,publish,حالت GHZ؛ درهم‌تنیدگی چندذره‌ای بدون راه فرار کلاسیک,52,118,حالت GHZ,339,28,17,1.7,8,0,True,True,True,False,False,0,0,0,0,True,True,1200,675,3,4,0,0,4,0,True,"Mon, 21 Sep 2026 05:44:55 +0000",2026-09-21 09:14:55,2026-09-21 09:14:55,17,8,18,15,16,6,2,82,yellow,4,1,12,28.8
2229,quark,https://qpedia.ir/quark/,publish,کوارک چیست؟,11,154,کوارک,641,41,15,3.2,8,0,True,True,True,False,False,0,0,0,0,True,True,1670,942,5,1,0,0,1,7,False,"Thu, 03 Sep 2026 15:57:09 +0000",2026-09-03 19:27:09,2026-09-18 02:44:31,15,9,18,15,14,8,2,81,green,6,0,10,28.5
2484,quantum-gravity,https://qpedia.ir/quantum-gravity/,publish,گرانش کوانتومی چیست؟ بزرگ ترین چالش فیزیک,41,117,گرانش کوانتومی بزرگ ترین چالش,1361,94,25,6.8,9,2,True,True,False,False,False,0,0,0,0,True,True,1670,942,6,3,0,0,3,10,False,"Sat, 05 Sep 2026 19:09:44 +0000",2026-09-05 22:39:44,2026-09-18 02:33:35,15,5,22,15,16,8,0,81,green,6,0,10,28.5
2502,physicists-on-quantum-weirdness,https://qpedia.ir/physicists-on-quantum-weirdness/,publish,ده دیدگاه فیزیکدانان بزرگ دربارهٔ عجایب کوانتوم,47,112,ده دیدگاه فیزیکدانان بزرگ دربارهٔ,1229,79,22,6.1,7,10,True,True,False,False,False,0,0,0,0,True,True,1670,942,11,6,0,0,6,0,False,"Sat, 05 Sep 2026 19:55:55 +0000",2026-09-05 23:25:55,2026-09-05 23:25:55,15,7,22,15,16,6,0,81,green,6,0,10,28.5
2505,quantum-time-travel,https://qpedia.ir/quantum-time-travel/,publish,آیا سفر در زمان با فیزیک کوانتوم ممکن است؟,42,112,سفر زمان فیزیک کوانتوم,1260,75,23,6.3,8,3,True,True,False,False,False,0,0,0,0,True,True,1200,675,4,4,0,0,4,1,False,"Sat, 05 Sep 2026 19:55:55 +0000",2026-09-05 23:25:55,2026-09-05 23:25:55,15,5,22,15,16,8,0,81,green,6,0,10,28.5
2512,law-of-attraction-quantum,https://qpedia.ir/law-of-attraction-quantum/,publish,قانون جذب و کوانتوم؛ کجای این استدلال می لنگد؟,46,108,قانون جذب کوانتوم کجای استدلال,1432,100,30,7.2,9,0,True,True,False,False,False,0,0,0,0,True,True,1670,941,9,5,0,0,5,2,False,"Sat, 05 Sep 2026 21:23:19 +0000",2026-09-06 00:53:19,2026-09-18 02:01:38,15,5,22,15,16,8,0,81,green,6,0,10,28.5
2513,nobel-physics-2025,https://qpedia.ir/nobel-physics-2025/,publish,نوبل فیزیک ۲۰۲۵؛ وقتی یک مدار مثل اتم رفتار کرد,47,115,نوبل فیزیک ۲۰۲۵ وقتی یک,1351,86,29,6.8,8,0,True,True,False,False,False,0,0,0,0,True,True,1200,675,11,5,0,0,4,7,False,"Sat, 05 Sep 2026 21:23:19 +0000",2026-09-06 00:53:19,2026-09-06 00:53:19,15,5,22,15,16,8,0,81,green,6,0,10,28.5
2514,q-day,https://qpedia.ir/q-day/,publish,روز کیو چیست و واقعاً کِی می رسد؟,33,107,روز کیو واقعاً کِی می,1509,94,32,7.5,9,0,True,True,False,False,False,0,0,0,0,True,True,1670,942,7,5,0,0,5,6,False,"Sat, 05 Sep 2026 21:23:19 +0000",2026-09-06 00:53:19,2026-09-18 02:18:17,15,5,22,15,16,8,0,81,green,6,0,10,28.5
2515,quantum-dots-displays,https://qpedia.ir/quantum-dots-displays/,publish,نقطهٔ کوانتومی؛ کوانتومی که در تلویزیون شماست,45,113,نقطهٔ کوانتومی کوانتومی تلویزیون شماست,1338,88,28,6.7,8,0,True,True,False,False,False,0,0,0,0,True,True,1200,675,6,5,0,0,4,4,False,"Sat, 05 Sep 2026 21:23:19 +0000",2026-09-06 00:53:19,2026-09-06 00:53:19,15,5,22,15,16,8,0,81,green,6,0,10,28.5
2516,willow-chip,https://qpedia.ir/willow-chip/,publish,تراشهٔ ویلو؛ گوگل واقعاً چه چیزی را ثابت کرد؟,45,102,تراشهٔ ویلو گوگل واقعاً چیزی,1239,82,29,6.2,8,0,True,True,False,False,False,0,0,0,0,True,True,1670,941,8,5,0,0,5,6,False,"Sat, 05 Sep 2026 21:23:19 +0000",2026-09-06 00:53:19,2026-09-18 02:04:04,15,5,22,15,16,8,0,81,green,6,0,10,28.5
2521,bitcoin-quantum-threat,https://qpedia.ir/bitcoin-quantum-threat/,publish,آیا کامپیوتر کوانتومی بیت کوین را نابود می کند؟,47,107,کامپیوتر کوانتومی بیت کوین نابود,1318,83,31,6.6,8,0,True,True,False,False,False,0,0,0,0,True,True,1200,675,6,5,0,0,5,1,False,"Sat, 05 Sep 2026 22:02:27 +0000",2026-09-06 01:32:27,2026-09-06 01:32:27,15,5,22,15,16,8,0,81,green,6,0,10,28.5
2522,quantum-eraser,https://qpedia.ir/quantum-eraser/,publish,پاک کن کوانتومی؛ آیا آینده بر گذشته اثر می گذارد؟,49,107,پاک کن کوانتومی آینده بر,1340,83,32,6.7,8,0,True,True,False,False,False,0,0,0,0,True,True,1670,942,7,5,0,0,5,5,False,"Sat, 05 Sep 2026 22:02:27 +0000",2026-09-06 01:32:27,2026-09-18 02:00:14,15,5,22,15,16,8,0,81,green,6,0,10,28.5
2523,moore-law-quantum-limit,https://qpedia.ir/moore-law-quantum-limit/,publish,پایان قانون مور؛ چرا ترانزیستورها به دیوار خوردند؟,50,108,پایان قانون مور ترانزیستورها دیوار,1319,91,33,6.6,8,0,True,True,False,False,False,0,0,0,0,True,True,1200,675,6,5,0,0,5,1,False,"Sat, 05 Sep 2026 22:02:27 +0000",2026-09-06 01:32:27,2026-09-06 01:32:27,15,5,22,15,16,8,0,81,green,6,0,10,28.5
2529,zero-point-energy-scam,https://qpedia.ir/zero-point-energy-scam/,publish,انرژی نقطهٔ صفر و افسانهٔ انرژی رایگان,38,112,انرژی نقطهٔ صفر افسانهٔ انرژی,1264,98,33,6.3,8,3,True,True,False,False,False,0,0,0,0,True,True,1200,675,7,5,0,0,5,1,False,"Sat, 05 Sep 2026 23:04:03 +0000",2026-09-06 02:34:03,2026-09-06 02:34:03,15,5,22,15,16,8,0,81,green,6,0,10,28.5
2530,quantum-hype-bubble,https://qpedia.ir/quantum-hype-bubble/,publish,حباب هیجان کوانتومی؛ چقدرش واقعی است؟,37,112,حباب هیجان کوانتومی چقدرش واقعی,1246,101,32,6.2,10,3,True,True,False,False,False,0,0,0,0,True,True,1200,675,14,5,0,0,5,4,False,"Sat, 05 Sep 2026 23:04:03 +0000",2026-09-06 02:34:03,2026-09-06 02:34:03,15,5,22,15,16,8,0,81,green,6,0,10,28.5
545,quantum-teleportation,https://qpedia.ir/quantum-teleportation/,publish,تله پورت کوانتومی چیست؟,23,112,تله پورت کوانتومی,1726,87,26,8.6,8,0,True,True,False,False,False,0,0,0,0,True,True,1672,941,5,0,0,0,0,9,False,"Tue, 01 Sep 2026 00:33:21 +0000",2026-09-01 04:03:21,2026-09-18 02:48:34,15,10,18,15,13,8,0,79,yellow,4,0,6,27.3
3466,quantum-programming-language,https://qpedia.ir/quantum-programming-language/,publish,زبان برنامه‌نویسی کوانتومی؛ از الگوریتم تا مدار قابل‌اجرا,57,127,زبان برنامه‌نویسی کوانتومی,379,34,17,1.9,8,0,True,True,True,False,False,0,0,0,0,True,True,1200,675,3,4,0,0,4,0,True,"Sun, 20 Sep 2026 15:36:11 +0000",2026-09-20 19:06:11,2026-09-20 19:34:15,18,8,18,15,16,6,2,83,yellow,4,1,12,27.2
3410,quantum-engine-efficiency,https://qpedia.ir/quantum-engine-efficiency/,publish,بازده موتور کوانتومی؛ آیا همدوسی می‌تواند از کارنو جلو بزند؟,60,124,بازده موتور کوانتومی,382,33,17,1.9,8,0,True,True,True,False,False,0,0,0,0,True,True,1200,675,3,4,0,0,4,0,True,"Mon, 21 Sep 2026 05:44:55 +0000",2026-09-21 09:14:55,2026-09-21 09:14:55,18,8,18,15,16,6,2,83,yellow,4,1,12,27.2
3438,anomalous-magnetic-moment,https://qpedia.ir/anomalous-magnetic-moment/,publish,گشتاور مغناطیسی ناهنجار؛ آزمونی میلیاردی برای نظریه ذرات,56,121,گشتاور مغناطیسی ناهنجار,373,34,17,1.9,8,0,True,True,True,False,False,0,0,0,0,True,True,1200,675,3,4,0,0,4,0,True,"Mon, 21 Sep 2026 05:44:55 +0000",2026-09-21 09:14:55,2026-09-21 09:14:55,18,8,18,15,16,6,2,83,yellow,4,1,12,27.2
3462,quantum-generative-model,https://qpedia.ir/quantum-generative-model/,publish,مدل مولد کوانتومی؛ آیا کیوبیت‌ها می‌توانند داده تازه بسازند؟,60,122,مدل مولد کوانتومی,399,33,17,2.0,8,0,True,True,True,False,False,0,0,0,0,True,True,1200,675,3,4,0,0,4,0,True,"Mon, 21 Sep 2026 05:44:55 +0000",2026-09-21 09:14:55,2026-09-21 09:14:55,18,8,18,15,16,6,2,83,yellow,4,1,12,27.2
3464,quantum-reinforcement-learning,https://qpedia.ir/quantum-reinforcement-learning/,publish,یادگیری تقویتی کوانتومی؛ عامل، محیط و پاداش با کیوبیت‌ها,56,133,یادگیری تقویتی کوانتومی,389,34,17,1.9,8,0,True,True,True,False,False,0,0,0,0,True,True,1200,675,3,4,0,0,4,0,True,"Mon, 21 Sep 2026 05:44:55 +0000",2026-09-21 09:14:55,2026-09-21 09:14:55,18,8,18,15,16,6,2,83,yellow,4,1,12,27.2
3541,rydberg-atom,https://qpedia.ir/rydberg-atom/,publish,اتم ریدبرگ؛ غولی کوانتومی با الکترونی دوردست,44,129,اتم ریدبرگ,364,31,17,1.8,8,0,True,True,True,False,False,0,0,0,0,True,True,1200,675,3,4,0,0,4,0,True,"Mon, 21 Sep 2026 05:44:55 +0000",2026-09-21 09:14:55,2026-09-21 09:14:55,18,8,18,15,16,6,2,83,yellow,4,1,12,27.2
2741,gluon-w-z-bosons,https://qpedia.ir/gluon-w-z-bosons/,publish,گلوئون و بوزون W و Z؛ چسب هسته و واپاشی,39,156,گلوئون بوزون W Z چسب,1216,103,25,6.1,7,0,True,True,False,False,False,0,0,0,0,True,True,1200,675,8,4,0,0,3,2,False,"Wed, 09 Sep 2026 12:30:31 +0000",2026-09-09 16:00:31,2026-09-09 16:00:31,16,5,22,15,16,8,0,82,green,6,0,10,27.0
2746,dna-repair-enzymes,https://qpedia.ir/dna-repair-enzymes/,publish,آنزیم های ترمیم DNA؛ جهش آخر خط نیست,36,155,آنزیم های ترمیم DNA جهش,1234,107,26,6.2,7,0,True,True,False,False,False,0,0,0,0,True,True,1200,675,4,4,0,0,3,1,False,"Mon, 14 Sep 2026 16:30:35 +0000",2026-09-14 20:00:35,2026-09-14 20:00:35,16,5,22,15,16,8,0,82,green,6,0,10,27.0
2228,complementarity-principle,https://qpedia.ir/complementarity-principle/,publish,اصل مکملیت چیست؟,16,153,اصل مکملیت,833,49,15,4.2,10,0,True,True,True,False,False,0,0,0,0,True,True,1671,941,6,2,0,0,2,1,False,"Thu, 03 Sep 2026 17:01:16 +0000",2026-09-03 20:31:16,2026-09-19 04:47:24,16,9,18,15,14,8,2,82,green,5,0,9,26.1
2237,epr-paradox,https://qpedia.ir/epr-paradox/,publish,مقالهٔ EPR چیست؟,16,153,مقالهٔ EPR,625,37,13,3.1,8,0,True,True,True,False,False,0,0,0,0,True,True,1200,675,6,1,0,0,1,7,False,"Thu, 03 Sep 2026 17:03:07 +0000",2026-09-03 20:33:07,2026-09-03 20:33:07,16,9,18,15,14,8,2,82,green,5,0,9,26.1
504,photon,https://qpedia.ir/photon/,publish,فوتون دقیقا چیست ؟,18,116,فوتون دقیقا,964,61,23,4.8,10,0,True,False,True,False,False,0,0,0,0,True,True,1670,942,7,2,0,0,2,47,False,"Wed, 02 Sep 2026 23:46:46 +0000",2026-09-03 03:16:46,2026-09-18 02:46:10,15,9,18,15,14,8,2,81,green,5,0,7,25.7
3430,three-box-paradox,https://qpedia.ir/three-box-paradox/,publish,پارادوکس سه جعبه؛ ذره‌ای که اگر بگردیم در دو جای متفاوت پیدا می‌شود,67,135,پارادوکس سه جعبه,394,31,17,2.0,8,0,True,True,True,False,False,0,0,0,0,True,True,1200,675,3,4,0,0,4,1,True,"Sun, 20 Sep 2026 23:21:33 +0000",2026-09-21 02:51:33,2026-09-21 02:51:33,17,8,18,15,16,8,2,84,yellow,4,1,12,25.6
3549,magnon,https://qpedia.ir/magnon/,publish,مگنون؛ کوانتوم موج اسپینی در یک آهنربا,38,116,مگنون,329,31,17,1.6,8,0,True,True,True,False,False,0,0,0,0,True,True,1200,675,3,4,0,0,4,0,True,"Mon, 21 Sep 2026 05:44:55 +0000",2026-09-21 09:14:55,2026-09-21 09:14:55,17,10,18,15,16,6,2,84,yellow,4,1,12,25.6
2873,bohr-complementarity,https://qpedia.ir/bohr-complementarity/,publish,نیلز بور و اصل تکمیل؛ چرا یک چیز هم موج است هم ذره؟,51,158,نیلز بور اصل تکمیل یک,1380,72,17,6.9,9,0,True,True,False,False,False,1,0,0,0,True,True,1672,941,7,3,0,0,2,1,False,"Tue, 15 Sep 2026 01:57:49 +0000",2026-09-15 05:27:49,2026-09-19 04:26:12,16,5,22,16,16,8,0,83,green,6,0,10,25.5
287,quantum-superposition,https://qpedia.ir/quantum-superposition/,publish,برهم‌نهی کوانتومی؛ چرا سکهٔ چرخان، الکترون نیست؟,48,140,برهم نهی کوانتومی سکهٔ چرخان،,1239,99,25,6.2,12,4,True,True,True,True,True,1,0,0,0,True,True,1671,941,11,0,0,0,0,36,False,"Sat, 22 Aug 2026 19:37:34 +0000",2026-08-22 23:07:34,2026-09-18 11:16:39,16,5,20,16,13,8,6,84,green,5,0,11,24.8
312,qubit,https://qpedia.ir/qubit/,publish,کیوبیت چیست؟ چرا «بیت کوانتومی» یک بیت بهتر نیست؟,49,125,کیوبیت بیت کوانتومی یک بیت,1568,106,27,7.8,12,6,True,True,True,True,True,1,0,0,0,True,True,1670,941,10,0,0,0,0,54,False,"Sat, 22 Aug 2026 22:03:42 +0000",2026-08-23 01:33:42,2026-09-18 02:15:33,16,5,20,16,13,8,6,84,green,5,0,11,24.8
289,wave-function,https://qpedia.ir/wave-function/,publish,تابع موج چیست؟ کامل‌ترین نقشهٔ یک ذره — ولی خودش واقعیت نیست,60,120,تابع موج کامل ترین نقشهٔ,1716,114,38,8.6,12,7,True,True,True,True,True,2,0,0,0,True,True,1671,941,8,0,0,0,0,20,False,"Thu, 03 Sep 2026 00:10:21 +0000",2026-09-03 03:40:21,2026-09-16 00:39:29,16,5,20,16,13,8,6,84,green,5,0,11,24.8
2481,quantum-classical-boundary,https://qpedia.ir/quantum-classical-boundary/,publish,چرا کوانتوم را در زندگی روزمره حس نمی کنیم؟,43,109,کوانتوم زندگی روزمره حس نمی,1164,83,28,5.8,8,0,True,True,True,False,False,0,0,0,0,True,True,1670,942,11,3,0,0,3,11,False,"Sat, 05 Sep 2026 19:09:44 +0000",2026-09-05 22:39:44,2026-09-05 22:39:44,15,5,22,15,16,8,2,83,green,5,0,9,24.6
2501,human-teleportation,https://qpedia.ir/human-teleportation/,publish,چرا تله پورت انسان از نظر علمی غیرممکن است؟,43,109,تله پورت انسان نظر علمی,1059,69,21,5.3,8,0,True,True,True,False,False,0,0,0,0,True,True,1671,941,9,3,0,0,3,2,False,"Sat, 05 Sep 2026 19:55:55 +0000",2026-09-05 23:25:55,2026-09-05 23:25:55,15,5,22,15,16,8,2,83,green,5,0,9,24.6
2531,quantum-annealing-dwave,https://qpedia.ir/quantum-annealing-dwave/,publish,آنیلینگ کوانتومی؛ چرا هزار کیوبیت یعنی هزار کیوبیت نیست,55,116,آنیلینگ کوانتومی هزار کیوبیت هزار,1206,96,35,6.0,10,0,True,True,False,True,False,0,0,0,0,True,True,1200,675,13,6,0,0,6,4,False,"Sat, 05 Sep 2026 23:04:03 +0000",2026-09-06 02:34:03,2026-09-06 02:34:03,15,5,22,15,16,8,2,83,green,5,0,9,24.6
3344,quantum-fpga,https://qpedia.ir/quantum-fpga/,publish,FPGA کوانتومی؛ سخت‌افزار بازپیکربندی‌پذیر برای کنترل یا پردازش کوانتومی,71,137,FPGA کوانتومی,350,30,17,1.8,8,0,True,True,True,False,False,0,0,0,0,True,True,1200,675,3,4,0,0,4,1,True,"Mon, 21 Sep 2026 05:44:54 +0000",2026-09-21 09:14:54,2026-09-21 09:14:54,14,10,18,15,16,8,2,83,yellow,3,1,9,24.6
3491,cavity-qed,https://qpedia.ir/cavity-qed/,publish,الکترودینامیک کوانتومی حفره؛ وقتی یک اتم بارها با یک فوتون روبه‌رو می‌شود,73,130,الکترودینامیک کوانتومی حفره,576,40,18,2.9,9,0,True,True,True,False,False,0,0,0,0,True,True,1200,675,4,4,0,0,4,2,True,"Mon, 21 Sep 2026 05:44:55 +0000",2026-09-21 09:14:55,2026-09-21 09:14:55,14,10,18,15,16,8,2,83,yellow,3,1,9,24.6
3513,quantum-digital-signature,https://qpedia.ir/quantum-digital-signature/,publish,امضای دیجیتال کوانتومی؛ چگونه اصالت پیام را بدون کلید خصوصی کلاسیک بسنجیم؟,74,133,امضای دیجیتال کوانتومی,445,36,17,2.2,8,0,True,True,True,False,False,0,0,0,0,True,True,1200,675,3,4,0,0,4,2,True,"Mon, 21 Sep 2026 05:44:55 +0000",2026-09-21 09:14:55,2026-09-21 09:14:55,14,10,18,15,16,8,2,83,yellow,3,1,9,24.6
2749,loophole-free-bell-test,https://qpedia.ir/loophole-free-bell-test/,publish,آزمایش بل بدون حفره ۲۰۱۵ چه بود؟,32,154,آزمایش بل بدون حفره ۲۰۱۵,931,80,24,4.7,7,0,True,True,False,False,False,0,0,0,0,True,True,1200,675,6,3,0,0,3,3,False,"Mon, 14 Sep 2026 16:30:35 +0000",2026-09-14 20:00:35,2026-09-14 20:00:35,16,7,20,15,16,8,0,82,green,5,0,7,24.3
3452,quantum-walk,https://qpedia.ir/quantum-walk/,publish,قدم‌زدن کوانتومی؛ راه‌رفتن هم‌زمان در چند مسیر,46,121,قدم‌زدن کوانتومی,359,33,17,1.8,8,0,True,True,True,False,False,0,0,0,0,True,True,1200,675,3,4,0,0,4,0,True,"Sun, 20 Sep 2026 15:31:29 +0000",2026-09-20 19:01:29,2026-09-20 19:34:15,18,10,18,15,16,6,2,85,yellow,4,1,12,24.0
3521,quantum-network,https://qpedia.ir/quantum-network/,publish,شبکهٔ کوانتومی؛ زیرساختی برای توزیع درهم‌تنیدگی,47,129,شبکهٔ کوانتومی,415,39,17,2.1,8,0,True,True,True,False,False,0,0,0,0,True,True,1200,675,3,4,0,0,4,3,True,"Sun, 20 Sep 2026 15:34:23 +0000",2026-09-20 19:04:23,2026-09-20 19:34:15,18,7,18,15,16,8,2,84,yellow,4,1,10,24.0
3476,dirac-semimetal,https://qpedia.ir/dirac-semimetal/,publish,نیم‌فلز دیراک؛ وقتی دو گره ویل روی هم می‌افتند,46,125,نیم‌فلز دیراک,393,31,17,2.0,8,0,True,True,True,False,False,0,0,0,0,True,True,1200,675,4,4,0,0,4,0,True,"Sun, 20 Sep 2026 23:22:26 +0000",2026-09-21 02:52:26,2026-09-21 02:52:26,18,10,18,15,16,6,2,85,yellow,4,1,12,24.0
3569,quantum-fluctuation-theorem,https://qpedia.ir/quantum-fluctuation-theorem/,publish,قضیهٔ نوسان کوانتومی؛ قانون دوم در مقیاس تک‌رویداد,50,132,قضیهٔ نوسان کوانتومی,360,31,17,1.8,8,0,True,True,True,False,False,0,0,0,0,True,True,1200,675,3,4,0,0,4,1,True,"Mon, 21 Sep 2026 01:21:54 +0000",2026-09-21 04:51:54,2026-09-21 04:51:54,18,7,18,15,16,8,2,84,yellow,4,1,10,24.0
3397,coherent-states,https://qpedia.ir/coherent-states/,publish,حالت‌های همدوس؛ کوانتومی‌ترین توصیف نور کلاسیک,46,137,حالت‌های همدوس,383,34,17,1.9,8,0,True,True,True,False,False,0,0,0,0,True,True,1200,675,3,4,0,0,4,3,True,"Mon, 21 Sep 2026 05:44:55 +0000",2026-09-21 09:14:55,2026-09-21 09:14:55,18,7,18,15,16,8,2,84,yellow,4,1,10,24.0
3460,quantum-neural-network,https://qpedia.ir/quantum-neural-network/,publish,شبکهٔ عصبی کوانتومی؛ نامی آشنا برای مدل‌هایی هنوز ناآشنا,56,135,شبکهٔ عصبی کوانتومی,396,33,17,2.0,8,0,True,True,True,False,False,0,0,0,0,True,True,1200,675,3,4,0,0,4,1,True,"Mon, 21 Sep 2026 05:44:55 +0000",2026-09-21 09:14:55,2026-09-21 09:14:55,18,7,18,15,16,8,2,84,yellow,4,1,10,24.0
3484,mott-insulator,https://qpedia.ir/mott-insulator/,publish,عایق مات؛ وقتی دافعه الکترون‌ها راه جریان را می‌بندد,52,135,عایق مات,388,31,17,1.9,8,0,True,True,True,False,False,0,0,0,0,True,True,1200,675,3,4,0,0,4,0,True,"Mon, 21 Sep 2026 05:44:55 +0000",2026-09-21 09:14:55,2026-09-21 09:14:55,18,10,18,15,16,6,2,85,yellow,4,1,12,24.0
3493,circuit-qed,https://qpedia.ir/circuit-qed/,publish,الکترودینامیک کوانتومی مدار؛ اتم مصنوعی روی یک تراشه,52,132,الکترودینامیک کوانتومی مدار,492,41,18,2.5,9,0,True,True,True,False,False,0,0,0,0,True,True,1200,675,3,4,0,0,4,0,True,"Mon, 21 Sep 2026 05:44:55 +0000",2026-09-21 09:14:55,2026-09-21 09:14:55,18,9,18,15,16,6,2,84,yellow,4,1,10,24.0
3509,measurement-device-independent-qkd,https://qpedia.ir/measurement-device-independent-qkd/,publish,QKD مستقل از دستگاه اندازه‌گیری؛ آشکارساز می‌تواند نامطمئن باشد,63,123,QKD مستقل از دستگاه اندازه‌گیری,432,40,17,2.2,8,0,True,True,True,False,False,0,0,0,0,True,True,1200,675,3,4,0,0,4,1,True,"Mon, 21 Sep 2026 05:44:55 +0000",2026-09-21 09:14:55,2026-09-21 09:14:55,18,7,18,15,16,8,2,84,yellow,4,1,10,24.0
3539,optical-lattice,https://qpedia.ir/optical-lattice/,publish,شبکهٔ نوری؛ بلوری از نور برای به‌دام‌انداختن اتم‌ها,51,140,شبکهٔ نوری,390,33,17,1.9,8,0,True,True,True,False,False,0,0,0,0,True,True,1200,675,3,4,0,0,4,1,True,"Mon, 21 Sep 2026 05:44:55 +0000",2026-09-21 09:14:55,2026-09-21 09:14:55,18,7,18,15,16,8,2,84,yellow,4,1,10,24.0
3474,weyl-semimetal,https://qpedia.ir/weyl-semimetal/,publish,نیم‌فلز ویل؛ تک‌قطبی‌های بری در یک بلور,39,116,نیم‌فلز ویل,394,30,17,2.0,8,0,True,True,True,False,False,0,0,0,0,True,True,1200,675,3,4,0,0,4,0,True,"Mon, 21 Sep 2026 05:44:55 +0000",2026-09-21 09:14:55,2026-09-21 09:14:55,17,10,18,15,16,6,2,84,yellow,3,1,9,23.2
3486,quantum-criticality,https://qpedia.ir/quantum-criticality/,publish,بحرانیت کوانتومی؛ نوسان‌هایی که در صفر مطلق هم خاموش نمی‌شوند,61,119,بحرانیت کوانتومی,357,32,17,1.8,8,0,True,True,True,False,False,0,0,0,0,True,True,1200,675,3,4,0,0,4,2,True,"Mon, 21 Sep 2026 05:44:55 +0000",2026-09-21 09:14:55,2026-09-21 09:14:55,17,8,18,15,16,8,2,84,yellow,3,1,9,23.2
3551,plasmon,https://qpedia.ir/plasmon/,publish,پلاسمون؛ موج جمعی الکترون‌ها در مرز نور و ماده,46,110,پلاسمون,351,32,17,1.8,8,0,True,True,True,False,False,0,0,0,0,True,True,1200,675,3,4,0,0,4,0,True,"Mon, 21 Sep 2026 05:44:55 +0000",2026-09-21 09:14:55,2026-09-21 09:14:55,17,10,18,15,16,6,2,84,yellow,3,1,9,23.2
3497,electromagnetically-induced-transparency,https://qpedia.ir/electromagnetically-induced-transparency/,publish,شفافیت القایی الکترومغناطیسی؛ وقتی یک لیزر راه نور دیگر را باز می‌کند,69,123,شفافیت القایی الکترومغناطیسی,536,44,18,2.7,9,0,True,True,True,False,False,0,0,0,0,True,True,1200,675,3,4,0,0,4,1,True,"Mon, 21 Sep 2026 05:44:55 +0000",2026-09-21 09:14:55,2026-09-21 09:14:55,17,9,18,15,16,8,2,85,yellow,4,1,10,22.5
3482,fractional-quantum-hall-effect,https://qpedia.ir/fractional-quantum-hall-effect/,publish,اثر هال کوانتومی کسری؛ وقتی الکترون‌ها شبه‌ذره می‌سازند,55,126,اثر هال کوانتومی کسری,357,31,17,1.8,8,0,True,True,True,False,False,0,0,0,0,True,True,1200,675,3,4,0,0,4,1,True,"Thu, 20 Aug 2026 14:48:26 +0000",2026-08-20 18:18:26,2026-09-20 19:34:15,18,8,18,15,16,8,2,85,yellow,3,1,9,21.8
3501,quantum-microscopy,https://qpedia.ir/quantum-microscopy/,publish,میکروسکوپ کوانتومی؛ دیدن نمونه با فوتون کمتر,44,138,میکروسکوپ کوانتومی,436,38,17,2.2,8,0,True,True,True,False,False,0,0,0,0,True,True,1200,675,3,4,0,0,4,0,True,"Thu, 20 Aug 2026 14:49:52 +0000",2026-08-20 18:19:52,2026-09-20 19:34:15,18,10,18,15,16,6,2,85,yellow,3,1,9,21.8
3515,quantum-money,https://qpedia.ir/quantum-money/,publish,پول کوانتومی؛ اسکناسی که کپی‌کردنش با قوانین فیزیک محدود می‌شود,63,134,پول کوانتومی,395,35,17,2.0,8,0,True,True,True,False,False,0,0,0,0,True,True,1200,675,3,4,0,0,4,0,True,"Sun, 20 Sep 2026 15:24:53 +0000",2026-09-20 18:54:53,2026-09-20 19:34:15,18,10,18,15,16,6,2,85,yellow,3,1,9,21.8
3523,quantum-cloud,https://qpedia.ir/quantum-cloud/,publish,رایانش کوانتومی ابری؛ دسترسی از مرورگر به یک پردازنده واقعی,59,131,رایانش کوانتومی ابری,418,36,17,2.1,8,0,True,True,True,False,False,0,0,0,0,True,True,1200,675,4,4,0,0,4,1,True,"Sun, 20 Sep 2026 14:56:12 +0000",2026-09-20 18:26:12,2026-09-20 19:34:15,18,8,18,15,16,8,2,85,yellow,3,1,9,21.8
3528,bernstein-vazirani-algorithm,https://qpedia.ir/bernstein-vazirani-algorithm/,publish,الگوریتم برنشتاین–وزیرانی؛ بازیابی یک رشته پنهان با یک پرس‌وجو,62,128,الگوریتم برنشتاین–وزیرانی,390,39,17,1.9,8,0,True,True,True,False,False,0,0,0,0,True,True,1200,675,3,4,0,0,4,0,True,"Sun, 20 Sep 2026 14:55:07 +0000",2026-09-20 18:25:07,2026-09-20 19:34:15,18,10,18,15,16,6,2,85,yellow,3,1,9,21.8
3332,photon-blockade,https://qpedia.ir/photon-blockade/,publish,انسداد فوتونی؛ وقتی یک فوتون راه فوتون بعدی را می‌بندد,54,132,انسداد فوتونی,331,26,17,1.7,8,0,True,True,True,False,False,0,0,0,0,True,True,1200,675,3,4,0,0,4,0,True,"Mon, 21 Sep 2026 05:44:54 +0000",2026-09-21 09:14:54,2026-09-21 09:14:54,18,10,18,15,16,6,2,85,yellow,3,1,9,21.8
3424,hardy-paradox,https://qpedia.ir/hardy-paradox/,publish,پارادوکس هاردی؛ ناموضعیت بدون نامساوی بل,40,131,پارادوکس هاردی,361,30,17,1.8,8,0,True,True,True,False,False,0,0,0,0,True,True,1200,675,3,4,0,0,4,0,True,"Mon, 21 Sep 2026 01:19:09 +0000",2026-09-21 04:49:09,2026-09-21 04:49:09,18,10,18,15,16,6,2,85,yellow,3,1,9,21.8
3434,quantum-probability,https://qpedia.ir/quantum-probability/,publish,احتمال کوانتومی؛ چرا جمع دامنه‌ها با جمع احتمال‌ها فرق دارد؟,60,125,احتمال کوانتومی,338,30,17,1.7,8,0,True,True,True,False,False,0,0,0,0,True,True,1200,675,3,4,0,0,4,2,True,"Mon, 21 Sep 2026 01:19:53 +0000",2026-09-21 04:49:53,2026-09-21 04:49:53,18,8,18,15,16,8,2,85,yellow,3,1,9,21.8
3505,quantum-secret-sharing,https://qpedia.ir/quantum-secret-sharing/,publish,اشتراک راز کوانتومی؛ وقتی هیچ‌کس به‌تنهایی کلید را ندارد,56,141,اشتراک راز کوانتومی,401,35,17,2.0,8,0,True,True,True,False,False,0,0,0,0,True,True,1200,675,3,4,0,0,4,0,True,"Mon, 21 Sep 2026 01:20:20 +0000",2026-09-21 04:50:20,2026-09-21 04:50:20,18,10,18,15,16,6,2,85,yellow,3,1,9,21.8
3557,quantum-refrigerator,https://qpedia.ir/quantum-refrigerator/,publish,یخچال کوانتومی؛ بیرون‌کشیدن گرما از یک سامانه نانومقیاس,55,122,یخچال کوانتومی,376,33,17,1.9,8,0,True,True,True,False,False,0,0,0,0,True,True,1200,675,3,4,0,0,4,0,True,"Mon, 21 Sep 2026 01:21:28 +0000",2026-09-21 04:51:28,2026-09-21 04:51:28,18,10,18,15,16,6,2,85,yellow,3,1,9,21.8
3354,dipolar-gas,https://qpedia.ir/dipolar-gas/,publish,گاز دوقطبی؛ مادهٔ کوانتومی با برهم‌کنش جهت‌دار و دوربرد,55,132,گاز دوقطبی,348,30,17,1.7,8,0,True,True,True,False,False,0,0,0,0,True,True,1200,675,3,4,0,0,4,2,True,"Mon, 21 Sep 2026 05:44:54 +0000",2026-09-21 09:14:54,2026-09-21 09:14:54,18,8,18,15,16,8,2,85,yellow,3,1,9,21.8
3367,proton-decay,https://qpedia.ir/proton-decay/,publish,واپاشی پروتون؛ جست‌وجوی فروپاشی یکی از پایدارترین ذرات جهان,59,130,واپاشی پروتون,424,34,17,2.1,8,0,True,True,True,False,False,0,0,0,0,True,True,1200,675,3,4,0,0,4,0,True,"Mon, 21 Sep 2026 05:44:54 +0000",2026-09-21 09:14:54,2026-09-21 09:14:54,18,10,18,15,16,6,2,85,yellow,3,1,9,21.8
3385,quantum-blockchain,https://qpedia.ir/quantum-blockchain/,publish,بلاک‌چین کوانتومی؛ امنیت پساکوانتومی یا شبکه‌ای واقعاً کوانتومی؟,64,135,بلاک‌چین کوانتومی,409,31,17,2.0,8,0,True,True,True,False,False,0,0,0,0,True,True,1200,675,3,4,0,0,4,0,True,"Mon, 21 Sep 2026 05:44:54 +0000",2026-09-21 09:14:54,2026-09-21 09:14:54,18,10,18,15,16,6,2,85,yellow,3,1,9,21.8
3395,quantum-singularity,https://qpedia.ir/quantum-singularity/,publish,تکینگی کوانتومی؛ مرز شکست نظریه یا جهش فرضی فناوری؟,51,127,تکینگی کوانتومی,396,30,17,2.0,8,0,True,True,True,False,False,0,0,0,0,True,True,1200,675,3,4,0,0,3,0,True,"Mon, 21 Sep 2026 05:44:55 +0000",2026-09-21 09:14:55,2026-09-21 09:14:55,18,10,18,15,16,6,2,85,yellow,3,1,9,21.8
3403,optical-parametric-oscillator,https://qpedia.ir/optical-parametric-oscillator/,publish,نوسانگر پارامتری نوری؛ تبدیل یک پمپ به دو میدان همدوس,53,131,نوسانگر پارامتری نوری,387,34,17,1.9,8,0,True,True,True,False,False,0,0,0,0,True,True,1200,675,3,4,0,0,4,0,True,"Mon, 21 Sep 2026 05:44:55 +0000",2026-09-21 09:14:55,2026-09-21 09:14:55,18,10,18,15,16,6,2,85,yellow,3,1,9,21.8
3408,quantum-thermometry,https://qpedia.ir/quantum-thermometry/,publish,دماسنجی کوانتومی؛ اندازه‌گیری دما با یک سامانه بسیار کوچک,57,126,دماسنجی کوانتومی,382,33,17,1.9,8,0,True,True,True,False,False,0,0,0,0,True,True,1200,675,3,4,0,0,4,0,True,"Mon, 21 Sep 2026 05:44:55 +0000",2026-09-21 09:14:55,2026-09-21 09:14:55,18,10,18,15,16,6,2,85,yellow,3,1,9,21.8
3440,fine-structure-constant,https://qpedia.ir/fine-structure-constant/,publish,ثابت ساختار ریز؛ عددی بی‌بُعد برای قدرت نور و ماده,50,122,ثابت ساختار ریز,377,34,17,1.9,8,0,True,True,True,False,False,0,0,0,0,True,True,1200,675,3,4,0,0,4,0,True,"Mon, 21 Sep 2026 05:44:54 +0000",2026-09-21 09:14:54,2026-09-21 09:14:54,18,10,18,15,16,6,2,85,yellow,3,1,9,21.8
3436,acceleration-radiation,https://qpedia.ir/acceleration-radiation/,publish,تابش شتاب و اثر اونرو؛ آیا ناظر شتاب‌دار خلأ را گرم می‌بیند؟,60,128,اثر اونرو,381,32,17,1.9,8,0,True,True,True,False,False,0,0,0,0,True,True,1200,675,3,4,0,0,4,0,True,"Mon, 21 Sep 2026 05:44:55 +0000",2026-09-21 09:14:55,2026-09-21 09:14:55,18,10,18,15,16,6,2,85,yellow,3,1,9,21.8
3450,quantum-phase-estimation,https://qpedia.ir/quantum-phase-estimation/,publish,تخمین فاز کوانتومی؛ چگونه مقدار ویژه را از فاز بیرون می‌کشیم؟,61,141,تخمین فاز کوانتومی,416,35,17,2.1,8,0,True,True,True,False,False,0,0,0,0,True,True,1200,675,3,4,0,0,4,0,True,"Mon, 21 Sep 2026 05:44:55 +0000",2026-09-21 09:14:55,2026-09-21 09:14:55,18,10,18,15,16,6,2,85,yellow,3,1,9,21.8
3456,qaoa,https://qpedia.ir/qaoa/,publish,QAOA؛ بهینه‌سازی تقریبی با لایه‌های کوانتومی,44,124,QAOA,374,35,17,1.9,8,0,True,True,True,False,False,0,0,0,0,True,True,1200,675,3,4,0,0,4,0,True,"Mon, 21 Sep 2026 05:44:55 +0000",2026-09-21 09:14:55,2026-09-21 09:14:55,18,10,18,15,16,6,2,85,yellow,3,1,9,21.8
3478,majorana-fermion,https://qpedia.ir/majorana-fermion/,publish,فرمیون مایورانا؛ ذره‌ای که پادذرهٔ خودش است,43,122,فرمیون مایورانا,393,33,17,2.0,8,0,True,True,True,False,False,0,0,0,0,True,True,1200,675,3,4,0,0,4,2,True,"Mon, 21 Sep 2026 05:44:55 +0000",2026-09-21 09:14:55,2026-09-21 09:14:55,18,8,18,15,16,8,2,85,yellow,3,1,9,21.8
3511,twin-field-qkd,https://qpedia.ir/twin-field-qkd/,publish,QKD میدان دوقلو؛ شکستن محدودیت برد بدون ریپیتر کوانتومی,55,134,QKD میدان دوقلو,442,38,17,2.2,8,0,True,True,True,False,False,0,0,0,0,True,True,1200,675,3,4,0,0,4,0,True,"Mon, 21 Sep 2026 05:44:55 +0000",2026-09-21 09:14:55,2026-09-21 09:14:55,18,10,18,15,16,6,2,85,yellow,3,1,9,21.8
3519,quantum-router,https://qpedia.ir/quantum-router/,publish,مسیریاب کوانتومی؛ فوتون را چگونه بدون خواندن پیام هدایت می‌کنیم؟,64,140,مسیریاب کوانتومی,413,35,17,2.1,8,0,True,True,True,False,False,0,0,0,0,True,True,1200,675,3,4,0,0,4,0,True,"Mon, 21 Sep 2026 05:44:55 +0000",2026-09-21 09:14:55,2026-09-21 09:14:55,18,10,18,15,16,6,2,85,yellow,3,1,9,21.8
3533,kondo-effect,https://qpedia.ir/kondo-effect/,publish,اثر کوندو؛ چرا مقاومت فلز در سرمای بیشتر دوباره بالا می‌رود؟,60,129,اثر کوندو,391,33,17,2.0,8,0,True,True,True,False,False,0,0,0,0,True,True,1200,675,3,4,0,0,4,0,True,"Mon, 21 Sep 2026 05:44:55 +0000",2026-09-21 09:14:55,2026-09-21 09:14:55,18,10,18,15,16,6,2,85,yellow,3,1,9,21.8
3535,spin-ice,https://qpedia.ir/spin-ice/,publish,یخ اسپینی؛ مغناطیسی که قانون یخ را تقلید می‌کند,47,120,یخ اسپینی,372,30,17,1.9,8,0,True,True,True,False,False,0,0,0,0,True,True,1200,675,3,4,0,0,4,0,True,"Mon, 21 Sep 2026 05:44:55 +0000",2026-09-21 09:14:55,2026-09-21 09:14:55,18,10,18,15,16,6,2,85,yellow,3,1,9,21.8
3555,quantum-heat-engine,https://qpedia.ir/quantum-heat-engine/,publish,موتور گرمایی کوانتومی؛ کارگرفتن از یک سامانه کوچک,49,127,موتور گرمایی کوانتومی,381,33,17,1.9,8,0,True,True,True,False,False,0,0,0,0,True,True,1200,675,3,4,0,0,4,1,True,"Mon, 21 Sep 2026 05:44:55 +0000",2026-09-21 09:14:55,2026-09-21 09:14:55,18,8,18,15,16,8,2,85,yellow,3,1,9,21.8
3563,quantum-thermalization,https://qpedia.ir/quantum-thermalization/,publish,گرمایی‌شدن کوانتومی؛ چگونه یک سامانه بسته به تعادل می‌رسد؟,58,131,گرمایی‌شدن کوانتومی,357,30,17,1.8,8,0,True,True,True,False,False,0,0,0,0,True,True,1200,675,3,4,0,0,4,2,True,"Mon, 21 Sep 2026 05:44:55 +0000",2026-09-21 09:14:55,2026-09-21 09:14:55,18,8,18,15,16,8,2,85,yellow,3,1,9,21.8
3559,quantum-maxwell-demon,https://qpedia.ir/quantum-maxwell-demon/,publish,دیو ماکسول کوانتومی؛ اطلاعات چگونه به کار ترمودینامیکی تبدیل می‌شود؟,68,132,دیو ماکسول کوانتومی,369,31,17,1.8,8,0,True,True,True,True,False,0,0,0,0,True,True,1200,675,3,4,0,0,4,2,True,"Mon, 21 Sep 2026 05:44:55 +0000",2026-09-21 09:14:55,2026-09-21 09:14:55,17,8,18,15,16,8,4,86,yellow,3,1,11,21.7
3547,polariton,https://qpedia.ir/polariton/,publish,پولاریتون؛ وقتی نور و ماده هویت مشترک پیدا می‌کنند,50,114,پولاریتون,349,31,17,1.7,8,0,True,True,True,False,False,0,0,0,0,True,True,1200,675,3,4,0,0,4,3,True,"Mon, 21 Sep 2026 05:44:55 +0000",2026-09-21 09:14:55,2026-09-21 09:14:55,17,10,18,15,16,8,2,86,yellow,3,1,9,20.3
3443,quantum-chromodynamics,https://qpedia.ir/quantum-chromodynamics/,publish,کرومودینامیک کوانتومی؛ چرا کوارک‌ها هرگز تنها دیده نمی‌شوند؟,60,109,کرومودینامیک کوانتومی,348,34,17,1.7,8,0,True,True,True,False,False,0,0,0,0,True,True,1200,675,3,4,0,0,4,1,True,"Mon, 21 Sep 2026 05:44:54 +0000",2026-09-21 09:14:54,2026-09-21 09:14:54,17,9,18,15,16,8,2,85,yellow,3,1,7,20.2
3319,quantum-illumination,https://qpedia.ir/quantum-illumination/,publish,تصویربرداری کوانتومی در تاریکی؛ چگونه هدف پنهان در نویز را پیدا کنیم؟,69,137,تابش کوانتومی,2173,135,37,10.9,12,11,True,True,False,False,False,0,0,0,0,True,True,1672,940,4,7,0,0,7,2,True,"Sat, 19 Sep 2026 22:35:56 +0000",2026-09-20 02:05:56,2026-09-20 19:34:15,17,8,22,15,16,8,0,86,green,4,0,8,19.6
2859,quantum-history,https://qpedia.ir/quantum-history/,publish,تاریخ صد ساله فیزیک کوانتوم,27,157,تاریخ صد ساله فیزیک کوانتوم,4540,202,0,22.7,10,2,True,False,True,False,False,6,0,0,0,True,True,1670,942,10,12,0,0,10,1,False,"Tue, 15 Sep 2026 02:04:36 +0000",2026-09-15 05:34:36,2026-09-19 04:21:46,16,7,24,14,16,8,2,87,green,8,0,10,19.5
3561,quantum-entropy,https://qpedia.ir/quantum-entropy/,publish,آنتروپی کوانتومی؛ اندازه‌گیری ناآگاهی یا درهم‌تنیدگی؟,53,135,آنتروپی کوانتومی,356,31,17,1.8,8,0,True,True,True,False,False,0,0,0,0,True,True,1200,675,3,4,0,0,3,2,True,"Sun, 20 Sep 2026 15:19:20 +0000",2026-09-20 18:49:20,2026-09-20 19:34:15,18,9,18,15,16,8,2,86,yellow,3,1,7,18.9
3399,fock-state,https://qpedia.ir/fock-state/,publish,حالت فوک؛ وقتی تعداد کوانتوم‌ها دقیق است,40,127,حالت فوک,385,30,17,1.9,8,0,True,True,True,False,False,0,0,0,0,True,True,1200,675,3,4,0,0,4,2,True,"Sun, 20 Sep 2026 23:19:01 +0000",2026-09-21 02:49:01,2026-09-21 02:49:01,18,10,18,15,16,8,2,87,yellow,3,1,9,18.8
3381,quantum-cosmology,https://qpedia.ir/quantum-cosmology/,publish,کیهان‌شناسی کوانتومی؛ وقتی خود جهان موضوع نظریه کوانتومی می‌شود,63,133,کیهان‌شناسی کوانتومی,355,32,17,1.8,8,0,True,True,True,False,False,0,0,0,0,True,True,1200,675,3,4,0,0,4,1,True,"Mon, 21 Sep 2026 05:44:54 +0000",2026-09-21 09:14:54,2026-09-21 09:14:54,18,10,18,15,16,8,2,87,yellow,3,1,9,18.8
3543,polaron,https://qpedia.ir/polaron/,publish,پولارون؛ ذره‌ای که محیط را با خود می‌کشد,40,127,پولارون,377,34,17,1.9,8,0,True,True,True,False,False,0,0,0,0,True,True,1200,675,3,4,0,0,4,1,True,"Mon, 21 Sep 2026 05:44:55 +0000",2026-09-21 09:14:55,2026-09-21 09:14:55,18,10,18,15,16,8,2,87,yellow,3,1,9,18.8
3545,exciton,https://qpedia.ir/exciton/,publish,اکسایتون؛ جفت الکترون–حفره‌ای که نور در ماده می‌سازد,52,120,اکسایتون,355,30,17,1.8,8,0,True,True,True,False,False,0,0,0,0,True,True,1200,675,3,4,0,0,4,1,True,"Mon, 21 Sep 2026 05:44:55 +0000",2026-09-21 09:14:55,2026-09-21 09:14:55,18,10,18,15,16,8,2,87,yellow,3,1,9,18.8
3553,phonon,https://qpedia.ir/phonon/,publish,فونون؛ کوانتوم ارتعاش شبکهٔ بلوری,33,126,فونون,351,35,17,1.8,8,0,True,True,True,False,False,0,0,0,0,True,True,1200,675,3,4,0,0,4,2,True,"Mon, 21 Sep 2026 05:44:55 +0000",2026-09-21 09:14:55,2026-09-21 09:14:55,18,10,18,15,16,8,2,87,yellow,3,1,9,18.8
3307,nisq-era,https://qpedia.ir/nisq-era/,publish,دوران NISQ و محدودیت‌های رایانه‌های کوانتومی کنونی,50,156,دوران NISQ محدودیت های رایانه,2218,126,33,11.1,11,0,True,True,True,True,False,0,0,0,0,True,True,1672,940,9,6,0,0,6,0,False,"Sat, 19 Sep 2026 12:11:41 +0000",2026-09-19 15:41:41,2026-09-19 15:42:21,16,5,26,15,16,6,4,88,green,5,0,11,18.6
3330,photon-counting,https://qpedia.ir/photon-counting/,publish,شمارش فوتون؛ از کلیک آشکارساز تا آمار نور,41,115,شمارش فوتون,370,30,17,1.9,8,0,True,True,True,False,False,0,0,0,0,True,True,1200,675,3,4,0,0,4,3,True,"Sun, 20 Sep 2026 15:33:22 +0000",2026-09-20 19:03:22,2026-09-20 19:34:15,17,10,18,15,16,8,2,86,yellow,2,1,6,18.2
3470,quantum-control,https://qpedia.ir/quantum-control/,publish,کنترل کوانتومی؛ هدایت یک سامانه ظریف با پالس‌های دقیق,53,129,کنترل کوانتومی,424,33,17,2.1,8,0,True,True,True,False,False,0,0,0,0,True,True,1200,675,3,4,0,0,4,2,True,"Sun, 20 Sep 2026 15:29:43 +0000",2026-09-20 18:59:43,2026-09-20 19:34:15,18,10,18,15,16,8,2,87,yellow,2,1,6,16.9
3480,anyon,https://qpedia.ir/anyon/,publish,آنیون؛ ذره‌ای که نه بوزون است و نه فرمیون,41,125,آنیون,369,33,17,1.8,8,0,True,True,True,False,False,0,0,0,0,True,True,1200,675,3,4,0,0,4,1,True,"Sun, 20 Sep 2026 23:18:22 +0000",2026-09-21 02:48:22,2026-09-21 02:48:22,18,10,18,15,16,8,2,87,yellow,2,1,6,16.9
3517,quantum-voting,https://qpedia.ir/quantum-voting/,publish,رأی‌گیری کوانتومی؛ آیا فیزیک می‌تواند انتخابات را امن‌تر کند؟,61,132,رأی‌گیری کوانتومی,417,33,17,2.1,8,0,True,True,True,False,False,0,0,0,0,True,True,1200,675,3,4,0,0,4,1,True,"Sun, 20 Sep 2026 15:38:46 +0000",2026-09-20 19:08:46,2026-09-20 19:34:15,18,10,18,15,16,8,2,87,yellow,2,1,6,16.9
3531,heavy-fermion,https://qpedia.ir/heavy-fermion/,publish,فرمیون سنگین؛ الکترونی که در جمع هزار برابر سنگین‌تر رفتار می‌کند,65,127,فرمیون سنگین,386,35,17,1.9,8,0,True,True,True,False,False,0,0,0,0,True,True,1200,675,3,4,0,0,4,1,True,"Sun, 20 Sep 2026 15:36:49 +0000",2026-09-20 19:06:49,2026-09-20 19:34:15,18,10,18,15,16,8,2,87,yellow,2,1,6,16.9
3405,homodyne-detection,https://qpedia.ir/homodyne-detection/,publish,آشکارسازی هوموداین؛ اندازه‌گیری کوادرات‌های میدان نور,53,141,آشکارسازی هوموداین,394,31,17,2.0,8,0,True,True,True,False,False,0,0,0,0,True,True,1200,675,3,4,0,0,4,1,True,"Sun, 20 Sep 2026 23:21:59 +0000",2026-09-21 02:51:59,2026-09-21 02:51:59,18,10,18,15,16,8,2,87,yellow,2,1,6,16.9
3488,quantum-phase-transition,https://qpedia.ir/quantum-phase-transition/,publish,گذار فاز کوانتومی؛ تغییر نظم ماده بدون گرم‌کردن,47,131,گذار فاز کوانتومی,369,33,17,1.8,8,0,True,True,True,False,False,0,0,0,0,True,True,1200,675,3,4,0,0,4,3,True,"Sun, 20 Sep 2026 23:20:04 +0000",2026-09-21 02:50:04,2026-09-21 02:50:04,18,10,18,15,16,8,2,87,yellow,2,1,6,16.9
3495,rabi-oscillations,https://qpedia.ir/rabi-oscillations/,publish,نوسانات رابی؛ ضربان منظم میان دو حالت کوانتومی,46,134,نوسانات رابی,499,44,18,2.5,9,0,True,True,True,False,False,0,0,0,0,True,True,1200,675,3,4,0,0,3,1,True,"Sun, 20 Sep 2026 23:23:28 +0000",2026-09-21 02:53:28,2026-09-21 02:53:28,18,10,18,15,16,8,2,87,yellow,2,1,6,16.9
3525,deutsch-jozsa-algorithm,https://qpedia.ir/deutsch-jozsa-algorithm/,publish,الگوریتم دویچ–جوزا؛ نخستین نمایش روشن برتری در تعداد پرس‌وجو,60,130,الگوریتم دویچ–جوزا,401,34,17,2.0,8,0,True,True,True,False,False,0,0,0,0,True,True,1200,675,3,4,0,0,4,1,True,"Sun, 20 Sep 2026 23:24:13 +0000",2026-09-21 02:54:13,2026-09-21 02:54:29,18,10,18,15,16,8,2,87,yellow,2,1,6,16.9
3346,cryogenic-electronics,https://qpedia.ir/cryogenic-electronics/,publish,الکترونیک سرد؛ کنترل رایانه کوانتومی در چند کلوین,49,132,الکترونیک سرد,392,32,17,2.0,8,0,True,True,True,False,False,0,0,0,0,True,True,1200,675,3,4,0,0,4,2,True,"Mon, 21 Sep 2026 05:44:54 +0000",2026-09-21 09:14:54,2026-09-21 09:14:54,18,10,18,15,16,8,2,87,yellow,2,1,6,16.9
3356,fermi-gas,https://qpedia.ir/fermi-gas/,publish,گاز فرمی؛ جهانی که اصل طرد شکل می‌دهد,37,128,گاز فرمی,383,33,17,1.9,8,0,True,True,True,False,False,0,0,0,0,True,True,1200,675,3,4,0,0,4,1,True,"Mon, 21 Sep 2026 05:44:54 +0000",2026-09-21 09:14:54,2026-09-21 09:14:54,18,10,18,15,16,8,2,87,yellow,2,1,6,16.9
3401,four-wave-mixing,https://qpedia.ir/four-wave-mixing/,publish,چهارموجی؛ برهم‌کنش غیرخطی چهار میدان نور,40,137,چهارموجی,359,30,17,1.8,8,0,True,True,True,False,False,0,0,0,0,True,True,1200,675,3,4,0,0,4,1,True,"Mon, 21 Sep 2026 05:44:55 +0000",2026-09-21 09:14:55,2026-09-21 09:14:55,18,10,18,15,16,8,2,87,yellow,2,1,6,16.9
3468,quantum-compiler,https://qpedia.ir/quantum-compiler/,publish,کامپایلر کوانتومی؛ ترجمه الگوریتم به گیت‌های واقعی,50,144,کامپایلر کوانتومی,408,35,17,2.0,8,0,True,True,True,False,False,0,0,0,0,True,True,1200,675,3,4,0,0,4,1,True,"Mon, 21 Sep 2026 05:44:55 +0000",2026-09-21 09:14:55,2026-09-21 09:14:55,18,10,18,15,16,8,2,87,yellow,2,1,6,16.9
3472,topological-insulator,https://qpedia.ir/topological-insulator/,publish,عایق توپولوژیک؛ درون عایق، روی سطح رسانا,40,128,عایق توپولوژیک,391,32,17,2.0,8,0,True,True,True,False,False,0,0,0,0,True,True,1200,675,3,4,0,0,4,2,True,"Mon, 21 Sep 2026 05:44:55 +0000",2026-09-21 09:14:55,2026-09-21 09:14:55,18,10,18,15,16,8,2,87,yellow,2,1,6,16.9
3503,super-resolution-quantum,https://qpedia.ir/super-resolution-quantum/,publish,ابرتفکیک کوانتومی؛ فراتررفتن از مرز کلاسیک دقیقاً یعنی چه؟,58,139,ابرتفکیک کوانتومی,408,32,17,2.0,8,0,True,True,True,False,False,0,0,0,0,True,True,1200,675,3,4,0,0,4,1,True,"Mon, 21 Sep 2026 05:44:55 +0000",2026-09-21 09:14:55,2026-09-21 09:14:55,18,10,18,15,16,8,2,87,yellow,2,1,6,16.9
3507,device-independent-qkd,https://qpedia.ir/device-independent-qkd/,publish,QKD مستقل از دستگاه؛ امنیتی که به درون جعبه اعتماد نمی‌کند,58,125,QKD مستقل از دستگاه,423,33,17,2.1,8,0,True,True,True,False,False,0,0,0,0,True,True,1200,675,3,4,0,0,4,1,True,"Mon, 21 Sep 2026 05:44:55 +0000",2026-09-21 09:14:55,2026-09-21 09:14:55,18,10,18,15,16,8,2,87,yellow,2,1,6,16.9
3565,many-body-localization,https://qpedia.ir/many-body-localization/,publish,جایگزیدگی چندجسمی؛ وقتی سامانه حافظهٔ آغازش را فراموش نمی‌کند,61,133,جایگزیدگی چندجسمی,388,30,17,1.9,8,0,True,True,True,False,False,0,0,0,0,True,True,1200,675,3,4,0,0,4,1,True,"Mon, 21 Sep 2026 05:44:55 +0000",2026-09-21 09:14:55,2026-09-21 09:14:55,18,10,18,15,16,8,2,87,yellow,2,1,6,16.9
2520,harvest-now-decrypt-later,https://qpedia.ir/harvest-now-decrypt-later/,publish,الان جمع کن، بعداً رمزگشایی کن؛ تهدیدی که فعال است,50,106,الان جمع کن، بعداً رمزگشایی,1370,90,30,6.8,8,0,True,True,False,False,False,0,0,0,0,True,True,1200,675,6,5,0,0,5,2,False,"Sat, 05 Sep 2026 22:02:27 +0000",2026-09-06 01:32:27,2026-09-06 01:32:27,15,10,22,15,16,8,0,86,green,3,0,3,16.1
286,what-is-quantum,https://qpedia.ir/what-is-quantum/,publish,کوانتوم یعنی چه؟,16,127,کوانتوم,1590,105,23,8.0,8,0,True,True,False,False,True,1,0,0,0,True,True,1671,941,8,3,0,0,2,5,False,"Sat, 22 Aug 2026 18:34:55 +0000",2026-08-22 22:04:55,2026-09-18 01:55:21,16,10,22,14,16,8,2,88,green,4,0,4,14.4
3327,spontaneous-parametric-down-conversion,https://qpedia.ir/spontaneous-parametric-down-conversion/,publish,تبدیل پارامتری خودبه‌خودی چیست؟ سازوکار SPDC برای تولید جفت‌فوتون,65,131,تبدیل پارامتری خودبه‌خودی,1852,137,49,9.3,16,5,True,True,False,False,False,0,0,0,0,True,True,1672,940,5,6,0,0,6,2,True,"Sun, 20 Sep 2026 23:19:01 +0000",2026-09-21 02:49:01,2026-09-21 02:49:01,18,9,22,15,16,8,0,88,green,3,0,3,13.8
3321,quantum-lidar,https://qpedia.ir/quantum-lidar/,publish,لیدار کوانتومی چیست و چگونه فاصله را با فوتون‌ها اندازه می‌گیرد؟,64,142,لیدار کوانتومی,1770,118,34,8.8,12,7,True,True,True,False,False,0,0,0,0,True,True,1672,940,4,6,0,0,6,0,True,"Mon, 21 Sep 2026 05:44:55 +0000",2026-09-21 09:14:55,2026-09-21 09:14:55,18,10,24,15,16,6,2,91,green,2,0,4,10.8
3323,single-photon-source,https://qpedia.ir/single-photon-source/,publish,چشمهٔ تک‌فوتون چیست و چرا ساخت یک فوتونِ مطمئن دشوار است؟,57,136,چشمهٔ تک‌فوتون,1601,106,34,8.0,11,11,True,True,False,True,False,0,0,0,0,True,True,1672,941,4,6,0,0,6,4,True,"Mon, 21 Sep 2026 05:44:55 +0000",2026-09-21 09:14:55,2026-09-21 09:14:55,18,10,22,15,16,8,2,91,green,1,0,1,9.5
3325,entangled-photon-source,https://qpedia.ir/entangled-photon-source/,publish,چشمهٔ فوتون درهم‌تنیده چگونه جفت‌های کوانتومی تولید می‌کند؟,59,134,چشمهٔ فوتون درهم‌تنیده,1773,118,42,8.9,14,8,True,True,False,True,False,0,0,0,0,True,True,1672,940,7,6,0,0,6,3,True,"Mon, 21 Sep 2026 05:44:55 +0000",2026-09-21 09:14:55,2026-09-21 09:14:55,18,10,22,15,16,8,2,91,green,1,0,1,9.5
