post_id,slug,url,status,code,severity,category,title,location,evidence,fix
3527,simon-algorithm,https://qpedia.ir/simon-algorithm/,publish,M01,high,عنوان و متا,توضیحات متا ندارد,rank_math_description / _yoast_wpseo_metadesc,,توضیح متا یکتا برای صفحه بنویسید (Google: « unique descriptions for each page »)
3527,simon-algorithm,https://qpedia.ir/simon-algorithm/,publish,K01,med,کلیدواژه,کلیدواژه کانونی (Focus Keyword) ثبت نشده,rank_math_focus_keyword / _yoast_wpseo_focuskw,,در Rank Math برای مقاله کلیدواژه کانونی تعریف کنید
3527,simon-algorithm,https://qpedia.ir/simon-algorithm/,publish,C01,high,محتوا,محتوای بسیار نازک,بدنه,398 کلمه,گوگل محتوای «کامل و جامع» می‌خواهد؛ صفحه محتوای کافی ندارد
3527,simon-algorithm,https://qpedia.ir/simon-algorithm/,publish,C12,low,محتوا,بدون پوشش سوءبرداشت رایج,بدنه,,مطابق استاندارد Qpedia، سوءبرداشت‌های رایج اصلاح شود
3527,simon-algorithm,https://qpedia.ir/simon-algorithm/,publish,I01,high,تصویر,تصویر شاخص ندارد,_thumbnail_id,,تصویر شاخص اختصاصی و مرتبط تعریف کنید
3527,simon-algorithm,https://qpedia.ir/simon-algorithm/,publish,X04,low,فنی,رمزِ شِمای Rank Math ثبت نشده,rank_math_schema_*,,قالب شِمای Article خودکار چاپ می‌کند ولی ثبت شمای Rank Math کامل‌تر است
3527,simon-algorithm,https://qpedia.ir/simon-algorithm/,publish,X05,med,فنی,صفحه یتیم (بدون لینک ورودی داخلی),گراف لینک داخلی,هیچ لینک ورودی از مقالات منتشرشدهٔ دیگر,از مقالات مرتبط به این صفحه لینک بدهید
512,quantum-cryptography-internet-security,https://qpedia.ir/quantum-cryptography-internet-security/,publish,K02,med,کلیدواژه,کلیدواژه کانونی در عنوان نیست,post_title,kw=«رمزنگاری کوانتومی آیندهٔ امنیت اینترنت»,کلیدواژه را به‌طور طبیعی در عنوان بیاورید
512,quantum-cryptography-internet-security,https://qpedia.ir/quantum-cryptography-internet-security/,publish,K03,low,کلیدواژه,کلیدواژه کانونی در متای توضیح نیست,meta description,kw=«رمزنگاری کوانتومی آیندهٔ امنیت اینترنت»,کلیدواژه را در توضیح متا بگنجانید
512,quantum-cryptography-internet-security,https://qpedia.ir/quantum-cryptography-internet-security/,publish,K04,med,کلیدواژه,کلیدواژه در پاراگراف آغازین نیست,پاراگراف آغازین,kw=«رمزنگاری کوانتومی آیندهٔ امنیت اینترنت»,در صد کلمهٔ نخست، موضوع (کلیدواژه) روشن شود
512,quantum-cryptography-internet-security,https://qpedia.ir/quantum-cryptography-internet-security/,publish,C07,med,محتوا,بخش منابع/ارجاع ندارد,تیترها,هیچ تیتری با «منابع» یافت نشد,برای ادعای علمی، بخش «منابع» با حداقل ۳ منبع معتبر لازم است
512,quantum-cryptography-internet-security,https://qpedia.ir/quantum-cryptography-internet-security/,publish,C08,med,محتوا,ارجاع خارجی کمتر از ۳,بدنه,فقط 0 لینک خارجی یکتا,حداقل ۳ لینک معتبر خارجی (DOI/دانشگاه/مرجع علمی) بدهید
512,quantum-cryptography-internet-security,https://qpedia.ir/quantum-cryptography-internet-security/,publish,C09,low,محتوا,بخش پرسش‌های متداول ندارد,تیترها,,افزودن FAQ ساخت‌یافته به پوشش نیت جستجو کمک می‌کند
512,quantum-cryptography-internet-security,https://qpedia.ir/quantum-cryptography-internet-security/,publish,C12,low,محتوا,بدون پوشش سوءبرداشت رایج,بدنه,,مطابق استاندارد Qpedia، سوءبرداشت‌های رایج اصلاح شود
512,quantum-cryptography-internet-security,https://qpedia.ir/quantum-cryptography-internet-security/,publish,I01,high,تصویر,تصویر شاخص ندارد,_thumbnail_id,,تصویر شاخص اختصاصی و مرتبط تعریف کنید
512,quantum-cryptography-internet-security,https://qpedia.ir/quantum-cryptography-internet-security/,publish,L01,med,پیوند,لینک داخلی کمتر از ۳,بدنه,0 لینک داخلی یکتا,حداقل ۳ لینک داخلی مرتبط با انکرتکست طبیعی بدهید
512,quantum-cryptography-internet-security,https://qpedia.ir/quantum-cryptography-internet-security/,publish,X04,low,فنی,رمزِ شِمای Rank Math ثبت نشده,rank_math_schema_*,,قالب شِمای Article خودکار چاپ می‌کند ولی ثبت شمای Rank Math کامل‌تر است
303,vacuum-fluctuations,https://qpedia.ir/vacuum-fluctuations/,publish,T03,low,عنوان و متا,عنوان خیلی کوتاه/مبهم,post_title,نوسانات خلأ,عنوان باید موضوع را کامل برساند
303,vacuum-fluctuations,https://qpedia.ir/vacuum-fluctuations/,publish,K04,med,کلیدواژه,کلیدواژه در پاراگراف آغازین نیست,پاراگراف آغازین,kw=«نوسانات خلأ»,در صد کلمهٔ نخست، موضوع (کلیدواژه) روشن شود
303,vacuum-fluctuations,https://qpedia.ir/vacuum-fluctuations/,publish,C07,med,محتوا,بخش منابع/ارجاع ندارد,تیترها,هیچ تیتری با «منابع» یافت نشد,برای ادعای علمی، بخش «منابع» با حداقل ۳ منبع معتبر لازم است
303,vacuum-fluctuations,https://qpedia.ir/vacuum-fluctuations/,publish,C08,med,محتوا,ارجاع خارجی کمتر از ۳,بدنه,فقط 0 لینک خارجی یکتا,حداقل ۳ لینک معتبر خارجی (DOI/دانشگاه/مرجع علمی) بدهید
303,vacuum-fluctuations,https://qpedia.ir/vacuum-fluctuations/,publish,C09,low,محتوا,بخش پرسش‌های متداول ندارد,تیترها,,افزودن FAQ ساخت‌یافته به پوشش نیت جستجو کمک می‌کند
303,vacuum-fluctuations,https://qpedia.ir/vacuum-fluctuations/,publish,C12,low,محتوا,بدون پوشش سوءبرداشت رایج,بدنه,,مطابق استاندارد Qpedia، سوءبرداشت‌های رایج اصلاح شود
303,vacuum-fluctuations,https://qpedia.ir/vacuum-fluctuations/,publish,I01,high,تصویر,تصویر شاخص ندارد,_thumbnail_id,,تصویر شاخص اختصاصی و مرتبط تعریف کنید
303,vacuum-fluctuations,https://qpedia.ir/vacuum-fluctuations/,publish,L01,med,پیوند,لینک داخلی کمتر از ۳,بدنه,0 لینک داخلی یکتا,حداقل ۳ لینک داخلی مرتبط با انکرتکست طبیعی بدهید
303,vacuum-fluctuations,https://qpedia.ir/vacuum-fluctuations/,publish,X04,low,فنی,رمزِ شِمای Rank Math ثبت نشده,rank_math_schema_*,,قالب شِمای Article خودکار چاپ می‌کند ولی ثبت شمای Rank Math کامل‌تر است
575,quantum-understanding-achievement,https://qpedia.ir/quantum-understanding-achievement/,publish,K02,med,کلیدواژه,کلیدواژه کانونی در عنوان نیست,post_title,kw=«نفهمیدنِ درست کوانتوم، خودش یک»,کلیدواژه را به‌طور طبیعی در عنوان بیاورید
575,quantum-understanding-achievement,https://qpedia.ir/quantum-understanding-achievement/,publish,K03,low,کلیدواژه,کلیدواژه کانونی در متای توضیح نیست,meta description,kw=«نفهمیدنِ درست کوانتوم، خودش یک»,کلیدواژه را در توضیح متا بگنجانید
575,quantum-understanding-achievement,https://qpedia.ir/quantum-understanding-achievement/,publish,K04,med,کلیدواژه,کلیدواژه در پاراگراف آغازین نیست,پاراگراف آغازین,kw=«نفهمیدنِ درست کوانتوم، خودش یک»,در صد کلمهٔ نخست، موضوع (کلیدواژه) روشن شود
575,quantum-understanding-achievement,https://qpedia.ir/quantum-understanding-achievement/,publish,C08,med,محتوا,ارجاع خارجی کمتر از ۳,بدنه,فقط 0 لینک خارجی یکتا,حداقل ۳ لینک معتبر خارجی (DOI/دانشگاه/مرجع علمی) بدهید
575,quantum-understanding-achievement,https://qpedia.ir/quantum-understanding-achievement/,publish,C11,low,محتوا,بدون بخش جمع‌بندی,تیترها,,پایان‌بندی انسانی و روشن داشته باشید
575,quantum-understanding-achievement,https://qpedia.ir/quantum-understanding-achievement/,publish,C12,low,محتوا,بدون پوشش سوءبرداشت رایج,بدنه,,مطابق استاندارد Qpedia، سوءبرداشت‌های رایج اصلاح شود
575,quantum-understanding-achievement,https://qpedia.ir/quantum-understanding-achievement/,publish,L02,high,پیوند,لینک داخلی شکسته (۴۰۴),لینک #1,«ترانزیستور» → https://qpedia.ir/transistor/,مقصد لینک در سایت وجود ندارد؛ اصلاح یا حذف شود
575,quantum-understanding-achievement,https://qpedia.ir/quantum-understanding-achievement/,publish,L01,med,پیوند,لینک داخلی کمتر از ۳,بدنه,2 لینک داخلی یکتا,حداقل ۳ لینک داخلی مرتبط با انکرتکست طبیعی بدهید
575,quantum-understanding-achievement,https://qpedia.ir/quantum-understanding-achievement/,publish,X04,low,فنی,رمزِ شِمای Rank Math ثبت نشده,rank_math_schema_*,,قالب شِمای Article خودکار چاپ می‌کند ولی ثبت شمای Rank Math کامل‌تر است
569,superposition-explained,https://qpedia.ir/superposition-explained/,publish,K02,med,کلیدواژه,کلیدواژه کانونی در عنوان نیست,post_title,kw=«برهم نهی وقتی یک ذره»,کلیدواژه را به‌طور طبیعی در عنوان بیاورید
569,superposition-explained,https://qpedia.ir/superposition-explained/,publish,K03,low,کلیدواژه,کلیدواژه کانونی در متای توضیح نیست,meta description,kw=«برهم نهی وقتی یک ذره»,کلیدواژه را در توضیح متا بگنجانید
569,superposition-explained,https://qpedia.ir/superposition-explained/,publish,K04,med,کلیدواژه,کلیدواژه در پاراگراف آغازین نیست,پاراگراف آغازین,kw=«برهم نهی وقتی یک ذره»,در صد کلمهٔ نخست، موضوع (کلیدواژه) روشن شود
569,superposition-explained,https://qpedia.ir/superposition-explained/,publish,C08,med,محتوا,ارجاع خارجی کمتر از ۳,بدنه,فقط 0 لینک خارجی یکتا,حداقل ۳ لینک معتبر خارجی (DOI/دانشگاه/مرجع علمی) بدهید
569,superposition-explained,https://qpedia.ir/superposition-explained/,publish,C11,low,محتوا,بدون بخش جمع‌بندی,تیترها,,پایان‌بندی انسانی و روشن داشته باشید
569,superposition-explained,https://qpedia.ir/superposition-explained/,publish,C12,low,محتوا,بدون پوشش سوءبرداشت رایج,بدنه,,مطابق استاندارد Qpedia، سوءبرداشت‌های رایج اصلاح شود
569,superposition-explained,https://qpedia.ir/superposition-explained/,publish,I01,high,تصویر,تصویر شاخص ندارد,_thumbnail_id,,تصویر شاخص اختصاصی و مرتبط تعریف کنید
569,superposition-explained,https://qpedia.ir/superposition-explained/,publish,X04,low,فنی,رمزِ شِمای Rank Math ثبت نشده,rank_math_schema_*,,قالب شِمای Article خودکار چاپ می‌کند ولی ثبت شمای Rank Math کامل‌تر است
570,why-large-objects-dont-superpose,https://qpedia.ir/why-large-objects-dont-superpose/,publish,K02,med,کلیدواژه,کلیدواژه کانونی در عنوان نیست,post_title,kw=«برهم نهی ، اشیای بزرگ»,کلیدواژه را به‌طور طبیعی در عنوان بیاورید
570,why-large-objects-dont-superpose,https://qpedia.ir/why-large-objects-dont-superpose/,publish,K03,low,کلیدواژه,کلیدواژه کانونی در متای توضیح نیست,meta description,kw=«برهم نهی ، اشیای بزرگ»,کلیدواژه را در توضیح متا بگنجانید
570,why-large-objects-dont-superpose,https://qpedia.ir/why-large-objects-dont-superpose/,publish,K04,med,کلیدواژه,کلیدواژه در پاراگراف آغازین نیست,پاراگراف آغازین,kw=«برهم نهی ، اشیای بزرگ»,در صد کلمهٔ نخست، موضوع (کلیدواژه) روشن شود
570,why-large-objects-dont-superpose,https://qpedia.ir/why-large-objects-dont-superpose/,publish,C08,med,محتوا,ارجاع خارجی کمتر از ۳,بدنه,فقط 0 لینک خارجی یکتا,حداقل ۳ لینک معتبر خارجی (DOI/دانشگاه/مرجع علمی) بدهید
570,why-large-objects-dont-superpose,https://qpedia.ir/why-large-objects-dont-superpose/,publish,C11,low,محتوا,بدون بخش جمع‌بندی,تیترها,,پایان‌بندی انسانی و روشن داشته باشید
570,why-large-objects-dont-superpose,https://qpedia.ir/why-large-objects-dont-superpose/,publish,C12,low,محتوا,بدون پوشش سوءبرداشت رایج,بدنه,,مطابق استاندارد Qpedia، سوءبرداشت‌های رایج اصلاح شود
570,why-large-objects-dont-superpose,https://qpedia.ir/why-large-objects-dont-superpose/,publish,I01,high,تصویر,تصویر شاخص ندارد,_thumbnail_id,,تصویر شاخص اختصاصی و مرتبط تعریف کنید
570,why-large-objects-dont-superpose,https://qpedia.ir/why-large-objects-dont-superpose/,publish,X04,low,فنی,رمزِ شِمای Rank Math ثبت نشده,rank_math_schema_*,,قالب شِمای Article خودکار چاپ می‌کند ولی ثبت شمای Rank Math کامل‌تر است
2844,grw-collapse,https://qpedia.ir/grw-collapse/,publish,K02,med,کلیدواژه,کلیدواژه کانونی در عنوان نیست,post_title,kw=«تفسیر GRW فروپاشی خودبه خودی»,کلیدواژه را به‌طور طبیعی در عنوان بیاورید
2844,grw-collapse,https://qpedia.ir/grw-collapse/,publish,K03,low,کلیدواژه,کلیدواژه کانونی در متای توضیح نیست,meta description,kw=«تفسیر GRW فروپاشی خودبه خودی»,کلیدواژه را در توضیح متا بگنجانید
2844,grw-collapse,https://qpedia.ir/grw-collapse/,publish,K04,med,کلیدواژه,کلیدواژه در پاراگراف آغازین نیست,پاراگراف آغازین,kw=«تفسیر GRW فروپاشی خودبه خودی»,در صد کلمهٔ نخست، موضوع (کلیدواژه) روشن شود
2844,grw-collapse,https://qpedia.ir/grw-collapse/,publish,C03,med,محتوا,ساختار تیتر ضعیف,ساختار تیتر,فقط 0 تیتر H2,حداقل ۳ تیتر H2 معنادار بگذارید تا فهرست‌مطالب و اسکن‌پذیری ساخته شود
2844,grw-collapse,https://qpedia.ir/grw-collapse/,publish,C08,med,محتوا,ارجاع خارجی کمتر از ۳,بدنه,فقط 2 لینک خارجی یکتا,حداقل ۳ لینک معتبر خارجی (DOI/دانشگاه/مرجع علمی) بدهید
2844,grw-collapse,https://qpedia.ir/grw-collapse/,publish,C09,low,محتوا,بخش پرسش‌های متداول ندارد,تیترها,,افزودن FAQ ساخت‌یافته به پوشش نیت جستجو کمک می‌کند
2844,grw-collapse,https://qpedia.ir/grw-collapse/,publish,C11,low,محتوا,بدون بخش جمع‌بندی,تیترها,,پایان‌بندی انسانی و روشن داشته باشید
2844,grw-collapse,https://qpedia.ir/grw-collapse/,publish,C12,low,محتوا,بدون پوشش سوءبرداشت رایج,بدنه,,مطابق استاندارد Qpedia، سوءبرداشت‌های رایج اصلاح شود
2844,grw-collapse,https://qpedia.ir/grw-collapse/,publish,L01,med,پیوند,لینک داخلی کمتر از ۳,بدنه,0 لینک داخلی یکتا,حداقل ۳ لینک داخلی مرتبط با انکرتکست طبیعی بدهید
2844,grw-collapse,https://qpedia.ir/grw-collapse/,publish,X04,low,فنی,رمزِ شِمای Rank Math ثبت نشده,rank_math_schema_*,,قالب شِمای Article خودکار چاپ می‌کند ولی ثبت شمای Rank Math کامل‌تر است
562,brain-quantum-phenomena,https://qpedia.ir/brain-quantum-phenomena/,publish,T02,med,عنوان و متا,عنوان خیلی بلند,post_title,66 نویسه: «آیا مغز انسان از پدیده های کوانتومی استفاده می کند؟ (بررسی ادعاها)…»,عنوان را به حدود ۶۰ نویسه کاهش دهید؛ گوگل تیترهای بلند را می‌بُرد یا بازنویسی می‌کند
562,brain-quantum-phenomena,https://qpedia.ir/brain-quantum-phenomena/,publish,K02,med,کلیدواژه,کلیدواژه کانونی در عنوان نیست,post_title,kw=«مغز انسان پدیده های کوانتومی»,کلیدواژه را به‌طور طبیعی در عنوان بیاورید
562,brain-quantum-phenomena,https://qpedia.ir/brain-quantum-phenomena/,publish,K03,low,کلیدواژه,کلیدواژه کانونی در متای توضیح نیست,meta description,kw=«مغز انسان پدیده های کوانتومی»,کلیدواژه را در توضیح متا بگنجانید
562,brain-quantum-phenomena,https://qpedia.ir/brain-quantum-phenomena/,publish,K04,med,کلیدواژه,کلیدواژه در پاراگراف آغازین نیست,پاراگراف آغازین,kw=«مغز انسان پدیده های کوانتومی»,در صد کلمهٔ نخست، موضوع (کلیدواژه) روشن شود
562,brain-quantum-phenomena,https://qpedia.ir/brain-quantum-phenomena/,publish,C08,med,محتوا,ارجاع خارجی کمتر از ۳,بدنه,فقط 0 لینک خارجی یکتا,حداقل ۳ لینک معتبر خارجی (DOI/دانشگاه/مرجع علمی) بدهید
562,brain-quantum-phenomena,https://qpedia.ir/brain-quantum-phenomena/,publish,C11,low,محتوا,بدون بخش جمع‌بندی,تیترها,,پایان‌بندی انسانی و روشن داشته باشید
562,brain-quantum-phenomena,https://qpedia.ir/brain-quantum-phenomena/,publish,C12,low,محتوا,بدون پوشش سوءبرداشت رایج,بدنه,,مطابق استاندارد Qpedia، سوءبرداشت‌های رایج اصلاح شود
562,brain-quantum-phenomena,https://qpedia.ir/brain-quantum-phenomena/,publish,L02,high,پیوند,لینک داخلی شکسته (۴۰۴),لینک #3,«فتوسنتز» → https://qpedia.ir/quantum-photosynthesis/,مقصد لینک در سایت وجود ندارد؛ اصلاح یا حذف شود
562,brain-quantum-phenomena,https://qpedia.ir/brain-quantum-phenomena/,publish,X04,low,فنی,رمزِ شِمای Rank Math ثبت نشده,rank_math_schema_*,,قالب شِمای Article خودکار چاپ می‌کند ولی ثبت شمای Rank Math کامل‌تر است
2093,quantum-learning-resources,https://qpedia.ir/quantum-learning-resources/,publish,K02,med,کلیدواژه,کلیدواژه کانونی در عنوان نیست,post_title,kw=«منابع معتبر فارسی انگلیسی یادگیری»,کلیدواژه را به‌طور طبیعی در عنوان بیاورید
2093,quantum-learning-resources,https://qpedia.ir/quantum-learning-resources/,publish,K03,low,کلیدواژه,کلیدواژه کانونی در متای توضیح نیست,meta description,kw=«منابع معتبر فارسی انگلیسی یادگیری»,کلیدواژه را در توضیح متا بگنجانید
2093,quantum-learning-resources,https://qpedia.ir/quantum-learning-resources/,publish,K04,med,کلیدواژه,کلیدواژه در پاراگراف آغازین نیست,پاراگراف آغازین,kw=«منابع معتبر فارسی انگلیسی یادگیری»,در صد کلمهٔ نخست، موضوع (کلیدواژه) روشن شود
2093,quantum-learning-resources,https://qpedia.ir/quantum-learning-resources/,publish,C11,low,محتوا,بدون بخش جمع‌بندی,تیترها,,پایان‌بندی انسانی و روشن داشته باشید
2093,quantum-learning-resources,https://qpedia.ir/quantum-learning-resources/,publish,C12,low,محتوا,بدون پوشش سوءبرداشت رایج,بدنه,,مطابق استاندارد Qpedia، سوءبرداشت‌های رایج اصلاح شود
2093,quantum-learning-resources,https://qpedia.ir/quantum-learning-resources/,publish,I01,high,تصویر,تصویر شاخص ندارد,_thumbnail_id,,تصویر شاخص اختصاصی و مرتبط تعریف کنید
2093,quantum-learning-resources,https://qpedia.ir/quantum-learning-resources/,publish,X04,low,فنی,رمزِ شِمای Rank Math ثبت نشده,rank_math_schema_*,,قالب شِمای Article خودکار چاپ می‌کند ولی ثبت شمای Rank Math کامل‌تر است
2093,quantum-learning-resources,https://qpedia.ir/quantum-learning-resources/,publish,X05,med,فنی,صفحه یتیم (بدون لینک ورودی داخلی),گراف لینک داخلی,هیچ لینک ورودی از مقالات منتشرشدهٔ دیگر,از مقالات مرتبط به این صفحه لینک بدهید
306,superfluidity,https://qpedia.ir/superfluidity/,publish,K02,med,کلیدواژه,کلیدواژه کانونی در عنوان نیست,post_title,kw=«ابرشارگی مایعی لیوان بالا می»,کلیدواژه را به‌طور طبیعی در عنوان بیاورید
306,superfluidity,https://qpedia.ir/superfluidity/,publish,K03,low,کلیدواژه,کلیدواژه کانونی در متای توضیح نیست,meta description,kw=«ابرشارگی مایعی لیوان بالا می»,کلیدواژه را در توضیح متا بگنجانید
306,superfluidity,https://qpedia.ir/superfluidity/,publish,K04,med,کلیدواژه,کلیدواژه در پاراگراف آغازین نیست,پاراگراف آغازین,kw=«ابرشارگی مایعی لیوان بالا می»,در صد کلمهٔ نخست، موضوع (کلیدواژه) روشن شود
306,superfluidity,https://qpedia.ir/superfluidity/,publish,C07,med,محتوا,بخش منابع/ارجاع ندارد,تیترها,هیچ تیتری با «منابع» یافت نشد,برای ادعای علمی، بخش «منابع» با حداقل ۳ منبع معتبر لازم است
306,superfluidity,https://qpedia.ir/superfluidity/,publish,C08,med,محتوا,ارجاع خارجی کمتر از ۳,بدنه,فقط 0 لینک خارجی یکتا,حداقل ۳ لینک معتبر خارجی (DOI/دانشگاه/مرجع علمی) بدهید
306,superfluidity,https://qpedia.ir/superfluidity/,publish,C09,low,محتوا,بخش پرسش‌های متداول ندارد,تیترها,,افزودن FAQ ساخت‌یافته به پوشش نیت جستجو کمک می‌کند
306,superfluidity,https://qpedia.ir/superfluidity/,publish,C12,low,محتوا,بدون پوشش سوءبرداشت رایج,بدنه,,مطابق استاندارد Qpedia، سوءبرداشت‌های رایج اصلاح شود
306,superfluidity,https://qpedia.ir/superfluidity/,publish,L01,med,پیوند,لینک داخلی کمتر از ۳,بدنه,0 لینک داخلی یکتا,حداقل ۳ لینک داخلی مرتبط با انکرتکست طبیعی بدهید
306,superfluidity,https://qpedia.ir/superfluidity/,publish,X04,low,فنی,رمزِ شِمای Rank Math ثبت نشده,rank_math_schema_*,,قالب شِمای Article خودکار چاپ می‌کند ولی ثبت شمای Rank Math کامل‌تر است
320,enzyme-quantum-tunneling,https://qpedia.ir/enzyme-quantum-tunneling/,publish,K02,med,کلیدواژه,کلیدواژه کانونی در عنوان نیست,post_title,kw=«آنزیم ها عبور دیوار جای»,کلیدواژه را به‌طور طبیعی در عنوان بیاورید
320,enzyme-quantum-tunneling,https://qpedia.ir/enzyme-quantum-tunneling/,publish,K03,low,کلیدواژه,کلیدواژه کانونی در متای توضیح نیست,meta description,kw=«آنزیم ها عبور دیوار جای»,کلیدواژه را در توضیح متا بگنجانید
320,enzyme-quantum-tunneling,https://qpedia.ir/enzyme-quantum-tunneling/,publish,K04,med,کلیدواژه,کلیدواژه در پاراگراف آغازین نیست,پاراگراف آغازین,kw=«آنزیم ها عبور دیوار جای»,در صد کلمهٔ نخست، موضوع (کلیدواژه) روشن شود
320,enzyme-quantum-tunneling,https://qpedia.ir/enzyme-quantum-tunneling/,publish,C07,med,محتوا,بخش منابع/ارجاع ندارد,تیترها,هیچ تیتری با «منابع» یافت نشد,برای ادعای علمی، بخش «منابع» با حداقل ۳ منبع معتبر لازم است
320,enzyme-quantum-tunneling,https://qpedia.ir/enzyme-quantum-tunneling/,publish,C08,med,محتوا,ارجاع خارجی کمتر از ۳,بدنه,فقط 0 لینک خارجی یکتا,حداقل ۳ لینک معتبر خارجی (DOI/دانشگاه/مرجع علمی) بدهید
320,enzyme-quantum-tunneling,https://qpedia.ir/enzyme-quantum-tunneling/,publish,C09,low,محتوا,بخش پرسش‌های متداول ندارد,تیترها,,افزودن FAQ ساخت‌یافته به پوشش نیت جستجو کمک می‌کند
320,enzyme-quantum-tunneling,https://qpedia.ir/enzyme-quantum-tunneling/,publish,C12,low,محتوا,بدون پوشش سوءبرداشت رایج,بدنه,,مطابق استاندارد Qpedia، سوءبرداشت‌های رایج اصلاح شود
320,enzyme-quantum-tunneling,https://qpedia.ir/enzyme-quantum-tunneling/,publish,L01,med,پیوند,لینک داخلی کمتر از ۳,بدنه,0 لینک داخلی یکتا,حداقل ۳ لینک داخلی مرتبط با انکرتکست طبیعی بدهید
320,enzyme-quantum-tunneling,https://qpedia.ir/enzyme-quantum-tunneling/,publish,X04,low,فنی,رمزِ شِمای Rank Math ثبت نشده,rank_math_schema_*,,قالب شِمای Article خودکار چاپ می‌کند ولی ثبت شمای Rank Math کامل‌تر است
319,quantum-smell,https://qpedia.ir/quantum-smell/,publish,K02,med,کلیدواژه,کلیدواژه کانونی در عنوان نیست,post_title,kw=«حس بویایی شکل ارتعاش»,کلیدواژه را به‌طور طبیعی در عنوان بیاورید
319,quantum-smell,https://qpedia.ir/quantum-smell/,publish,K03,low,کلیدواژه,کلیدواژه کانونی در متای توضیح نیست,meta description,kw=«حس بویایی شکل ارتعاش»,کلیدواژه را در توضیح متا بگنجانید
319,quantum-smell,https://qpedia.ir/quantum-smell/,publish,K04,med,کلیدواژه,کلیدواژه در پاراگراف آغازین نیست,پاراگراف آغازین,kw=«حس بویایی شکل ارتعاش»,در صد کلمهٔ نخست، موضوع (کلیدواژه) روشن شود
319,quantum-smell,https://qpedia.ir/quantum-smell/,publish,C07,med,محتوا,بخش منابع/ارجاع ندارد,تیترها,هیچ تیتری با «منابع» یافت نشد,برای ادعای علمی، بخش «منابع» با حداقل ۳ منبع معتبر لازم است
319,quantum-smell,https://qpedia.ir/quantum-smell/,publish,C08,med,محتوا,ارجاع خارجی کمتر از ۳,بدنه,فقط 0 لینک خارجی یکتا,حداقل ۳ لینک معتبر خارجی (DOI/دانشگاه/مرجع علمی) بدهید
319,quantum-smell,https://qpedia.ir/quantum-smell/,publish,C09,low,محتوا,بخش پرسش‌های متداول ندارد,تیترها,,افزودن FAQ ساخت‌یافته به پوشش نیت جستجو کمک می‌کند
319,quantum-smell,https://qpedia.ir/quantum-smell/,publish,C12,low,محتوا,بدون پوشش سوءبرداشت رایج,بدنه,,مطابق استاندارد Qpedia، سوءبرداشت‌های رایج اصلاح شود
319,quantum-smell,https://qpedia.ir/quantum-smell/,publish,L01,med,پیوند,لینک داخلی کمتر از ۳,بدنه,0 لینک داخلی یکتا,حداقل ۳ لینک داخلی مرتبط با انکرتکست طبیعی بدهید
319,quantum-smell,https://qpedia.ir/quantum-smell/,publish,X04,low,فنی,رمزِ شِمای Rank Math ثبت نشده,rank_math_schema_*,,قالب شِمای Article خودکار چاپ می‌کند ولی ثبت شمای Rank Math کامل‌تر است
511,quantum-alternative-medicine-science,https://qpedia.ir/quantum-alternative-medicine-science/,publish,K02,med,کلیدواژه,کلیدواژه کانونی در عنوان نیست,post_title,kw=«کوانتوم پزشکی»,کلیدواژه را به‌طور طبیعی در عنوان بیاورید
511,quantum-alternative-medicine-science,https://qpedia.ir/quantum-alternative-medicine-science/,publish,K03,low,کلیدواژه,کلیدواژه کانونی در متای توضیح نیست,meta description,kw=«کوانتوم پزشکی»,کلیدواژه را در توضیح متا بگنجانید
511,quantum-alternative-medicine-science,https://qpedia.ir/quantum-alternative-medicine-science/,publish,K04,med,کلیدواژه,کلیدواژه در پاراگراف آغازین نیست,پاراگراف آغازین,kw=«کوانتوم پزشکی»,در صد کلمهٔ نخست، موضوع (کلیدواژه) روشن شود
511,quantum-alternative-medicine-science,https://qpedia.ir/quantum-alternative-medicine-science/,publish,C07,med,محتوا,بخش منابع/ارجاع ندارد,تیترها,هیچ تیتری با «منابع» یافت نشد,برای ادعای علمی، بخش «منابع» با حداقل ۳ منبع معتبر لازم است
511,quantum-alternative-medicine-science,https://qpedia.ir/quantum-alternative-medicine-science/,publish,C08,med,محتوا,ارجاع خارجی کمتر از ۳,بدنه,فقط 0 لینک خارجی یکتا,حداقل ۳ لینک معتبر خارجی (DOI/دانشگاه/مرجع علمی) بدهید
511,quantum-alternative-medicine-science,https://qpedia.ir/quantum-alternative-medicine-science/,publish,C09,low,محتوا,بخش پرسش‌های متداول ندارد,تیترها,,افزودن FAQ ساخت‌یافته به پوشش نیت جستجو کمک می‌کند
511,quantum-alternative-medicine-science,https://qpedia.ir/quantum-alternative-medicine-science/,publish,C12,low,محتوا,بدون پوشش سوءبرداشت رایج,بدنه,,مطابق استاندارد Qpedia، سوءبرداشت‌های رایج اصلاح شود
511,quantum-alternative-medicine-science,https://qpedia.ir/quantum-alternative-medicine-science/,publish,L01,med,پیوند,لینک داخلی کمتر از ۳,بدنه,2 لینک داخلی یکتا,حداقل ۳ لینک داخلی مرتبط با انکرتکست طبیعی بدهید
511,quantum-alternative-medicine-science,https://qpedia.ir/quantum-alternative-medicine-science/,publish,X04,low,فنی,رمزِ شِمای Rank Math ثبت نشده,rank_math_schema_*,,قالب شِمای Article خودکار چاپ می‌کند ولی ثبت شمای Rank Math کامل‌تر است
574,quantum-analogy-exercise-boundary,https://qpedia.ir/quantum-analogy-exercise-boundary/,publish,K02,med,کلیدواژه,کلیدواژه کانونی در عنوان نیست,post_title,kw=«تمرین ذهنی خودتان یک تمثیل»,کلیدواژه را به‌طور طبیعی در عنوان بیاورید
574,quantum-analogy-exercise-boundary,https://qpedia.ir/quantum-analogy-exercise-boundary/,publish,K03,low,کلیدواژه,کلیدواژه کانونی در متای توضیح نیست,meta description,kw=«تمرین ذهنی خودتان یک تمثیل»,کلیدواژه را در توضیح متا بگنجانید
574,quantum-analogy-exercise-boundary,https://qpedia.ir/quantum-analogy-exercise-boundary/,publish,K04,med,کلیدواژه,کلیدواژه در پاراگراف آغازین نیست,پاراگراف آغازین,kw=«تمرین ذهنی خودتان یک تمثیل»,در صد کلمهٔ نخست، موضوع (کلیدواژه) روشن شود
574,quantum-analogy-exercise-boundary,https://qpedia.ir/quantum-analogy-exercise-boundary/,publish,C08,med,محتوا,ارجاع خارجی کمتر از ۳,بدنه,فقط 0 لینک خارجی یکتا,حداقل ۳ لینک معتبر خارجی (DOI/دانشگاه/مرجع علمی) بدهید
574,quantum-analogy-exercise-boundary,https://qpedia.ir/quantum-analogy-exercise-boundary/,publish,C11,low,محتوا,بدون بخش جمع‌بندی,تیترها,,پایان‌بندی انسانی و روشن داشته باشید
574,quantum-analogy-exercise-boundary,https://qpedia.ir/quantum-analogy-exercise-boundary/,publish,C12,low,محتوا,بدون پوشش سوءبرداشت رایج,بدنه,,مطابق استاندارد Qpedia، سوءبرداشت‌های رایج اصلاح شود
574,quantum-analogy-exercise-boundary,https://qpedia.ir/quantum-analogy-exercise-boundary/,publish,L01,med,پیوند,لینک داخلی کمتر از ۳,بدنه,2 لینک داخلی یکتا,حداقل ۳ لینک داخلی مرتبط با انکرتکست طبیعی بدهید
574,quantum-analogy-exercise-boundary,https://qpedia.ir/quantum-analogy-exercise-boundary/,publish,X04,low,فنی,رمزِ شِمای Rank Math ثبت نشده,rank_math_schema_*,,قالب شِمای Article خودکار چاپ می‌کند ولی ثبت شمای Rank Math کامل‌تر است
2249,fiber-optics,https://qpedia.ir/fiber-optics/,publish,K02,med,کلیدواژه,کلیدواژه کانونی در عنوان نیست,post_title,kw=«فیبر نوری کار می»,کلیدواژه را به‌طور طبیعی در عنوان بیاورید
2249,fiber-optics,https://qpedia.ir/fiber-optics/,publish,K03,low,کلیدواژه,کلیدواژه کانونی در متای توضیح نیست,meta description,kw=«فیبر نوری کار می»,کلیدواژه را در توضیح متا بگنجانید
2249,fiber-optics,https://qpedia.ir/fiber-optics/,publish,K04,med,کلیدواژه,کلیدواژه در پاراگراف آغازین نیست,پاراگراف آغازین,kw=«فیبر نوری کار می»,در صد کلمهٔ نخست، موضوع (کلیدواژه) روشن شود
2249,fiber-optics,https://qpedia.ir/fiber-optics/,publish,C01,high,محتوا,محتوای بسیار نازک,بدنه,473 کلمه,گوگل محتوای «کامل و جامع» می‌خواهد؛ صفحه محتوای کافی ندارد
2249,fiber-optics,https://qpedia.ir/fiber-optics/,publish,C08,med,محتوا,ارجاع خارجی کمتر از ۳,بدنه,فقط 1 لینک خارجی یکتا,حداقل ۳ لینک معتبر خارجی (DOI/دانشگاه/مرجع علمی) بدهید
2249,fiber-optics,https://qpedia.ir/fiber-optics/,publish,C12,low,محتوا,بدون پوشش سوءبرداشت رایج,بدنه,,مطابق استاندارد Qpedia، سوءبرداشت‌های رایج اصلاح شود
2249,fiber-optics,https://qpedia.ir/fiber-optics/,publish,L02,high,پیوند,لینک داخلی شکسته (۴۰۴),لینک #3,«ال‌ایدی» → https://qpedia.ir/led/,مقصد لینک در سایت وجود ندارد؛ اصلاح یا حذف شود
2249,fiber-optics,https://qpedia.ir/fiber-optics/,publish,X04,low,فنی,رمزِ شِمای Rank Math ثبت نشده,rank_math_schema_*,,قالب شِمای Article خودکار چاپ می‌کند ولی ثبت شمای Rank Math کامل‌تر است
316,everything-is-energy-claim,https://qpedia.ir/everything-is-energy-claim/,publish,K02,med,کلیدواژه,کلیدواژه کانونی در عنوان نیست,post_title,kw=«همه چیز انرژی — بررسی»,کلیدواژه را به‌طور طبیعی در عنوان بیاورید
316,everything-is-energy-claim,https://qpedia.ir/everything-is-energy-claim/,publish,K03,low,کلیدواژه,کلیدواژه کانونی در متای توضیح نیست,meta description,kw=«همه چیز انرژی — بررسی»,کلیدواژه را در توضیح متا بگنجانید
316,everything-is-energy-claim,https://qpedia.ir/everything-is-energy-claim/,publish,K04,med,کلیدواژه,کلیدواژه در پاراگراف آغازین نیست,پاراگراف آغازین,kw=«همه چیز انرژی — بررسی»,در صد کلمهٔ نخست، موضوع (کلیدواژه) روشن شود
316,everything-is-energy-claim,https://qpedia.ir/everything-is-energy-claim/,publish,C07,med,محتوا,بخش منابع/ارجاع ندارد,تیترها,هیچ تیتری با «منابع» یافت نشد,برای ادعای علمی، بخش «منابع» با حداقل ۳ منبع معتبر لازم است
316,everything-is-energy-claim,https://qpedia.ir/everything-is-energy-claim/,publish,C08,med,محتوا,ارجاع خارجی کمتر از ۳,بدنه,فقط 0 لینک خارجی یکتا,حداقل ۳ لینک معتبر خارجی (DOI/دانشگاه/مرجع علمی) بدهید
316,everything-is-energy-claim,https://qpedia.ir/everything-is-energy-claim/,publish,C09,low,محتوا,بخش پرسش‌های متداول ندارد,تیترها,,افزودن FAQ ساخت‌یافته به پوشش نیت جستجو کمک می‌کند
316,everything-is-energy-claim,https://qpedia.ir/everything-is-energy-claim/,publish,C12,low,محتوا,بدون پوشش سوءبرداشت رایج,بدنه,,مطابق استاندارد Qpedia، سوءبرداشت‌های رایج اصلاح شود
316,everything-is-energy-claim,https://qpedia.ir/everything-is-energy-claim/,publish,L01,med,پیوند,لینک داخلی کمتر از ۳,بدنه,0 لینک داخلی یکتا,حداقل ۳ لینک داخلی مرتبط با انکرتکست طبیعی بدهید
316,everything-is-energy-claim,https://qpedia.ir/everything-is-energy-claim/,publish,X04,low,فنی,رمزِ شِمای Rank Math ثبت نشده,rank_math_schema_*,,قالب شِمای Article خودکار چاپ می‌کند ولی ثبت شمای Rank Math کامل‌تر است
314,transistor-quantum,https://qpedia.ir/transistor-quantum/,publish,K02,med,کلیدواژه,کلیدواژه کانونی در عنوان نیست,post_title,kw=«ترانزیستور کوانتوم جیب شما»,کلیدواژه را به‌طور طبیعی در عنوان بیاورید
314,transistor-quantum,https://qpedia.ir/transistor-quantum/,publish,K03,low,کلیدواژه,کلیدواژه کانونی در متای توضیح نیست,meta description,kw=«ترانزیستور کوانتوم جیب شما»,کلیدواژه را در توضیح متا بگنجانید
314,transistor-quantum,https://qpedia.ir/transistor-quantum/,publish,K04,med,کلیدواژه,کلیدواژه در پاراگراف آغازین نیست,پاراگراف آغازین,kw=«ترانزیستور کوانتوم جیب شما»,در صد کلمهٔ نخست، موضوع (کلیدواژه) روشن شود
314,transistor-quantum,https://qpedia.ir/transistor-quantum/,publish,C07,med,محتوا,بخش منابع/ارجاع ندارد,تیترها,هیچ تیتری با «منابع» یافت نشد,برای ادعای علمی، بخش «منابع» با حداقل ۳ منبع معتبر لازم است
314,transistor-quantum,https://qpedia.ir/transistor-quantum/,publish,C08,med,محتوا,ارجاع خارجی کمتر از ۳,بدنه,فقط 0 لینک خارجی یکتا,حداقل ۳ لینک معتبر خارجی (DOI/دانشگاه/مرجع علمی) بدهید
314,transistor-quantum,https://qpedia.ir/transistor-quantum/,publish,C09,low,محتوا,بخش پرسش‌های متداول ندارد,تیترها,,افزودن FAQ ساخت‌یافته به پوشش نیت جستجو کمک می‌کند
314,transistor-quantum,https://qpedia.ir/transistor-quantum/,publish,C12,low,محتوا,بدون پوشش سوءبرداشت رایج,بدنه,,مطابق استاندارد Qpedia، سوءبرداشت‌های رایج اصلاح شود
314,transistor-quantum,https://qpedia.ir/transistor-quantum/,publish,L01,med,پیوند,لینک داخلی کمتر از ۳,بدنه,0 لینک داخلی یکتا,حداقل ۳ لینک داخلی مرتبط با انکرتکست طبیعی بدهید
314,transistor-quantum,https://qpedia.ir/transistor-quantum/,publish,X04,low,فنی,رمزِ شِمای Rank Math ثبت نشده,rank_math_schema_*,,قالب شِمای Article خودکار چاپ می‌کند ولی ثبت شمای Rank Math کامل‌تر است
315,atomic-clock-gps,https://qpedia.ir/atomic-clock-gps/,publish,K02,med,کلیدواژه,کلیدواژه کانونی در عنوان نیست,post_title,kw=«ساعت اتمی جی پی اس»,کلیدواژه را به‌طور طبیعی در عنوان بیاورید
315,atomic-clock-gps,https://qpedia.ir/atomic-clock-gps/,publish,K03,low,کلیدواژه,کلیدواژه کانونی در متای توضیح نیست,meta description,kw=«ساعت اتمی جی پی اس»,کلیدواژه را در توضیح متا بگنجانید
315,atomic-clock-gps,https://qpedia.ir/atomic-clock-gps/,publish,K04,med,کلیدواژه,کلیدواژه در پاراگراف آغازین نیست,پاراگراف آغازین,kw=«ساعت اتمی جی پی اس»,در صد کلمهٔ نخست، موضوع (کلیدواژه) روشن شود
315,atomic-clock-gps,https://qpedia.ir/atomic-clock-gps/,publish,C07,med,محتوا,بخش منابع/ارجاع ندارد,تیترها,هیچ تیتری با «منابع» یافت نشد,برای ادعای علمی، بخش «منابع» با حداقل ۳ منبع معتبر لازم است
315,atomic-clock-gps,https://qpedia.ir/atomic-clock-gps/,publish,C08,med,محتوا,ارجاع خارجی کمتر از ۳,بدنه,فقط 0 لینک خارجی یکتا,حداقل ۳ لینک معتبر خارجی (DOI/دانشگاه/مرجع علمی) بدهید
315,atomic-clock-gps,https://qpedia.ir/atomic-clock-gps/,publish,C09,low,محتوا,بخش پرسش‌های متداول ندارد,تیترها,,افزودن FAQ ساخت‌یافته به پوشش نیت جستجو کمک می‌کند
315,atomic-clock-gps,https://qpedia.ir/atomic-clock-gps/,publish,C12,low,محتوا,بدون پوشش سوءبرداشت رایج,بدنه,,مطابق استاندارد Qpedia، سوءبرداشت‌های رایج اصلاح شود
315,atomic-clock-gps,https://qpedia.ir/atomic-clock-gps/,publish,L01,med,پیوند,لینک داخلی کمتر از ۳,بدنه,0 لینک داخلی یکتا,حداقل ۳ لینک داخلی مرتبط با انکرتکست طبیعی بدهید
315,atomic-clock-gps,https://qpedia.ir/atomic-clock-gps/,publish,X04,low,فنی,رمزِ شِمای Rank Math ثبت نشده,rank_math_schema_*,,قالب شِمای Article خودکار چاپ می‌کند ولی ثبت شمای Rank Math کامل‌تر است
514,mri-quantum,https://qpedia.ir/mri-quantum/,publish,K02,med,کلیدواژه,کلیدواژه کانونی در عنوان نیست,post_title,kw=«ام آرآی (MRI) کار می»,کلیدواژه را به‌طور طبیعی در عنوان بیاورید
514,mri-quantum,https://qpedia.ir/mri-quantum/,publish,K03,low,کلیدواژه,کلیدواژه کانونی در متای توضیح نیست,meta description,kw=«ام آرآی (MRI) کار می»,کلیدواژه را در توضیح متا بگنجانید
514,mri-quantum,https://qpedia.ir/mri-quantum/,publish,K04,med,کلیدواژه,کلیدواژه در پاراگراف آغازین نیست,پاراگراف آغازین,kw=«ام آرآی (MRI) کار می»,در صد کلمهٔ نخست، موضوع (کلیدواژه) روشن شود
514,mri-quantum,https://qpedia.ir/mri-quantum/,publish,C07,med,محتوا,بخش منابع/ارجاع ندارد,تیترها,هیچ تیتری با «منابع» یافت نشد,برای ادعای علمی، بخش «منابع» با حداقل ۳ منبع معتبر لازم است
514,mri-quantum,https://qpedia.ir/mri-quantum/,publish,C08,med,محتوا,ارجاع خارجی کمتر از ۳,بدنه,فقط 0 لینک خارجی یکتا,حداقل ۳ لینک معتبر خارجی (DOI/دانشگاه/مرجع علمی) بدهید
514,mri-quantum,https://qpedia.ir/mri-quantum/,publish,C09,low,محتوا,بخش پرسش‌های متداول ندارد,تیترها,,افزودن FAQ ساخت‌یافته به پوشش نیت جستجو کمک می‌کند
514,mri-quantum,https://qpedia.ir/mri-quantum/,publish,C12,low,محتوا,بدون پوشش سوءبرداشت رایج,بدنه,,مطابق استاندارد Qpedia، سوءبرداشت‌های رایج اصلاح شود
514,mri-quantum,https://qpedia.ir/mri-quantum/,publish,L01,med,پیوند,لینک داخلی کمتر از ۳,بدنه,1 لینک داخلی یکتا,حداقل ۳ لینک داخلی مرتبط با انکرتکست طبیعی بدهید
514,mri-quantum,https://qpedia.ir/mri-quantum/,publish,X04,low,فنی,رمزِ شِمای Rank Math ثبت نشده,rank_math_schema_*,,قالب شِمای Article خودکار چاپ می‌کند ولی ثبت شمای Rank Math کامل‌تر است
2255,stellar-fusion,https://qpedia.ir/stellar-fusion/,publish,K03,low,کلیدواژه,کلیدواژه کانونی در متای توضیح نیست,meta description,kw=«همجوشی ستارگان»,کلیدواژه را در توضیح متا بگنجانید
2255,stellar-fusion,https://qpedia.ir/stellar-fusion/,publish,K04,med,کلیدواژه,کلیدواژه در پاراگراف آغازین نیست,پاراگراف آغازین,kw=«همجوشی ستارگان»,در صد کلمهٔ نخست، موضوع (کلیدواژه) روشن شود
2255,stellar-fusion,https://qpedia.ir/stellar-fusion/,publish,C01,high,محتوا,محتوای بسیار نازک,بدنه,509 کلمه,گوگل محتوای «کامل و جامع» می‌خواهد؛ صفحه محتوای کافی ندارد
2255,stellar-fusion,https://qpedia.ir/stellar-fusion/,publish,C08,med,محتوا,ارجاع خارجی کمتر از ۳,بدنه,فقط 1 لینک خارجی یکتا,حداقل ۳ لینک معتبر خارجی (DOI/دانشگاه/مرجع علمی) بدهید
2255,stellar-fusion,https://qpedia.ir/stellar-fusion/,publish,C12,low,محتوا,بدون پوشش سوءبرداشت رایج,بدنه,,مطابق استاندارد Qpedia، سوءبرداشت‌های رایج اصلاح شود
2255,stellar-fusion,https://qpedia.ir/stellar-fusion/,publish,I01,high,تصویر,تصویر شاخص ندارد,_thumbnail_id,,تصویر شاخص اختصاصی و مرتبط تعریف کنید
2255,stellar-fusion,https://qpedia.ir/stellar-fusion/,publish,X04,low,فنی,رمزِ شِمای Rank Math ثبت نشده,rank_math_schema_*,,قالب شِمای Article خودکار چاپ می‌کند ولی ثبت شمای Rank Math کامل‌تر است
3364,quantum-solipsism,https://qpedia.ir/quantum-solipsism/,publish,T02,med,عنوان و متا,عنوان خیلی بلند,post_title,73 نویسه: «سولیپسیسم کوانتومی؛ آیا مکانیک کوانتومی فقط تجربهٔ شخصی را واقعی می‌داند؟…»,عنوان را به حدود ۶۰ نویسه کاهش دهید؛ گوگل تیترهای بلند را می‌بُرد یا بازنویسی می‌کند
3364,quantum-solipsism,https://qpedia.ir/quantum-solipsism/,publish,C01,high,محتوا,محتوای بسیار نازک,بدنه,399 کلمه,گوگل محتوای «کامل و جامع» می‌خواهد؛ صفحه محتوای کافی ندارد
3364,quantum-solipsism,https://qpedia.ir/quantum-solipsism/,publish,C12,low,محتوا,بدون پوشش سوءبرداشت رایج,بدنه,,مطابق استاندارد Qpedia، سوءبرداشت‌های رایج اصلاح شود
3364,quantum-solipsism,https://qpedia.ir/quantum-solipsism/,publish,L02,high,پیوند,لینک داخلی شکسته (۴۰۴),لینک #1,«مسئله اندازه‌گیری» → https://qpedia.ir/quantum-measurement-problem/ | نزدیک‌ترین مقصد فعال: https://qpedia.ir/.../quantum-measurement/,مقصد لینک در سایت وجود ندارد؛ اصلاح یا حذف شود
3364,quantum-solipsism,https://qpedia.ir/quantum-solipsism/,publish,L02,high,پیوند,لینک داخلی شکسته (۴۰۴),لینک #2,«واهمدوسی» → https://qpedia.ir/quantum-decoherence/,مقصد لینک در سایت وجود ندارد؛ اصلاح یا حذف شود
3364,quantum-solipsism,https://qpedia.ir/quantum-solipsism/,publish,L01,med,پیوند,لینک داخلی کمتر از ۳,بدنه,1 لینک داخلی یکتا,حداقل ۳ لینک داخلی مرتبط با انکرتکست طبیعی بدهید
3364,quantum-solipsism,https://qpedia.ir/quantum-solipsism/,publish,X05,med,فنی,صفحه یتیم (بدون لینک ورودی داخلی),گراف لینک داخلی,هیچ لینک ورودی از مقالات منتشرشدهٔ دیگر,از مقالات مرتبط به این صفحه لینک بدهید
566,quantum-career-future-learn,https://qpedia.ir/quantum-career-future-learn/,publish,M02,med,عنوان و متا,توضیحات متا خیلی کوتاه,meta description,97 نویسه: «آیا کوانتوم شغل آینده است؟ چهار مسیر واقعی در این صنعت، و نگاهی صادقانه به وضعیت بازار کار امروز.»,طول متای مناسب حدود ۱۲۰ تا ۱۶۰ نویسه است
566,quantum-career-future-learn,https://qpedia.ir/quantum-career-future-learn/,publish,K02,med,کلیدواژه,کلیدواژه کانونی در عنوان نیست,post_title,kw=«آینده شغلی باید فیزیک کوانتوم»,کلیدواژه را به‌طور طبیعی در عنوان بیاورید
566,quantum-career-future-learn,https://qpedia.ir/quantum-career-future-learn/,publish,K03,low,کلیدواژه,کلیدواژه کانونی در متای توضیح نیست,meta description,kw=«آینده شغلی باید فیزیک کوانتوم»,کلیدواژه را در توضیح متا بگنجانید
566,quantum-career-future-learn,https://qpedia.ir/quantum-career-future-learn/,publish,K04,med,کلیدواژه,کلیدواژه در پاراگراف آغازین نیست,پاراگراف آغازین,kw=«آینده شغلی باید فیزیک کوانتوم»,در صد کلمهٔ نخست، موضوع (کلیدواژه) روشن شود
566,quantum-career-future-learn,https://qpedia.ir/quantum-career-future-learn/,publish,C08,med,محتوا,ارجاع خارجی کمتر از ۳,بدنه,فقط 0 لینک خارجی یکتا,حداقل ۳ لینک معتبر خارجی (DOI/دانشگاه/مرجع علمی) بدهید
566,quantum-career-future-learn,https://qpedia.ir/quantum-career-future-learn/,publish,C11,low,محتوا,بدون بخش جمع‌بندی,تیترها,,پایان‌بندی انسانی و روشن داشته باشید
566,quantum-career-future-learn,https://qpedia.ir/quantum-career-future-learn/,publish,C12,low,محتوا,بدون پوشش سوءبرداشت رایج,بدنه,,مطابق استاندارد Qpedia، سوءبرداشت‌های رایج اصلاح شود
566,quantum-career-future-learn,https://qpedia.ir/quantum-career-future-learn/,publish,X04,low,فنی,رمزِ شِمای Rank Math ثبت نشده,rank_math_schema_*,,قالب شِمای Article خودکار چاپ می‌کند ولی ثبت شمای Rank Math کامل‌تر است
564,does-quantum-prove-god,https://qpedia.ir/does-quantum-prove-god/,publish,K02,med,کلیدواژه,کلیدواژه کانونی در عنوان نیست,post_title,kw=«کوانتوم ثابت می خدا وجود»,کلیدواژه را به‌طور طبیعی در عنوان بیاورید
564,does-quantum-prove-god,https://qpedia.ir/does-quantum-prove-god/,publish,K03,low,کلیدواژه,کلیدواژه کانونی در متای توضیح نیست,meta description,kw=«کوانتوم ثابت می خدا وجود»,کلیدواژه را در توضیح متا بگنجانید
564,does-quantum-prove-god,https://qpedia.ir/does-quantum-prove-god/,publish,K04,med,کلیدواژه,کلیدواژه در پاراگراف آغازین نیست,پاراگراف آغازین,kw=«کوانتوم ثابت می خدا وجود»,در صد کلمهٔ نخست، موضوع (کلیدواژه) روشن شود
564,does-quantum-prove-god,https://qpedia.ir/does-quantum-prove-god/,publish,C08,med,محتوا,ارجاع خارجی کمتر از ۳,بدنه,فقط 0 لینک خارجی یکتا,حداقل ۳ لینک معتبر خارجی (DOI/دانشگاه/مرجع علمی) بدهید
564,does-quantum-prove-god,https://qpedia.ir/does-quantum-prove-god/,publish,C11,low,محتوا,بدون بخش جمع‌بندی,تیترها,,پایان‌بندی انسانی و روشن داشته باشید
564,does-quantum-prove-god,https://qpedia.ir/does-quantum-prove-god/,publish,C12,low,محتوا,بدون پوشش سوءبرداشت رایج,بدنه,,مطابق استاندارد Qpedia، سوءبرداشت‌های رایج اصلاح شود
564,does-quantum-prove-god,https://qpedia.ir/does-quantum-prove-god/,publish,X04,low,فنی,رمزِ شِمای Rank Math ثبت نشده,rank_math_schema_*,,قالب شِمای Article خودکار چاپ می‌کند ولی ثبت شمای Rank Math کامل‌تر است
564,does-quantum-prove-god,https://qpedia.ir/does-quantum-prove-god/,publish,X05,med,فنی,صفحه یتیم (بدون لینک ورودی داخلی),گراف لینک داخلی,هیچ لینک ورودی از مقالات منتشرشدهٔ دیگر,از مقالات مرتبط به این صفحه لینک بدهید
302,quantum-zeno-effect,https://qpedia.ir/quantum-zeno-effect/,publish,K04,med,کلیدواژه,کلیدواژه در پاراگراف آغازین نیست,پاراگراف آغازین,kw=«اثر زنون کوانتومی»,در صد کلمهٔ نخست، موضوع (کلیدواژه) روشن شود
302,quantum-zeno-effect,https://qpedia.ir/quantum-zeno-effect/,publish,C07,med,محتوا,بخش منابع/ارجاع ندارد,تیترها,هیچ تیتری با «منابع» یافت نشد,برای ادعای علمی، بخش «منابع» با حداقل ۳ منبع معتبر لازم است
302,quantum-zeno-effect,https://qpedia.ir/quantum-zeno-effect/,publish,C08,med,محتوا,ارجاع خارجی کمتر از ۳,بدنه,فقط 0 لینک خارجی یکتا,حداقل ۳ لینک معتبر خارجی (DOI/دانشگاه/مرجع علمی) بدهید
302,quantum-zeno-effect,https://qpedia.ir/quantum-zeno-effect/,publish,C09,low,محتوا,بخش پرسش‌های متداول ندارد,تیترها,,افزودن FAQ ساخت‌یافته به پوشش نیت جستجو کمک می‌کند
302,quantum-zeno-effect,https://qpedia.ir/quantum-zeno-effect/,publish,C12,low,محتوا,بدون پوشش سوءبرداشت رایج,بدنه,,مطابق استاندارد Qpedia، سوءبرداشت‌های رایج اصلاح شود
302,quantum-zeno-effect,https://qpedia.ir/quantum-zeno-effect/,publish,L01,med,پیوند,لینک داخلی کمتر از ۳,بدنه,0 لینک داخلی یکتا,حداقل ۳ لینک داخلی مرتبط با انکرتکست طبیعی بدهید
302,quantum-zeno-effect,https://qpedia.ir/quantum-zeno-effect/,publish,X04,low,فنی,رمزِ شِمای Rank Math ثبت نشده,rank_math_schema_*,,قالب شِمای Article خودکار چاپ می‌کند ولی ثبت شمای Rank Math کامل‌تر است
302,quantum-zeno-effect,https://qpedia.ir/quantum-zeno-effect/,publish,X05,med,فنی,صفحه یتیم (بدون لینک ورودی داخلی),گراف لینک داخلی,هیچ لینک ورودی از مقالات منتشرشدهٔ دیگر,از مقالات مرتبط به این صفحه لینک بدهید
518,spot-pseudoscience-one-sentence,https://qpedia.ir/spot-pseudoscience-one-sentence/,publish,K02,med,کلیدواژه,کلیدواژه کانونی در عنوان نیست,post_title,kw=«ادعای شبه علمی یک جمله»,کلیدواژه را به‌طور طبیعی در عنوان بیاورید
518,spot-pseudoscience-one-sentence,https://qpedia.ir/spot-pseudoscience-one-sentence/,publish,K03,low,کلیدواژه,کلیدواژه کانونی در متای توضیح نیست,meta description,kw=«ادعای شبه علمی یک جمله»,کلیدواژه را در توضیح متا بگنجانید
518,spot-pseudoscience-one-sentence,https://qpedia.ir/spot-pseudoscience-one-sentence/,publish,K04,med,کلیدواژه,کلیدواژه در پاراگراف آغازین نیست,پاراگراف آغازین,kw=«ادعای شبه علمی یک جمله»,در صد کلمهٔ نخست، موضوع (کلیدواژه) روشن شود
518,spot-pseudoscience-one-sentence,https://qpedia.ir/spot-pseudoscience-one-sentence/,publish,C07,med,محتوا,بخش منابع/ارجاع ندارد,تیترها,هیچ تیتری با «منابع» یافت نشد,برای ادعای علمی، بخش «منابع» با حداقل ۳ منبع معتبر لازم است
518,spot-pseudoscience-one-sentence,https://qpedia.ir/spot-pseudoscience-one-sentence/,publish,C08,med,محتوا,ارجاع خارجی کمتر از ۳,بدنه,فقط 0 لینک خارجی یکتا,حداقل ۳ لینک معتبر خارجی (DOI/دانشگاه/مرجع علمی) بدهید
518,spot-pseudoscience-one-sentence,https://qpedia.ir/spot-pseudoscience-one-sentence/,publish,C09,low,محتوا,بخش پرسش‌های متداول ندارد,تیترها,,افزودن FAQ ساخت‌یافته به پوشش نیت جستجو کمک می‌کند
518,spot-pseudoscience-one-sentence,https://qpedia.ir/spot-pseudoscience-one-sentence/,publish,C12,low,محتوا,بدون پوشش سوءبرداشت رایج,بدنه,,مطابق استاندارد Qpedia، سوءبرداشت‌های رایج اصلاح شود
518,spot-pseudoscience-one-sentence,https://qpedia.ir/spot-pseudoscience-one-sentence/,publish,L01,med,پیوند,لینک داخلی کمتر از ۳,بدنه,1 لینک داخلی یکتا,حداقل ۳ لینک داخلی مرتبط با انکرتکست طبیعی بدهید
518,spot-pseudoscience-one-sentence,https://qpedia.ir/spot-pseudoscience-one-sentence/,publish,X04,low,فنی,رمزِ شِمای Rank Math ثبت نشده,rank_math_schema_*,,قالب شِمای Article خودکار چاپ می‌کند ولی ثبت شمای Rank Math کامل‌تر است
3391,quantum-culture,https://qpedia.ir/quantum-culture/,publish,C01,high,محتوا,محتوای بسیار نازک,بدنه,381 کلمه,گوگل محتوای «کامل و جامع» می‌خواهد؛ صفحه محتوای کافی ندارد
3391,quantum-culture,https://qpedia.ir/quantum-culture/,publish,C12,low,محتوا,بدون پوشش سوءبرداشت رایج,بدنه,,مطابق استاندارد Qpedia، سوءبرداشت‌های رایج اصلاح شود
3391,quantum-culture,https://qpedia.ir/quantum-culture/,publish,L02,high,پیوند,لینک داخلی شکسته (۴۰۴),لینک #1,«سواد کوانتومی» → https://qpedia.ir/quantum-literacy/ | نزدیک‌ترین مقصد فعال: https://qpedia.ir/.../quantum-winter/,مقصد لینک در سایت وجود ندارد؛ اصلاح یا حذف شود
3391,quantum-culture,https://qpedia.ir/quantum-culture/,publish,L02,high,پیوند,لینک داخلی شکسته (۴۰۴),لینک #2,«اخلاق کوانتومی» → https://qpedia.ir/quantum-ethics/ | نزدیک‌ترین مقصد فعال: https://qpedia.ir/.../quantum-realism/,مقصد لینک در سایت وجود ندارد؛ اصلاح یا حذف شود
3391,quantum-culture,https://qpedia.ir/quantum-culture/,publish,L02,high,پیوند,لینک داخلی شکسته (۴۰۴),لینک #3,«هنر کوانتومی» → https://qpedia.ir/quantum-art/ | نزدیک‌ترین مقصد فعال: https://qpedia.ir/.../quantum-gate/,مقصد لینک در سایت وجود ندارد؛ اصلاح یا حذف شود
3391,quantum-culture,https://qpedia.ir/quantum-culture/,publish,L01,med,پیوند,لینک داخلی کمتر از ۳,بدنه,0 لینک داخلی یکتا,حداقل ۳ لینک داخلی مرتبط با انکرتکست طبیعی بدهید
3391,quantum-culture,https://qpedia.ir/quantum-culture/,publish,X05,med,فنی,صفحه یتیم (بدون لینک ورودی داخلی),گراف لینک داخلی,هیچ لینک ورودی از مقالات منتشرشدهٔ دیگر,از مقالات مرتبط به این صفحه لینک بدهید
3393,quantum-winter,https://qpedia.ir/quantum-winter/,publish,C01,high,محتوا,محتوای بسیار نازک,بدنه,377 کلمه,گوگل محتوای «کامل و جامع» می‌خواهد؛ صفحه محتوای کافی ندارد
3393,quantum-winter,https://qpedia.ir/quantum-winter/,publish,C12,low,محتوا,بدون پوشش سوءبرداشت رایج,بدنه,,مطابق استاندارد Qpedia، سوءبرداشت‌های رایج اصلاح شود
3393,quantum-winter,https://qpedia.ir/quantum-winter/,publish,L02,high,پیوند,لینک داخلی شکسته (۴۰۴),لینک #1,«سرمایه‌گذاری کوانتومی» → https://qpedia.ir/quantum-investment/ | نزدیک‌ترین مقصد فعال: https://qpedia.ir/.../quantum-measurement/,مقصد لینک در سایت وجود ندارد؛ اصلاح یا حذف شود
3393,quantum-winter,https://qpedia.ir/quantum-winter/,publish,L02,high,پیوند,لینک داخلی شکسته (۴۰۴),لینک #2,«استارتاپ کوانتومی» → https://qpedia.ir/quantum-startup/ | نزدیک‌ترین مقصد فعال: https://qpedia.ir/.../quantum-state/,مقصد لینک در سایت وجود ندارد؛ اصلاح یا حذف شود
3393,quantum-winter,https://qpedia.ir/quantum-winter/,publish,L02,high,پیوند,لینک داخلی شکسته (۴۰۴),لینک #3,«سیاست‌گذاری کوانتومی» → https://qpedia.ir/quantum-policy/ | نزدیک‌ترین مقصد فعال: https://qpedia.ir/.../quantum-logic/,مقصد لینک در سایت وجود ندارد؛ اصلاح یا حذف شود
3393,quantum-winter,https://qpedia.ir/quantum-winter/,publish,L01,med,پیوند,لینک داخلی کمتر از ۳,بدنه,0 لینک داخلی یکتا,حداقل ۳ لینک داخلی مرتبط با انکرتکست طبیعی بدهید
3393,quantum-winter,https://qpedia.ir/quantum-winter/,publish,X05,med,فنی,صفحه یتیم (بدون لینک ورودی داخلی),گراف لینک داخلی,هیچ لینک ورودی از مقالات منتشرشدهٔ دیگر,از مقالات مرتبط به این صفحه لینک بدهید
292,quantum-spin,https://qpedia.ir/quantum-spin/,publish,K02,med,کلیدواژه,کلیدواژه کانونی در عنوان نیست,post_title,kw=«اسپین چرخشی چرخش نیست»,کلیدواژه را به‌طور طبیعی در عنوان بیاورید
292,quantum-spin,https://qpedia.ir/quantum-spin/,publish,K03,low,کلیدواژه,کلیدواژه کانونی در متای توضیح نیست,meta description,kw=«اسپین چرخشی چرخش نیست»,کلیدواژه را در توضیح متا بگنجانید
292,quantum-spin,https://qpedia.ir/quantum-spin/,publish,K04,med,کلیدواژه,کلیدواژه در پاراگراف آغازین نیست,پاراگراف آغازین,kw=«اسپین چرخشی چرخش نیست»,در صد کلمهٔ نخست، موضوع (کلیدواژه) روشن شود
292,quantum-spin,https://qpedia.ir/quantum-spin/,publish,C07,med,محتوا,بخش منابع/ارجاع ندارد,تیترها,هیچ تیتری با «منابع» یافت نشد,برای ادعای علمی، بخش «منابع» با حداقل ۳ منبع معتبر لازم است
292,quantum-spin,https://qpedia.ir/quantum-spin/,publish,C08,med,محتوا,ارجاع خارجی کمتر از ۳,بدنه,فقط 0 لینک خارجی یکتا,حداقل ۳ لینک معتبر خارجی (DOI/دانشگاه/مرجع علمی) بدهید
292,quantum-spin,https://qpedia.ir/quantum-spin/,publish,C09,low,محتوا,بخش پرسش‌های متداول ندارد,تیترها,,افزودن FAQ ساخت‌یافته به پوشش نیت جستجو کمک می‌کند
292,quantum-spin,https://qpedia.ir/quantum-spin/,publish,C12,low,محتوا,بدون پوشش سوءبرداشت رایج,بدنه,,مطابق استاندارد Qpedia، سوءبرداشت‌های رایج اصلاح شود
292,quantum-spin,https://qpedia.ir/quantum-spin/,publish,L01,med,پیوند,لینک داخلی کمتر از ۳,بدنه,0 لینک داخلی یکتا,حداقل ۳ لینک داخلی مرتبط با انکرتکست طبیعی بدهید
292,quantum-spin,https://qpedia.ir/quantum-spin/,publish,X04,low,فنی,رمزِ شِمای Rank Math ثبت نشده,rank_math_schema_*,,قالب شِمای Article خودکار چاپ می‌کند ولی ثبت شمای Rank Math کامل‌تر است
293,energy-levels,https://qpedia.ir/energy-levels/,publish,K02,med,کلیدواژه,کلیدواژه کانونی در عنوان نیست,post_title,kw=«ترازهای انرژی کوانتش»,کلیدواژه را به‌طور طبیعی در عنوان بیاورید
293,energy-levels,https://qpedia.ir/energy-levels/,publish,K03,low,کلیدواژه,کلیدواژه کانونی در متای توضیح نیست,meta description,kw=«ترازهای انرژی کوانتش»,کلیدواژه را در توضیح متا بگنجانید
293,energy-levels,https://qpedia.ir/energy-levels/,publish,K04,med,کلیدواژه,کلیدواژه در پاراگراف آغازین نیست,پاراگراف آغازین,kw=«ترازهای انرژی کوانتش»,در صد کلمهٔ نخست، موضوع (کلیدواژه) روشن شود
293,energy-levels,https://qpedia.ir/energy-levels/,publish,C07,med,محتوا,بخش منابع/ارجاع ندارد,تیترها,هیچ تیتری با «منابع» یافت نشد,برای ادعای علمی، بخش «منابع» با حداقل ۳ منبع معتبر لازم است
293,energy-levels,https://qpedia.ir/energy-levels/,publish,C08,med,محتوا,ارجاع خارجی کمتر از ۳,بدنه,فقط 0 لینک خارجی یکتا,حداقل ۳ لینک معتبر خارجی (DOI/دانشگاه/مرجع علمی) بدهید
293,energy-levels,https://qpedia.ir/energy-levels/,publish,C09,low,محتوا,بخش پرسش‌های متداول ندارد,تیترها,,افزودن FAQ ساخت‌یافته به پوشش نیت جستجو کمک می‌کند
293,energy-levels,https://qpedia.ir/energy-levels/,publish,C12,low,محتوا,بدون پوشش سوءبرداشت رایج,بدنه,,مطابق استاندارد Qpedia، سوءبرداشت‌های رایج اصلاح شود
293,energy-levels,https://qpedia.ir/energy-levels/,publish,L01,med,پیوند,لینک داخلی کمتر از ۳,بدنه,0 لینک داخلی یکتا,حداقل ۳ لینک داخلی مرتبط با انکرتکست طبیعی بدهید
293,energy-levels,https://qpedia.ir/energy-levels/,publish,X04,low,فنی,رمزِ شِمای Rank Math ثبت نشده,rank_math_schema_*,,قالب شِمای Article خودکار چاپ می‌کند ولی ثبت شمای Rank Math کامل‌تر است
295,planck-constant,https://qpedia.ir/planck-constant/,publish,K02,med,کلیدواژه,کلیدواژه کانونی در عنوان نیست,post_title,kw=«ثابت پلانک کوچک ترین واحد»,کلیدواژه را به‌طور طبیعی در عنوان بیاورید
295,planck-constant,https://qpedia.ir/planck-constant/,publish,K03,low,کلیدواژه,کلیدواژه کانونی در متای توضیح نیست,meta description,kw=«ثابت پلانک کوچک ترین واحد»,کلیدواژه را در توضیح متا بگنجانید
295,planck-constant,https://qpedia.ir/planck-constant/,publish,K04,med,کلیدواژه,کلیدواژه در پاراگراف آغازین نیست,پاراگراف آغازین,kw=«ثابت پلانک کوچک ترین واحد»,در صد کلمهٔ نخست، موضوع (کلیدواژه) روشن شود
295,planck-constant,https://qpedia.ir/planck-constant/,publish,C07,med,محتوا,بخش منابع/ارجاع ندارد,تیترها,هیچ تیتری با «منابع» یافت نشد,برای ادعای علمی، بخش «منابع» با حداقل ۳ منبع معتبر لازم است
295,planck-constant,https://qpedia.ir/planck-constant/,publish,C08,med,محتوا,ارجاع خارجی کمتر از ۳,بدنه,فقط 0 لینک خارجی یکتا,حداقل ۳ لینک معتبر خارجی (DOI/دانشگاه/مرجع علمی) بدهید
295,planck-constant,https://qpedia.ir/planck-constant/,publish,C09,low,محتوا,بخش پرسش‌های متداول ندارد,تیترها,,افزودن FAQ ساخت‌یافته به پوشش نیت جستجو کمک می‌کند
295,planck-constant,https://qpedia.ir/planck-constant/,publish,C12,low,محتوا,بدون پوشش سوءبرداشت رایج,بدنه,,مطابق استاندارد Qpedia، سوءبرداشت‌های رایج اصلاح شود
295,planck-constant,https://qpedia.ir/planck-constant/,publish,L01,med,پیوند,لینک داخلی کمتر از ۳,بدنه,0 لینک داخلی یکتا,حداقل ۳ لینک داخلی مرتبط با انکرتکست طبیعی بدهید
295,planck-constant,https://qpedia.ir/planck-constant/,publish,X04,low,فنی,رمزِ شِمای Rank Math ثبت نشده,rank_math_schema_*,,قالب شِمای Article خودکار چاپ می‌کند ولی ثبت شمای Rank Math کامل‌تر است
288,wave-particle-duality,https://qpedia.ir/wave-particle-duality/,publish,K02,med,کلیدواژه,کلیدواژه کانونی در عنوان نیست,post_title,kw=«دوگانگی موج ذره»,کلیدواژه را به‌طور طبیعی در عنوان بیاورید
288,wave-particle-duality,https://qpedia.ir/wave-particle-duality/,publish,K03,low,کلیدواژه,کلیدواژه کانونی در متای توضیح نیست,meta description,kw=«دوگانگی موج ذره»,کلیدواژه را در توضیح متا بگنجانید
288,wave-particle-duality,https://qpedia.ir/wave-particle-duality/,publish,K04,med,کلیدواژه,کلیدواژه در پاراگراف آغازین نیست,پاراگراف آغازین,kw=«دوگانگی موج ذره»,در صد کلمهٔ نخست، موضوع (کلیدواژه) روشن شود
288,wave-particle-duality,https://qpedia.ir/wave-particle-duality/,publish,C07,med,محتوا,بخش منابع/ارجاع ندارد,تیترها,هیچ تیتری با «منابع» یافت نشد,برای ادعای علمی، بخش «منابع» با حداقل ۳ منبع معتبر لازم است
288,wave-particle-duality,https://qpedia.ir/wave-particle-duality/,publish,C08,med,محتوا,ارجاع خارجی کمتر از ۳,بدنه,فقط 0 لینک خارجی یکتا,حداقل ۳ لینک معتبر خارجی (DOI/دانشگاه/مرجع علمی) بدهید
288,wave-particle-duality,https://qpedia.ir/wave-particle-duality/,publish,C09,low,محتوا,بخش پرسش‌های متداول ندارد,تیترها,,افزودن FAQ ساخت‌یافته به پوشش نیت جستجو کمک می‌کند
288,wave-particle-duality,https://qpedia.ir/wave-particle-duality/,publish,C12,low,محتوا,بدون پوشش سوءبرداشت رایج,بدنه,,مطابق استاندارد Qpedia، سوءبرداشت‌های رایج اصلاح شود
288,wave-particle-duality,https://qpedia.ir/wave-particle-duality/,publish,L01,med,پیوند,لینک داخلی کمتر از ۳,بدنه,0 لینک داخلی یکتا,حداقل ۳ لینک داخلی مرتبط با انکرتکست طبیعی بدهید
288,wave-particle-duality,https://qpedia.ir/wave-particle-duality/,publish,X04,low,فنی,رمزِ شِمای Rank Math ثبت نشده,rank_math_schema_*,,قالب شِمای Article خودکار چاپ می‌کند ولی ثبت شمای Rank Math کامل‌تر است
2242,alpha-decay,https://qpedia.ir/alpha-decay/,publish,K03,low,کلیدواژه,کلیدواژه کانونی در متای توضیح نیست,meta description,kw=«واپاشی آلفا»,کلیدواژه را در توضیح متا بگنجانید
2242,alpha-decay,https://qpedia.ir/alpha-decay/,publish,K06,med,کلیدواژه,تراکم کلیدواژه بیش از حد,بدنه,تراکم≈3.8٪ (9 تکرار کلیدواژه «واپاشی آلفا»),تراکم را زیر ~۲.۵٪ نگه دارید (جلوگیری از Keyword Stuffing)
2242,alpha-decay,https://qpedia.ir/alpha-decay/,publish,C01,high,محتوا,محتوای بسیار نازک,بدنه,473 کلمه,گوگل محتوای «کامل و جامع» می‌خواهد؛ صفحه محتوای کافی ندارد
2242,alpha-decay,https://qpedia.ir/alpha-decay/,publish,C08,med,محتوا,ارجاع خارجی کمتر از ۳,بدنه,فقط 1 لینک خارجی یکتا,حداقل ۳ لینک معتبر خارجی (DOI/دانشگاه/مرجع علمی) بدهید
2242,alpha-decay,https://qpedia.ir/alpha-decay/,publish,C12,low,محتوا,بدون پوشش سوءبرداشت رایج,بدنه,,مطابق استاندارد Qpedia، سوءبرداشت‌های رایج اصلاح شود
2242,alpha-decay,https://qpedia.ir/alpha-decay/,publish,L02,high,پیوند,لینک داخلی شکسته (۴۰۴),لینک #3,«نیروهای بنیادی» → https://qpedia.ir/fundamental-forces/,مقصد لینک در سایت وجود ندارد؛ اصلاح یا حذف شود
2242,alpha-decay,https://qpedia.ir/alpha-decay/,publish,X04,low,فنی,رمزِ شِمای Rank Math ثبت نشده,rank_math_schema_*,,قالب شِمای Article خودکار چاپ می‌کند ولی ثبت شمای Rank Math کامل‌تر است
2242,alpha-decay,https://qpedia.ir/alpha-decay/,publish,X05,med,فنی,صفحه یتیم (بدون لینک ورودی داخلی),گراف لینک داخلی,هیچ لینک ورودی از مقالات منتشرشدهٔ دیگر,از مقالات مرتبط به این صفحه لینک بدهید
2097,why-quantum-math-works,https://qpedia.ir/why-quantum-math-works/,publish,K02,med,کلیدواژه,کلیدواژه کانونی در عنوان نیست,post_title,kw=«ریاضیات کوانتوم درست ولی فهمش»,کلیدواژه را به‌طور طبیعی در عنوان بیاورید
2097,why-quantum-math-works,https://qpedia.ir/why-quantum-math-works/,publish,K03,low,کلیدواژه,کلیدواژه کانونی در متای توضیح نیست,meta description,kw=«ریاضیات کوانتوم درست ولی فهمش»,کلیدواژه را در توضیح متا بگنجانید
2097,why-quantum-math-works,https://qpedia.ir/why-quantum-math-works/,publish,K04,med,کلیدواژه,کلیدواژه در پاراگراف آغازین نیست,پاراگراف آغازین,kw=«ریاضیات کوانتوم درست ولی فهمش»,در صد کلمهٔ نخست، موضوع (کلیدواژه) روشن شود
2097,why-quantum-math-works,https://qpedia.ir/why-quantum-math-works/,publish,C11,low,محتوا,بدون بخش جمع‌بندی,تیترها,,پایان‌بندی انسانی و روشن داشته باشید
2097,why-quantum-math-works,https://qpedia.ir/why-quantum-math-works/,publish,C12,low,محتوا,بدون پوشش سوءبرداشت رایج,بدنه,,مطابق استاندارد Qpedia، سوءبرداشت‌های رایج اصلاح شود
2097,why-quantum-math-works,https://qpedia.ir/why-quantum-math-works/,publish,I01,high,تصویر,تصویر شاخص ندارد,_thumbnail_id,,تصویر شاخص اختصاصی و مرتبط تعریف کنید
2097,why-quantum-math-works,https://qpedia.ir/why-quantum-math-works/,publish,X04,low,فنی,رمزِ شِمای Rank Math ثبت نشده,rank_math_schema_*,,قالب شِمای Article خودکار چاپ می‌کند ولی ثبت شمای Rank Math کامل‌تر است
560,is-classical-physics-wrong,https://qpedia.ir/is-classical-physics-wrong/,publish,K02,med,کلیدواژه,کلیدواژه کانونی در عنوان نیست,post_title,kw=«فیزیک کلاسیک اشتباه نه، محدود»,کلیدواژه را به‌طور طبیعی در عنوان بیاورید
560,is-classical-physics-wrong,https://qpedia.ir/is-classical-physics-wrong/,publish,K03,low,کلیدواژه,کلیدواژه کانونی در متای توضیح نیست,meta description,kw=«فیزیک کلاسیک اشتباه نه، محدود»,کلیدواژه را در توضیح متا بگنجانید
560,is-classical-physics-wrong,https://qpedia.ir/is-classical-physics-wrong/,publish,K04,med,کلیدواژه,کلیدواژه در پاراگراف آغازین نیست,پاراگراف آغازین,kw=«فیزیک کلاسیک اشتباه نه، محدود»,در صد کلمهٔ نخست، موضوع (کلیدواژه) روشن شود
560,is-classical-physics-wrong,https://qpedia.ir/is-classical-physics-wrong/,publish,C08,med,محتوا,ارجاع خارجی کمتر از ۳,بدنه,فقط 0 لینک خارجی یکتا,حداقل ۳ لینک معتبر خارجی (DOI/دانشگاه/مرجع علمی) بدهید
560,is-classical-physics-wrong,https://qpedia.ir/is-classical-physics-wrong/,publish,C11,low,محتوا,بدون بخش جمع‌بندی,تیترها,,پایان‌بندی انسانی و روشن داشته باشید
560,is-classical-physics-wrong,https://qpedia.ir/is-classical-physics-wrong/,publish,C12,low,محتوا,بدون پوشش سوءبرداشت رایج,بدنه,,مطابق استاندارد Qpedia، سوءبرداشت‌های رایج اصلاح شود
560,is-classical-physics-wrong,https://qpedia.ir/is-classical-physics-wrong/,publish,X04,low,فنی,رمزِ شِمای Rank Math ثبت نشده,rank_math_schema_*,,قالب شِمای Article خودکار چاپ می‌کند ولی ثبت شمای Rank Math کامل‌تر است
560,is-classical-physics-wrong,https://qpedia.ir/is-classical-physics-wrong/,publish,X05,med,فنی,صفحه یتیم (بدون لینک ورودی داخلی),گراف لینک داخلی,هیچ لینک ورودی از مقالات منتشرشدهٔ دیگر,از مقالات مرتبط به این صفحه لینک بدهید
3340,quantum-fingerprinting,https://qpedia.ir/quantum-fingerprinting/,publish,K04,med,کلیدواژه,کلیدواژه در پاراگراف آغازین نیست,پاراگراف آغازین,kw=«انگشت‌نگاری کوانتومی»,در صد کلمهٔ نخست، موضوع (کلیدواژه) روشن شود
3340,quantum-fingerprinting,https://qpedia.ir/quantum-fingerprinting/,publish,C01,high,محتوا,محتوای بسیار نازک,بدنه,361 کلمه,گوگل محتوای «کامل و جامع» می‌خواهد؛ صفحه محتوای کافی ندارد
3340,quantum-fingerprinting,https://qpedia.ir/quantum-fingerprinting/,publish,C12,low,محتوا,بدون پوشش سوءبرداشت رایج,بدنه,,مطابق استاندارد Qpedia، سوءبرداشت‌های رایج اصلاح شود
3340,quantum-fingerprinting,https://qpedia.ir/quantum-fingerprinting/,publish,L02,high,پیوند,لینک داخلی شکسته (۴۰۴),لینک #1,«آزمون SWAP» → https://qpedia.ir/swap-test/,مقصد لینک در سایت وجود ندارد؛ اصلاح یا حذف شود
3340,quantum-fingerprinting,https://qpedia.ir/quantum-fingerprinting/,publish,L02,high,پیوند,لینک داخلی شکسته (۴۰۴),لینک #2,«ارتباط کوانتومی» → https://qpedia.ir/quantum-communication/ | نزدیک‌ترین مقصد فعال: https://qpedia.ir/.../quantum-fiction/,مقصد لینک در سایت وجود ندارد؛ اصلاح یا حذف شود
3340,quantum-fingerprinting,https://qpedia.ir/quantum-fingerprinting/,publish,L01,med,پیوند,لینک داخلی کمتر از ۳,بدنه,1 لینک داخلی یکتا,حداقل ۳ لینک داخلی مرتبط با انکرتکست طبیعی بدهید
3340,quantum-fingerprinting,https://qpedia.ir/quantum-fingerprinting/,publish,X05,med,فنی,صفحه یتیم (بدون لینک ورودی داخلی),گراف لینک داخلی,هیچ لینک ورودی از مقالات منتشرشدهٔ دیگر,از مقالات مرتبط به این صفحه لینک بدهید
3389,quantum-fiction,https://qpedia.ir/quantum-fiction/,publish,K04,med,کلیدواژه,کلیدواژه در پاراگراف آغازین نیست,پاراگراف آغازین,kw=«داستان علمی‌تخیلی کوانتومی»,در صد کلمهٔ نخست، موضوع (کلیدواژه) روشن شود
3389,quantum-fiction,https://qpedia.ir/quantum-fiction/,publish,C01,high,محتوا,محتوای بسیار نازک,بدنه,390 کلمه,گوگل محتوای «کامل و جامع» می‌خواهد؛ صفحه محتوای کافی ندارد
3389,quantum-fiction,https://qpedia.ir/quantum-fiction/,publish,C12,low,محتوا,بدون پوشش سوءبرداشت رایج,بدنه,,مطابق استاندارد Qpedia، سوءبرداشت‌های رایج اصلاح شود
3389,quantum-fiction,https://qpedia.ir/quantum-fiction/,publish,L02,high,پیوند,لینک داخلی شکسته (۴۰۴),لینک #1,«مسئله اندازه‌گیری» → https://qpedia.ir/quantum-measurement-problem/ | نزدیک‌ترین مقصد فعال: https://qpedia.ir/.../quantum-measurement/,مقصد لینک در سایت وجود ندارد؛ اصلاح یا حذف شود
3389,quantum-fiction,https://qpedia.ir/quantum-fiction/,publish,L02,high,پیوند,لینک داخلی شکسته (۴۰۴),لینک #3,«واهمدوسی» → https://qpedia.ir/quantum-decoherence/,مقصد لینک در سایت وجود ندارد؛ اصلاح یا حذف شود
3389,quantum-fiction,https://qpedia.ir/quantum-fiction/,publish,L01,med,پیوند,لینک داخلی کمتر از ۳,بدنه,1 لینک داخلی یکتا,حداقل ۳ لینک داخلی مرتبط با انکرتکست طبیعی بدهید
3389,quantum-fiction,https://qpedia.ir/quantum-fiction/,publish,X05,med,فنی,صفحه یتیم (بدون لینک ورودی داخلی),گراف لینک داخلی,هیچ لینک ورودی از مقالات منتشرشدهٔ دیگر,از مقالات مرتبط به این صفحه لینک بدهید
318,bird-quantum-compass,https://qpedia.ir/bird-quantum-compass/,publish,K03,low,کلیدواژه,کلیدواژه کانونی در متای توضیح نیست,meta description,kw=«قطب نمای پرندگان»,کلیدواژه را در توضیح متا بگنجانید
318,bird-quantum-compass,https://qpedia.ir/bird-quantum-compass/,publish,K04,med,کلیدواژه,کلیدواژه در پاراگراف آغازین نیست,پاراگراف آغازین,kw=«قطب نمای پرندگان»,در صد کلمهٔ نخست، موضوع (کلیدواژه) روشن شود
318,bird-quantum-compass,https://qpedia.ir/bird-quantum-compass/,publish,C07,med,محتوا,بخش منابع/ارجاع ندارد,تیترها,هیچ تیتری با «منابع» یافت نشد,برای ادعای علمی، بخش «منابع» با حداقل ۳ منبع معتبر لازم است
318,bird-quantum-compass,https://qpedia.ir/bird-quantum-compass/,publish,C08,med,محتوا,ارجاع خارجی کمتر از ۳,بدنه,فقط 0 لینک خارجی یکتا,حداقل ۳ لینک معتبر خارجی (DOI/دانشگاه/مرجع علمی) بدهید
318,bird-quantum-compass,https://qpedia.ir/bird-quantum-compass/,publish,C09,low,محتوا,بخش پرسش‌های متداول ندارد,تیترها,,افزودن FAQ ساخت‌یافته به پوشش نیت جستجو کمک می‌کند
318,bird-quantum-compass,https://qpedia.ir/bird-quantum-compass/,publish,C12,low,محتوا,بدون پوشش سوءبرداشت رایج,بدنه,,مطابق استاندارد Qpedia، سوءبرداشت‌های رایج اصلاح شود
318,bird-quantum-compass,https://qpedia.ir/bird-quantum-compass/,publish,L01,med,پیوند,لینک داخلی کمتر از ۳,بدنه,0 لینک داخلی یکتا,حداقل ۳ لینک داخلی مرتبط با انکرتکست طبیعی بدهید
318,bird-quantum-compass,https://qpedia.ir/bird-quantum-compass/,publish,X04,low,فنی,رمزِ شِمای Rank Math ثبت نشده,rank_math_schema_*,,قالب شِمای Article خودکار چاپ می‌کند ولی ثبت شمای Rank Math کامل‌تر است
305,superconductivity,https://qpedia.ir/superconductivity/,publish,T03,low,عنوان و متا,عنوان خیلی کوتاه/مبهم,post_title,ابررسانایی,عنوان باید موضوع را کامل برساند
305,superconductivity,https://qpedia.ir/superconductivity/,publish,K04,med,کلیدواژه,کلیدواژه در پاراگراف آغازین نیست,پاراگراف آغازین,kw=«ابررسانایی»,در صد کلمهٔ نخست، موضوع (کلیدواژه) روشن شود
305,superconductivity,https://qpedia.ir/superconductivity/,publish,C07,med,محتوا,بخش منابع/ارجاع ندارد,تیترها,هیچ تیتری با «منابع» یافت نشد,برای ادعای علمی، بخش «منابع» با حداقل ۳ منبع معتبر لازم است
305,superconductivity,https://qpedia.ir/superconductivity/,publish,C08,med,محتوا,ارجاع خارجی کمتر از ۳,بدنه,فقط 0 لینک خارجی یکتا,حداقل ۳ لینک معتبر خارجی (DOI/دانشگاه/مرجع علمی) بدهید
305,superconductivity,https://qpedia.ir/superconductivity/,publish,C09,low,محتوا,بخش پرسش‌های متداول ندارد,تیترها,,افزودن FAQ ساخت‌یافته به پوشش نیت جستجو کمک می‌کند
305,superconductivity,https://qpedia.ir/superconductivity/,publish,C12,low,محتوا,بدون پوشش سوءبرداشت رایج,بدنه,,مطابق استاندارد Qpedia، سوءبرداشت‌های رایج اصلاح شود
305,superconductivity,https://qpedia.ir/superconductivity/,publish,L01,med,پیوند,لینک داخلی کمتر از ۳,بدنه,0 لینک داخلی یکتا,حداقل ۳ لینک داخلی مرتبط با انکرتکست طبیعی بدهید
305,superconductivity,https://qpedia.ir/superconductivity/,publish,X04,low,فنی,رمزِ شِمای Rank Math ثبت نشده,rank_math_schema_*,,قالب شِمای Article خودکار چاپ می‌کند ولی ثبت شمای Rank Math کامل‌تر است
2247,flash-memory,https://qpedia.ir/flash-memory/,publish,K03,low,کلیدواژه,کلیدواژه کانونی در متای توضیح نیست,meta description,kw=«حافظهٔ فلش چطور کار می»,کلیدواژه را در توضیح متا بگنجانید
2247,flash-memory,https://qpedia.ir/flash-memory/,publish,K04,med,کلیدواژه,کلیدواژه در پاراگراف آغازین نیست,پاراگراف آغازین,kw=«حافظهٔ فلش چطور کار می»,در صد کلمهٔ نخست، موضوع (کلیدواژه) روشن شود
2247,flash-memory,https://qpedia.ir/flash-memory/,publish,C01,high,محتوا,محتوای بسیار نازک,بدنه,519 کلمه,گوگل محتوای «کامل و جامع» می‌خواهد؛ صفحه محتوای کافی ندارد
2247,flash-memory,https://qpedia.ir/flash-memory/,publish,C08,med,محتوا,ارجاع خارجی کمتر از ۳,بدنه,فقط 1 لینک خارجی یکتا,حداقل ۳ لینک معتبر خارجی (DOI/دانشگاه/مرجع علمی) بدهید
2247,flash-memory,https://qpedia.ir/flash-memory/,publish,C12,low,محتوا,بدون پوشش سوءبرداشت رایج,بدنه,,مطابق استاندارد Qpedia، سوءبرداشت‌های رایج اصلاح شود
2247,flash-memory,https://qpedia.ir/flash-memory/,publish,L02,high,پیوند,لینک داخلی شکسته (۴۰۴),لینک #6,«ال‌ایدی» → https://qpedia.ir/led/,مقصد لینک در سایت وجود ندارد؛ اصلاح یا حذف شود
2247,flash-memory,https://qpedia.ir/flash-memory/,publish,X04,low,فنی,رمزِ شِمای Rank Math ثبت نشده,rank_math_schema_*,,قالب شِمای Article خودکار چاپ می‌کند ولی ثبت شمای Rank Math کامل‌تر است
2260,genetic-mutation,https://qpedia.ir/genetic-mutation/,publish,K03,low,کلیدواژه,کلیدواژه کانونی در متای توضیح نیست,meta description,kw=«جهش ژنتیکی کوانتومی»,کلیدواژه را در توضیح متا بگنجانید
2260,genetic-mutation,https://qpedia.ir/genetic-mutation/,publish,K04,med,کلیدواژه,کلیدواژه در پاراگراف آغازین نیست,پاراگراف آغازین,kw=«جهش ژنتیکی کوانتومی»,در صد کلمهٔ نخست، موضوع (کلیدواژه) روشن شود
2260,genetic-mutation,https://qpedia.ir/genetic-mutation/,publish,C01,high,محتوا,محتوای بسیار نازک,بدنه,473 کلمه,گوگل محتوای «کامل و جامع» می‌خواهد؛ صفحه محتوای کافی ندارد
2260,genetic-mutation,https://qpedia.ir/genetic-mutation/,publish,C08,med,محتوا,ارجاع خارجی کمتر از ۳,بدنه,فقط 1 لینک خارجی یکتا,حداقل ۳ لینک معتبر خارجی (DOI/دانشگاه/مرجع علمی) بدهید
2260,genetic-mutation,https://qpedia.ir/genetic-mutation/,publish,C12,low,محتوا,بدون پوشش سوءبرداشت رایج,بدنه,,مطابق استاندارد Qpedia، سوءبرداشت‌های رایج اصلاح شود
2260,genetic-mutation,https://qpedia.ir/genetic-mutation/,publish,L02,high,پیوند,لینک داخلی شکسته (۴۰۴),لینک #3,«فتوسنتز» → https://qpedia.ir/quantum-photosynthesis/,مقصد لینک در سایت وجود ندارد؛ اصلاح یا حذف شود
2260,genetic-mutation,https://qpedia.ir/genetic-mutation/,publish,X04,low,فنی,رمزِ شِمای Rank Math ثبت نشده,rank_math_schema_*,,قالب شِمای Article خودکار چاپ می‌کند ولی ثبت شمای Rank Math کامل‌تر است
553,bell-experiments,https://qpedia.ir/bell-experiments/,publish,M02,med,عنوان و متا,توضیحات متا خیلی کوتاه,meta description,97 نویسه: «آزمایش‌های بل چه ثابت کردند؟ از فریدمن و کلاوزر تا آزمون‌های بدون‌روزنهٔ ۲۰۱۵ و جایزهٔ نوبل ۲۰۲۲.»,طول متای مناسب حدود ۱۲۰ تا ۱۶۰ نویسه است
553,bell-experiments,https://qpedia.ir/bell-experiments/,publish,K02,med,کلیدواژه,کلیدواژه کانونی در عنوان نیست,post_title,kw=«آزمایش های بل درهم تنیدگی»,کلیدواژه را به‌طور طبیعی در عنوان بیاورید
553,bell-experiments,https://qpedia.ir/bell-experiments/,publish,K03,low,کلیدواژه,کلیدواژه کانونی در متای توضیح نیست,meta description,kw=«آزمایش های بل درهم تنیدگی»,کلیدواژه را در توضیح متا بگنجانید
553,bell-experiments,https://qpedia.ir/bell-experiments/,publish,K04,med,کلیدواژه,کلیدواژه در پاراگراف آغازین نیست,پاراگراف آغازین,kw=«آزمایش های بل درهم تنیدگی»,در صد کلمهٔ نخست، موضوع (کلیدواژه) روشن شود
553,bell-experiments,https://qpedia.ir/bell-experiments/,publish,C08,med,محتوا,ارجاع خارجی کمتر از ۳,بدنه,فقط 0 لینک خارجی یکتا,حداقل ۳ لینک معتبر خارجی (DOI/دانشگاه/مرجع علمی) بدهید
553,bell-experiments,https://qpedia.ir/bell-experiments/,publish,C11,low,محتوا,بدون بخش جمع‌بندی,تیترها,,پایان‌بندی انسانی و روشن داشته باشید
553,bell-experiments,https://qpedia.ir/bell-experiments/,publish,C12,low,محتوا,بدون پوشش سوءبرداشت رایج,بدنه,,مطابق استاندارد Qpedia، سوءبرداشت‌های رایج اصلاح شود
553,bell-experiments,https://qpedia.ir/bell-experiments/,publish,X04,low,فنی,رمزِ شِمای Rank Math ثبت نشده,rank_math_schema_*,,قالب شِمای Article خودکار چاپ می‌کند ولی ثبت شمای Rank Math کامل‌تر است
309,bell-inequality,https://qpedia.ir/bell-inequality/,publish,T03,low,عنوان و متا,عنوان خیلی کوتاه/مبهم,post_title,نامساوی بل,عنوان باید موضوع را کامل برساند
309,bell-inequality,https://qpedia.ir/bell-inequality/,publish,K04,med,کلیدواژه,کلیدواژه در پاراگراف آغازین نیست,پاراگراف آغازین,kw=«نامساوی بل»,در صد کلمهٔ نخست، موضوع (کلیدواژه) روشن شود
309,bell-inequality,https://qpedia.ir/bell-inequality/,publish,C07,med,محتوا,بخش منابع/ارجاع ندارد,تیترها,هیچ تیتری با «منابع» یافت نشد,برای ادعای علمی، بخش «منابع» با حداقل ۳ منبع معتبر لازم است
309,bell-inequality,https://qpedia.ir/bell-inequality/,publish,C08,med,محتوا,ارجاع خارجی کمتر از ۳,بدنه,فقط 0 لینک خارجی یکتا,حداقل ۳ لینک معتبر خارجی (DOI/دانشگاه/مرجع علمی) بدهید
309,bell-inequality,https://qpedia.ir/bell-inequality/,publish,C09,low,محتوا,بخش پرسش‌های متداول ندارد,تیترها,,افزودن FAQ ساخت‌یافته به پوشش نیت جستجو کمک می‌کند
309,bell-inequality,https://qpedia.ir/bell-inequality/,publish,C12,low,محتوا,بدون پوشش سوءبرداشت رایج,بدنه,,مطابق استاندارد Qpedia، سوءبرداشت‌های رایج اصلاح شود
309,bell-inequality,https://qpedia.ir/bell-inequality/,publish,L01,med,پیوند,لینک داخلی کمتر از ۳,بدنه,0 لینک داخلی یکتا,حداقل ۳ لینک داخلی مرتبط با انکرتکست طبیعی بدهید
309,bell-inequality,https://qpedia.ir/bell-inequality/,publish,X04,low,فنی,رمزِ شِمای Rank Math ثبت نشده,rank_math_schema_*,,قالب شِمای Article خودکار چاپ می‌کند ولی ثبت شمای Rank Math کامل‌تر است
3412,quantum-cell-signaling,https://qpedia.ir/quantum-cell-signaling/,publish,T02,med,عنوان و متا,عنوان خیلی بلند,post_title,76 نویسه: «پیام‌رسانی سلولی و کوانتوم؛ کجا شیمی کوانتومی تمام می‌شود و ادعای بزرگ آغاز؟…»,عنوان را به حدود ۶۰ نویسه کاهش دهید؛ گوگل تیترهای بلند را می‌بُرد یا بازنویسی می‌کند
3412,quantum-cell-signaling,https://qpedia.ir/quantum-cell-signaling/,publish,K02,med,کلیدواژه,کلیدواژه کانونی در عنوان نیست,post_title,kw=«پیام‌رسانی سلولی کوانتومی»,کلیدواژه را به‌طور طبیعی در عنوان بیاورید
3412,quantum-cell-signaling,https://qpedia.ir/quantum-cell-signaling/,publish,K03,low,کلیدواژه,کلیدواژه کانونی در متای توضیح نیست,meta description,kw=«پیام‌رسانی سلولی کوانتومی»,کلیدواژه را در توضیح متا بگنجانید
3412,quantum-cell-signaling,https://qpedia.ir/quantum-cell-signaling/,publish,K04,med,کلیدواژه,کلیدواژه در پاراگراف آغازین نیست,پاراگراف آغازین,kw=«پیام‌رسانی سلولی کوانتومی»,در صد کلمهٔ نخست، موضوع (کلیدواژه) روشن شود
3412,quantum-cell-signaling,https://qpedia.ir/quantum-cell-signaling/,publish,K06,med,کلیدواژه,تراکم کلیدواژه بیش از حد,بدنه,تراکم≈3.1٪ (3 تکرار کلیدواژه «پیام‌رسانی سلولی کوانتومی»),تراکم را زیر ~۲.۵٪ نگه دارید (جلوگیری از Keyword Stuffing)
3412,quantum-cell-signaling,https://qpedia.ir/quantum-cell-signaling/,publish,C01,high,محتوا,محتوای بسیار نازک,بدنه,388 کلمه,گوگل محتوای «کامل و جامع» می‌خواهد؛ صفحه محتوای کافی ندارد
3412,quantum-cell-signaling,https://qpedia.ir/quantum-cell-signaling/,publish,C12,low,محتوا,بدون پوشش سوءبرداشت رایج,بدنه,,مطابق استاندارد Qpedia، سوءبرداشت‌های رایج اصلاح شود
3412,quantum-cell-signaling,https://qpedia.ir/quantum-cell-signaling/,publish,X05,med,فنی,صفحه یتیم (بدون لینک ورودی داخلی),گراف لینک داخلی,هیچ لینک ورودی از مقالات منتشرشدهٔ دیگر,از مقالات مرتبط به این صفحه لینک بدهید
572,quantum-physics-vs-quantum-mechanics,https://qpedia.ir/quantum-physics-vs-quantum-mechanics/,publish,K02,med,کلیدواژه,کلیدواژه کانونی در عنوان نیست,post_title,kw=«تفاوت فیزیک کوانتوم مکانیک کوانتومی»,کلیدواژه را به‌طور طبیعی در عنوان بیاورید
572,quantum-physics-vs-quantum-mechanics,https://qpedia.ir/quantum-physics-vs-quantum-mechanics/,publish,K03,low,کلیدواژه,کلیدواژه کانونی در متای توضیح نیست,meta description,kw=«تفاوت فیزیک کوانتوم مکانیک کوانتومی»,کلیدواژه را در توضیح متا بگنجانید
572,quantum-physics-vs-quantum-mechanics,https://qpedia.ir/quantum-physics-vs-quantum-mechanics/,publish,K04,med,کلیدواژه,کلیدواژه در پاراگراف آغازین نیست,پاراگراف آغازین,kw=«تفاوت فیزیک کوانتوم مکانیک کوانتومی»,در صد کلمهٔ نخست، موضوع (کلیدواژه) روشن شود
572,quantum-physics-vs-quantum-mechanics,https://qpedia.ir/quantum-physics-vs-quantum-mechanics/,publish,C08,med,محتوا,ارجاع خارجی کمتر از ۳,بدنه,فقط 0 لینک خارجی یکتا,حداقل ۳ لینک معتبر خارجی (DOI/دانشگاه/مرجع علمی) بدهید
572,quantum-physics-vs-quantum-mechanics,https://qpedia.ir/quantum-physics-vs-quantum-mechanics/,publish,C11,low,محتوا,بدون بخش جمع‌بندی,تیترها,,پایان‌بندی انسانی و روشن داشته باشید
572,quantum-physics-vs-quantum-mechanics,https://qpedia.ir/quantum-physics-vs-quantum-mechanics/,publish,C12,low,محتوا,بدون پوشش سوءبرداشت رایج,بدنه,,مطابق استاندارد Qpedia، سوءبرداشت‌های رایج اصلاح شود
572,quantum-physics-vs-quantum-mechanics,https://qpedia.ir/quantum-physics-vs-quantum-mechanics/,publish,X04,low,فنی,رمزِ شِمای Rank Math ثبت نشده,rank_math_schema_*,,قالب شِمای Article خودکار چاپ می‌کند ولی ثبت شمای Rank Math کامل‌تر است
573,coin-vs-dice-quantum-uncertainty,https://qpedia.ir/coin-vs-dice-quantum-uncertainty/,publish,K02,med,کلیدواژه,کلیدواژه کانونی در عنوان نیست,post_title,kw=«تمثیل تاس مقابل تمثیل سکه»,کلیدواژه را به‌طور طبیعی در عنوان بیاورید
573,coin-vs-dice-quantum-uncertainty,https://qpedia.ir/coin-vs-dice-quantum-uncertainty/,publish,K03,low,کلیدواژه,کلیدواژه کانونی در متای توضیح نیست,meta description,kw=«تمثیل تاس مقابل تمثیل سکه»,کلیدواژه را در توضیح متا بگنجانید
573,coin-vs-dice-quantum-uncertainty,https://qpedia.ir/coin-vs-dice-quantum-uncertainty/,publish,K04,med,کلیدواژه,کلیدواژه در پاراگراف آغازین نیست,پاراگراف آغازین,kw=«تمثیل تاس مقابل تمثیل سکه»,در صد کلمهٔ نخست، موضوع (کلیدواژه) روشن شود
573,coin-vs-dice-quantum-uncertainty,https://qpedia.ir/coin-vs-dice-quantum-uncertainty/,publish,C08,med,محتوا,ارجاع خارجی کمتر از ۳,بدنه,فقط 0 لینک خارجی یکتا,حداقل ۳ لینک معتبر خارجی (DOI/دانشگاه/مرجع علمی) بدهید
573,coin-vs-dice-quantum-uncertainty,https://qpedia.ir/coin-vs-dice-quantum-uncertainty/,publish,C11,low,محتوا,بدون بخش جمع‌بندی,تیترها,,پایان‌بندی انسانی و روشن داشته باشید
573,coin-vs-dice-quantum-uncertainty,https://qpedia.ir/coin-vs-dice-quantum-uncertainty/,publish,C12,low,محتوا,بدون پوشش سوءبرداشت رایج,بدنه,,مطابق استاندارد Qpedia، سوءبرداشت‌های رایج اصلاح شود
573,coin-vs-dice-quantum-uncertainty,https://qpedia.ir/coin-vs-dice-quantum-uncertainty/,publish,X04,low,فنی,رمزِ شِمای Rank Math ثبت نشده,rank_math_schema_*,,قالب شِمای Article خودکار چاپ می‌کند ولی ثبت شمای Rank Math کامل‌تر است
571,determinism-vs-probability,https://qpedia.ir/determinism-vs-probability/,publish,K02,med,کلیدواژه,کلیدواژه کانونی در عنوان نیست,post_title,kw=«تفاوت جبرگرایی کلاسیک احتمال کوانتومی»,کلیدواژه را به‌طور طبیعی در عنوان بیاورید
571,determinism-vs-probability,https://qpedia.ir/determinism-vs-probability/,publish,K03,low,کلیدواژه,کلیدواژه کانونی در متای توضیح نیست,meta description,kw=«تفاوت جبرگرایی کلاسیک احتمال کوانتومی»,کلیدواژه را در توضیح متا بگنجانید
571,determinism-vs-probability,https://qpedia.ir/determinism-vs-probability/,publish,K04,med,کلیدواژه,کلیدواژه در پاراگراف آغازین نیست,پاراگراف آغازین,kw=«تفاوت جبرگرایی کلاسیک احتمال کوانتومی»,در صد کلمهٔ نخست، موضوع (کلیدواژه) روشن شود
571,determinism-vs-probability,https://qpedia.ir/determinism-vs-probability/,publish,C08,med,محتوا,ارجاع خارجی کمتر از ۳,بدنه,فقط 0 لینک خارجی یکتا,حداقل ۳ لینک معتبر خارجی (DOI/دانشگاه/مرجع علمی) بدهید
571,determinism-vs-probability,https://qpedia.ir/determinism-vs-probability/,publish,C11,low,محتوا,بدون بخش جمع‌بندی,تیترها,,پایان‌بندی انسانی و روشن داشته باشید
571,determinism-vs-probability,https://qpedia.ir/determinism-vs-probability/,publish,C12,low,محتوا,بدون پوشش سوءبرداشت رایج,بدنه,,مطابق استاندارد Qpedia، سوءبرداشت‌های رایج اصلاح شود
571,determinism-vs-probability,https://qpedia.ir/determinism-vs-probability/,publish,X04,low,فنی,رمزِ شِمای Rank Math ثبت نشده,rank_math_schema_*,,قالب شِمای Article خودکار چاپ می‌کند ولی ثبت شمای Rank Math کامل‌تر است
3379,wormhole,https://qpedia.ir/wormhole/,publish,K06,med,کلیدواژه,تراکم کلیدواژه بیش از حد,بدنه,تراکم≈5.1٪ (10 تکرار کلیدواژه «کرم‌چاله»),تراکم را زیر ~۲.۵٪ نگه دارید (جلوگیری از Keyword Stuffing)
3379,wormhole,https://qpedia.ir/wormhole/,publish,C01,high,محتوا,محتوای بسیار نازک,بدنه,396 کلمه,گوگل محتوای «کامل و جامع» می‌خواهد؛ صفحه محتوای کافی ندارد
3379,wormhole,https://qpedia.ir/wormhole/,publish,C12,low,محتوا,بدون پوشش سوءبرداشت رایج,بدنه,,مطابق استاندارد Qpedia، سوءبرداشت‌های رایج اصلاح شود
3379,wormhole,https://qpedia.ir/wormhole/,publish,L02,high,پیوند,لینک داخلی شکسته (۴۰۴),لینک #1,«سیاه‌چاله» → https://qpedia.ir/black-hole/,مقصد لینک در سایت وجود ندارد؛ اصلاح یا حذف شود
3379,wormhole,https://qpedia.ir/wormhole/,publish,L02,high,پیوند,لینک داخلی شکسته (۴۰۴),لینک #2,«درهم‌تنیدگی» → https://qpedia.ir/quantum-entanglement/ | نزدیک‌ترین مقصد فعال: https://qpedia.ir/.../quantum-entanglement-explained/,مقصد لینک در سایت وجود ندارد؛ اصلاح یا حذف شود
3379,wormhole,https://qpedia.ir/wormhole/,publish,L01,med,پیوند,لینک داخلی کمتر از ۳,بدنه,1 لینک داخلی یکتا,حداقل ۳ لینک داخلی مرتبط با انکرتکست طبیعی بدهید
3379,wormhole,https://qpedia.ir/wormhole/,publish,X05,med,فنی,صفحه یتیم (بدون لینک ورودی داخلی),گراف لینک داخلی,هیچ لینک ورودی از مقالات منتشرشدهٔ دیگر,از مقالات مرتبط به این صفحه لینک بدهید
301,schrodinger-cat,https://qpedia.ir/schrodinger-cat/,publish,K04,med,کلیدواژه,کلیدواژه در پاراگراف آغازین نیست,پاراگراف آغازین,kw=«گربهٔ شرودینگر»,در صد کلمهٔ نخست، موضوع (کلیدواژه) روشن شود
301,schrodinger-cat,https://qpedia.ir/schrodinger-cat/,publish,C07,med,محتوا,بخش منابع/ارجاع ندارد,تیترها,هیچ تیتری با «منابع» یافت نشد,برای ادعای علمی، بخش «منابع» با حداقل ۳ منبع معتبر لازم است
301,schrodinger-cat,https://qpedia.ir/schrodinger-cat/,publish,C08,med,محتوا,ارجاع خارجی کمتر از ۳,بدنه,فقط 0 لینک خارجی یکتا,حداقل ۳ لینک معتبر خارجی (DOI/دانشگاه/مرجع علمی) بدهید
301,schrodinger-cat,https://qpedia.ir/schrodinger-cat/,publish,C09,low,محتوا,بخش پرسش‌های متداول ندارد,تیترها,,افزودن FAQ ساخت‌یافته به پوشش نیت جستجو کمک می‌کند
301,schrodinger-cat,https://qpedia.ir/schrodinger-cat/,publish,C12,low,محتوا,بدون پوشش سوءبرداشت رایج,بدنه,,مطابق استاندارد Qpedia، سوءبرداشت‌های رایج اصلاح شود
301,schrodinger-cat,https://qpedia.ir/schrodinger-cat/,publish,L01,med,پیوند,لینک داخلی کمتر از ۳,بدنه,0 لینک داخلی یکتا,حداقل ۳ لینک داخلی مرتبط با انکرتکست طبیعی بدهید
301,schrodinger-cat,https://qpedia.ir/schrodinger-cat/,publish,X04,low,فنی,رمزِ شِمای Rank Math ثبت نشده,rank_math_schema_*,,قالب شِمای Article خودکار چاپ می‌کند ولی ثبت شمای Rank Math کامل‌تر است
308,bohr-atomic-model,https://qpedia.ir/bohr-atomic-model/,publish,K04,med,کلیدواژه,کلیدواژه در پاراگراف آغازین نیست,پاراگراف آغازین,kw=«مدل اتمی بور»,در صد کلمهٔ نخست، موضوع (کلیدواژه) روشن شود
308,bohr-atomic-model,https://qpedia.ir/bohr-atomic-model/,publish,C07,med,محتوا,بخش منابع/ارجاع ندارد,تیترها,هیچ تیتری با «منابع» یافت نشد,برای ادعای علمی، بخش «منابع» با حداقل ۳ منبع معتبر لازم است
308,bohr-atomic-model,https://qpedia.ir/bohr-atomic-model/,publish,C08,med,محتوا,ارجاع خارجی کمتر از ۳,بدنه,فقط 0 لینک خارجی یکتا,حداقل ۳ لینک معتبر خارجی (DOI/دانشگاه/مرجع علمی) بدهید
308,bohr-atomic-model,https://qpedia.ir/bohr-atomic-model/,publish,C09,low,محتوا,بخش پرسش‌های متداول ندارد,تیترها,,افزودن FAQ ساخت‌یافته به پوشش نیت جستجو کمک می‌کند
308,bohr-atomic-model,https://qpedia.ir/bohr-atomic-model/,publish,C12,low,محتوا,بدون پوشش سوءبرداشت رایج,بدنه,,مطابق استاندارد Qpedia، سوءبرداشت‌های رایج اصلاح شود
308,bohr-atomic-model,https://qpedia.ir/bohr-atomic-model/,publish,L01,med,پیوند,لینک داخلی کمتر از ۳,بدنه,0 لینک داخلی یکتا,حداقل ۳ لینک داخلی مرتبط با انکرتکست طبیعی بدهید
308,bohr-atomic-model,https://qpedia.ir/bohr-atomic-model/,publish,X04,low,فنی,رمزِ شِمای Rank Math ثبت نشده,rank_math_schema_*,,قالب شِمای Article خودکار چاپ می‌کند ولی ثبت شمای Rank Math کامل‌تر است
311,many-worlds-interpretation,https://qpedia.ir/many-worlds-interpretation/,publish,K04,med,کلیدواژه,کلیدواژه در پاراگراف آغازین نیست,پاراگراف آغازین,kw=«تفسیر جهان های موازی»,در صد کلمهٔ نخست، موضوع (کلیدواژه) روشن شود
311,many-worlds-interpretation,https://qpedia.ir/many-worlds-interpretation/,publish,C07,med,محتوا,بخش منابع/ارجاع ندارد,تیترها,هیچ تیتری با «منابع» یافت نشد,برای ادعای علمی، بخش «منابع» با حداقل ۳ منبع معتبر لازم است
311,many-worlds-interpretation,https://qpedia.ir/many-worlds-interpretation/,publish,C08,med,محتوا,ارجاع خارجی کمتر از ۳,بدنه,فقط 0 لینک خارجی یکتا,حداقل ۳ لینک معتبر خارجی (DOI/دانشگاه/مرجع علمی) بدهید
311,many-worlds-interpretation,https://qpedia.ir/many-worlds-interpretation/,publish,C09,low,محتوا,بخش پرسش‌های متداول ندارد,تیترها,,افزودن FAQ ساخت‌یافته به پوشش نیت جستجو کمک می‌کند
311,many-worlds-interpretation,https://qpedia.ir/many-worlds-interpretation/,publish,C12,low,محتوا,بدون پوشش سوءبرداشت رایج,بدنه,,مطابق استاندارد Qpedia، سوءبرداشت‌های رایج اصلاح شود
311,many-worlds-interpretation,https://qpedia.ir/many-worlds-interpretation/,publish,L01,med,پیوند,لینک داخلی کمتر از ۳,بدنه,0 لینک داخلی یکتا,حداقل ۳ لینک داخلی مرتبط با انکرتکست طبیعی بدهید
311,many-worlds-interpretation,https://qpedia.ir/many-worlds-interpretation/,publish,X04,low,فنی,رمزِ شِمای Rank Math ثبت نشده,rank_math_schema_*,,قالب شِمای Article خودکار چاپ می‌کند ولی ثبت شمای Rank Math کامل‌تر است
313,how-lasers-work,https://qpedia.ir/how-lasers-work/,publish,K04,med,کلیدواژه,کلیدواژه در پاراگراف آغازین نیست,پاراگراف آغازین,kw=«لیزر چطور کار می»,در صد کلمهٔ نخست، موضوع (کلیدواژه) روشن شود
313,how-lasers-work,https://qpedia.ir/how-lasers-work/,publish,C07,med,محتوا,بخش منابع/ارجاع ندارد,تیترها,هیچ تیتری با «منابع» یافت نشد,برای ادعای علمی، بخش «منابع» با حداقل ۳ منبع معتبر لازم است
313,how-lasers-work,https://qpedia.ir/how-lasers-work/,publish,C08,med,محتوا,ارجاع خارجی کمتر از ۳,بدنه,فقط 0 لینک خارجی یکتا,حداقل ۳ لینک معتبر خارجی (DOI/دانشگاه/مرجع علمی) بدهید
313,how-lasers-work,https://qpedia.ir/how-lasers-work/,publish,C09,low,محتوا,بخش پرسش‌های متداول ندارد,تیترها,,افزودن FAQ ساخت‌یافته به پوشش نیت جستجو کمک می‌کند
313,how-lasers-work,https://qpedia.ir/how-lasers-work/,publish,C12,low,محتوا,بدون پوشش سوءبرداشت رایج,بدنه,,مطابق استاندارد Qpedia، سوءبرداشت‌های رایج اصلاح شود
313,how-lasers-work,https://qpedia.ir/how-lasers-work/,publish,L01,med,پیوند,لینک داخلی کمتر از ۳,بدنه,0 لینک داخلی یکتا,حداقل ۳ لینک داخلی مرتبط با انکرتکست طبیعی بدهید
313,how-lasers-work,https://qpedia.ir/how-lasers-work/,publish,X04,low,فنی,رمزِ شِمای Rank Math ثبت نشده,rank_math_schema_*,,قالب شِمای Article خودکار چاپ می‌کند ولی ثبت شمای Rank Math کامل‌تر است
321,is-the-brain-quantum,https://qpedia.ir/is-the-brain-quantum/,publish,K04,med,کلیدواژه,کلیدواژه در پاراگراف آغازین نیست,پاراگراف آغازین,kw=«مغز کوانتومی»,در صد کلمهٔ نخست، موضوع (کلیدواژه) روشن شود
321,is-the-brain-quantum,https://qpedia.ir/is-the-brain-quantum/,publish,C07,med,محتوا,بخش منابع/ارجاع ندارد,تیترها,هیچ تیتری با «منابع» یافت نشد,برای ادعای علمی، بخش «منابع» با حداقل ۳ منبع معتبر لازم است
321,is-the-brain-quantum,https://qpedia.ir/is-the-brain-quantum/,publish,C08,med,محتوا,ارجاع خارجی کمتر از ۳,بدنه,فقط 0 لینک خارجی یکتا,حداقل ۳ لینک معتبر خارجی (DOI/دانشگاه/مرجع علمی) بدهید
321,is-the-brain-quantum,https://qpedia.ir/is-the-brain-quantum/,publish,C09,low,محتوا,بخش پرسش‌های متداول ندارد,تیترها,,افزودن FAQ ساخت‌یافته به پوشش نیت جستجو کمک می‌کند
321,is-the-brain-quantum,https://qpedia.ir/is-the-brain-quantum/,publish,C12,low,محتوا,بدون پوشش سوءبرداشت رایج,بدنه,,مطابق استاندارد Qpedia، سوءبرداشت‌های رایج اصلاح شود
321,is-the-brain-quantum,https://qpedia.ir/is-the-brain-quantum/,publish,L01,med,پیوند,لینک داخلی کمتر از ۳,بدنه,0 لینک داخلی یکتا,حداقل ۳ لینک داخلی مرتبط با انکرتکست طبیعی بدهید
321,is-the-brain-quantum,https://qpedia.ir/is-the-brain-quantum/,publish,X04,low,فنی,رمزِ شِمای Rank Math ثبت نشده,rank_math_schema_*,,قالب شِمای Article خودکار چاپ می‌کند ولی ثبت شمای Rank Math کامل‌تر است
300,photoelectric-effect,https://qpedia.ir/photoelectric-effect/,publish,K04,med,کلیدواژه,کلیدواژه در پاراگراف آغازین نیست,پاراگراف آغازین,kw=«اثر فوتوالکتریک»,در صد کلمهٔ نخست، موضوع (کلیدواژه) روشن شود
300,photoelectric-effect,https://qpedia.ir/photoelectric-effect/,publish,C07,med,محتوا,بخش منابع/ارجاع ندارد,تیترها,هیچ تیتری با «منابع» یافت نشد,برای ادعای علمی، بخش «منابع» با حداقل ۳ منبع معتبر لازم است
300,photoelectric-effect,https://qpedia.ir/photoelectric-effect/,publish,C08,med,محتوا,ارجاع خارجی کمتر از ۳,بدنه,فقط 0 لینک خارجی یکتا,حداقل ۳ لینک معتبر خارجی (DOI/دانشگاه/مرجع علمی) بدهید
300,photoelectric-effect,https://qpedia.ir/photoelectric-effect/,publish,C09,low,محتوا,بخش پرسش‌های متداول ندارد,تیترها,,افزودن FAQ ساخت‌یافته به پوشش نیت جستجو کمک می‌کند
300,photoelectric-effect,https://qpedia.ir/photoelectric-effect/,publish,C12,low,محتوا,بدون پوشش سوءبرداشت رایج,بدنه,,مطابق استاندارد Qpedia، سوءبرداشت‌های رایج اصلاح شود
300,photoelectric-effect,https://qpedia.ir/photoelectric-effect/,publish,L01,med,پیوند,لینک داخلی کمتر از ۳,بدنه,0 لینک داخلی یکتا,حداقل ۳ لینک داخلی مرتبط با انکرتکست طبیعی بدهید
300,photoelectric-effect,https://qpedia.ir/photoelectric-effect/,publish,X04,low,فنی,رمزِ شِمای Rank Math ثبت نشده,rank_math_schema_*,,قالب شِمای Article خودکار چاپ می‌کند ولی ثبت شمای Rank Math کامل‌تر است
304,casimir-effect,https://qpedia.ir/casimir-effect/,publish,T03,low,عنوان و متا,عنوان خیلی کوتاه/مبهم,post_title,اثر کازیمیر,عنوان باید موضوع را کامل برساند
304,casimir-effect,https://qpedia.ir/casimir-effect/,publish,K04,med,کلیدواژه,کلیدواژه در پاراگراف آغازین نیست,پاراگراف آغازین,kw=«اثر کازیمیر»,در صد کلمهٔ نخست، موضوع (کلیدواژه) روشن شود
304,casimir-effect,https://qpedia.ir/casimir-effect/,publish,C07,med,محتوا,بخش منابع/ارجاع ندارد,تیترها,هیچ تیتری با «منابع» یافت نشد,برای ادعای علمی، بخش «منابع» با حداقل ۳ منبع معتبر لازم است
304,casimir-effect,https://qpedia.ir/casimir-effect/,publish,C08,med,محتوا,ارجاع خارجی کمتر از ۳,بدنه,فقط 0 لینک خارجی یکتا,حداقل ۳ لینک معتبر خارجی (DOI/دانشگاه/مرجع علمی) بدهید
304,casimir-effect,https://qpedia.ir/casimir-effect/,publish,C09,low,محتوا,بخش پرسش‌های متداول ندارد,تیترها,,افزودن FAQ ساخت‌یافته به پوشش نیت جستجو کمک می‌کند
304,casimir-effect,https://qpedia.ir/casimir-effect/,publish,C12,low,محتوا,بدون پوشش سوءبرداشت رایج,بدنه,,مطابق استاندارد Qpedia، سوءبرداشت‌های رایج اصلاح شود
304,casimir-effect,https://qpedia.ir/casimir-effect/,publish,L01,med,پیوند,لینک داخلی کمتر از ۳,بدنه,0 لینک داخلی یکتا,حداقل ۳ لینک داخلی مرتبط با انکرتکست طبیعی بدهید
304,casimir-effect,https://qpedia.ir/casimir-effect/,publish,X04,low,فنی,رمزِ شِمای Rank Math ثبت نشده,rank_math_schema_*,,قالب شِمای Article خودکار چاپ می‌کند ولی ثبت شمای Rank Math کامل‌تر است
563,does-ai-use-quantum,https://qpedia.ir/does-ai-use-quantum/,publish,K02,med,کلیدواژه,کلیدواژه کانونی در عنوان نیست,post_title,kw=«هوش مصنوعی کوانتوم استفاده می»,کلیدواژه را به‌طور طبیعی در عنوان بیاورید
563,does-ai-use-quantum,https://qpedia.ir/does-ai-use-quantum/,publish,K03,low,کلیدواژه,کلیدواژه کانونی در متای توضیح نیست,meta description,kw=«هوش مصنوعی کوانتوم استفاده می»,کلیدواژه را در توضیح متا بگنجانید
563,does-ai-use-quantum,https://qpedia.ir/does-ai-use-quantum/,publish,K04,med,کلیدواژه,کلیدواژه در پاراگراف آغازین نیست,پاراگراف آغازین,kw=«هوش مصنوعی کوانتوم استفاده می»,در صد کلمهٔ نخست، موضوع (کلیدواژه) روشن شود
563,does-ai-use-quantum,https://qpedia.ir/does-ai-use-quantum/,publish,C08,med,محتوا,ارجاع خارجی کمتر از ۳,بدنه,فقط 0 لینک خارجی یکتا,حداقل ۳ لینک معتبر خارجی (DOI/دانشگاه/مرجع علمی) بدهید
563,does-ai-use-quantum,https://qpedia.ir/does-ai-use-quantum/,publish,C11,low,محتوا,بدون بخش جمع‌بندی,تیترها,,پایان‌بندی انسانی و روشن داشته باشید
563,does-ai-use-quantum,https://qpedia.ir/does-ai-use-quantum/,publish,C12,low,محتوا,بدون پوشش سوءبرداشت رایج,بدنه,,مطابق استاندارد Qpedia، سوءبرداشت‌های رایج اصلاح شود
563,does-ai-use-quantum,https://qpedia.ir/does-ai-use-quantum/,publish,X04,low,فنی,رمزِ شِمای Rank Math ثبت نشده,rank_math_schema_*,,قالب شِمای Article خودکار چاپ می‌کند ولی ثبت شمای Rank Math کامل‌تر است
559,entanglement-myths,https://qpedia.ir/entanglement-myths/,publish,K02,med,کلیدواژه,کلیدواژه کانونی در عنوان نیست,post_title,kw=«درهم تنیدگی اطلاعات سریع تر»,کلیدواژه را به‌طور طبیعی در عنوان بیاورید
559,entanglement-myths,https://qpedia.ir/entanglement-myths/,publish,K03,low,کلیدواژه,کلیدواژه کانونی در متای توضیح نیست,meta description,kw=«درهم تنیدگی اطلاعات سریع تر»,کلیدواژه را در توضیح متا بگنجانید
559,entanglement-myths,https://qpedia.ir/entanglement-myths/,publish,K04,med,کلیدواژه,کلیدواژه در پاراگراف آغازین نیست,پاراگراف آغازین,kw=«درهم تنیدگی اطلاعات سریع تر»,در صد کلمهٔ نخست، موضوع (کلیدواژه) روشن شود
559,entanglement-myths,https://qpedia.ir/entanglement-myths/,publish,C08,med,محتوا,ارجاع خارجی کمتر از ۳,بدنه,فقط 0 لینک خارجی یکتا,حداقل ۳ لینک معتبر خارجی (DOI/دانشگاه/مرجع علمی) بدهید
559,entanglement-myths,https://qpedia.ir/entanglement-myths/,publish,C11,low,محتوا,بدون بخش جمع‌بندی,تیترها,,پایان‌بندی انسانی و روشن داشته باشید
559,entanglement-myths,https://qpedia.ir/entanglement-myths/,publish,C12,low,محتوا,بدون پوشش سوءبرداشت رایج,بدنه,,مطابق استاندارد Qpedia، سوءبرداشت‌های رایج اصلاح شود
559,entanglement-myths,https://qpedia.ir/entanglement-myths/,publish,X04,low,فنی,رمزِ شِمای Rank Math ثبت نشده,rank_math_schema_*,,قالب شِمای Article خودکار چاپ می‌کند ولی ثبت شمای Rank Math کامل‌تر است
565,is-many-worlds-real,https://qpedia.ir/is-many-worlds-real/,publish,K02,med,کلیدواژه,کلیدواژه کانونی در عنوان نیست,post_title,kw=«کوانتوم چندجهانی واقعی»,کلیدواژه را به‌طور طبیعی در عنوان بیاورید
565,is-many-worlds-real,https://qpedia.ir/is-many-worlds-real/,publish,K03,low,کلیدواژه,کلیدواژه کانونی در متای توضیح نیست,meta description,kw=«کوانتوم چندجهانی واقعی»,کلیدواژه را در توضیح متا بگنجانید
565,is-many-worlds-real,https://qpedia.ir/is-many-worlds-real/,publish,K04,med,کلیدواژه,کلیدواژه در پاراگراف آغازین نیست,پاراگراف آغازین,kw=«کوانتوم چندجهانی واقعی»,در صد کلمهٔ نخست، موضوع (کلیدواژه) روشن شود
565,is-many-worlds-real,https://qpedia.ir/is-many-worlds-real/,publish,C08,med,محتوا,ارجاع خارجی کمتر از ۳,بدنه,فقط 0 لینک خارجی یکتا,حداقل ۳ لینک معتبر خارجی (DOI/دانشگاه/مرجع علمی) بدهید
565,is-many-worlds-real,https://qpedia.ir/is-many-worlds-real/,publish,C11,low,محتوا,بدون بخش جمع‌بندی,تیترها,,پایان‌بندی انسانی و روشن داشته باشید
565,is-many-worlds-real,https://qpedia.ir/is-many-worlds-real/,publish,C12,low,محتوا,بدون پوشش سوءبرداشت رایج,بدنه,,مطابق استاندارد Qpedia، سوءبرداشت‌های رایج اصلاح شود
565,is-many-worlds-real,https://qpedia.ir/is-many-worlds-real/,publish,X04,low,فنی,رمزِ شِمای Rank Math ثبت نشده,rank_math_schema_*,,قالب شِمای Article خودکار چاپ می‌کند ولی ثبت شمای Rank Math کامل‌تر است
568,einstein-photoelectric-effect,https://qpedia.ir/einstein-photoelectric-effect/,publish,K02,med,کلیدواژه,کلیدواژه کانونی در عنوان نیست,post_title,kw=«اینشتین اثر فوتوالکتریک (نه فقط»,کلیدواژه را به‌طور طبیعی در عنوان بیاورید
568,einstein-photoelectric-effect,https://qpedia.ir/einstein-photoelectric-effect/,publish,K03,low,کلیدواژه,کلیدواژه کانونی در متای توضیح نیست,meta description,kw=«اینشتین اثر فوتوالکتریک (نه فقط»,کلیدواژه را در توضیح متا بگنجانید
568,einstein-photoelectric-effect,https://qpedia.ir/einstein-photoelectric-effect/,publish,K04,med,کلیدواژه,کلیدواژه در پاراگراف آغازین نیست,پاراگراف آغازین,kw=«اینشتین اثر فوتوالکتریک (نه فقط»,در صد کلمهٔ نخست، موضوع (کلیدواژه) روشن شود
568,einstein-photoelectric-effect,https://qpedia.ir/einstein-photoelectric-effect/,publish,C08,med,محتوا,ارجاع خارجی کمتر از ۳,بدنه,فقط 0 لینک خارجی یکتا,حداقل ۳ لینک معتبر خارجی (DOI/دانشگاه/مرجع علمی) بدهید
568,einstein-photoelectric-effect,https://qpedia.ir/einstein-photoelectric-effect/,publish,C11,low,محتوا,بدون بخش جمع‌بندی,تیترها,,پایان‌بندی انسانی و روشن داشته باشید
568,einstein-photoelectric-effect,https://qpedia.ir/einstein-photoelectric-effect/,publish,C12,low,محتوا,بدون پوشش سوءبرداشت رایج,بدنه,,مطابق استاندارد Qpedia، سوءبرداشت‌های رایج اصلاح شود
568,einstein-photoelectric-effect,https://qpedia.ir/einstein-photoelectric-effect/,publish,X04,low,فنی,رمزِ شِمای Rank Math ثبت نشده,rank_math_schema_*,,قالب شِمای Article خودکار چاپ می‌کند ولی ثبت شمای Rank Math کامل‌تر است
3336,quantum-lithography,https://qpedia.ir/quantum-lithography/,publish,C01,high,محتوا,محتوای بسیار نازک,بدنه,391 کلمه,گوگل محتوای «کامل و جامع» می‌خواهد؛ صفحه محتوای کافی ندارد
3336,quantum-lithography,https://qpedia.ir/quantum-lithography/,publish,C12,low,محتوا,بدون پوشش سوءبرداشت رایج,بدنه,,مطابق استاندارد Qpedia، سوءبرداشت‌های رایج اصلاح شود
3336,quantum-lithography,https://qpedia.ir/quantum-lithography/,publish,L02,high,پیوند,لینک داخلی شکسته (۴۰۴),لینک #1,«حالت نون» → https://qpedia.ir/noon-state/,مقصد لینک در سایت وجود ندارد؛ اصلاح یا حذف شود
3336,quantum-lithography,https://qpedia.ir/quantum-lithography/,publish,L02,high,پیوند,لینک داخلی شکسته (۴۰۴),لینک #2,«تداخل کوانتومی» → https://qpedia.ir/quantum-interference/ | نزدیک‌ترین مقصد فعال: https://qpedia.ir/.../quantum-winter/,مقصد لینک در سایت وجود ندارد؛ اصلاح یا حذف شود
3336,quantum-lithography,https://qpedia.ir/quantum-lithography/,publish,L01,med,پیوند,لینک داخلی کمتر از ۳,بدنه,1 لینک داخلی یکتا,حداقل ۳ لینک داخلی مرتبط با انکرتکست طبیعی بدهید
3336,quantum-lithography,https://qpedia.ir/quantum-lithography/,publish,X05,med,فنی,صفحه یتیم (بدون لینک ورودی داخلی),گراف لینک داخلی,هیچ لینک ورودی از مقالات منتشرشدهٔ دیگر,از مقالات مرتبط به این صفحه لینک بدهید
3387,quantum-music,https://qpedia.ir/quantum-music/,publish,C01,high,محتوا,محتوای بسیار نازک,بدنه,393 کلمه,گوگل محتوای «کامل و جامع» می‌خواهد؛ صفحه محتوای کافی ندارد
3387,quantum-music,https://qpedia.ir/quantum-music/,publish,C12,low,محتوا,بدون پوشش سوءبرداشت رایج,بدنه,,مطابق استاندارد Qpedia، سوءبرداشت‌های رایج اصلاح شود
3387,quantum-music,https://qpedia.ir/quantum-music/,publish,L02,high,پیوند,لینک داخلی شکسته (۴۰۴),لینک #1,«هنر کوانتومی» → https://qpedia.ir/quantum-art/ | نزدیک‌ترین مقصد فعال: https://qpedia.ir/.../quantum-gate/,مقصد لینک در سایت وجود ندارد؛ اصلاح یا حذف شود
3387,quantum-music,https://qpedia.ir/quantum-music/,publish,L02,high,پیوند,لینک داخلی شکسته (۴۰۴),لینک #3,«تداخل» → https://qpedia.ir/quantum-interference/ | نزدیک‌ترین مقصد فعال: https://qpedia.ir/.../quantum-winter/,مقصد لینک در سایت وجود ندارد؛ اصلاح یا حذف شود
3387,quantum-music,https://qpedia.ir/quantum-music/,publish,L01,med,پیوند,لینک داخلی کمتر از ۳,بدنه,1 لینک داخلی یکتا,حداقل ۳ لینک داخلی مرتبط با انکرتکست طبیعی بدهید
3387,quantum-music,https://qpedia.ir/quantum-music/,publish,X05,med,فنی,صفحه یتیم (بدون لینک ورودی داخلی),گراف لینک داخلی,هیچ لینک ورودی از مقالات منتشرشدهٔ دیگر,از مقالات مرتبط به این صفحه لینک بدهید
3342,quantum-auction,https://qpedia.ir/quantum-auction/,publish,C01,high,محتوا,محتوای بسیار نازک,بدنه,358 کلمه,گوگل محتوای «کامل و جامع» می‌خواهد؛ صفحه محتوای کافی ندارد
3342,quantum-auction,https://qpedia.ir/quantum-auction/,publish,C12,low,محتوا,بدون پوشش سوءبرداشت رایج,بدنه,,مطابق استاندارد Qpedia، سوءبرداشت‌های رایج اصلاح شود
3342,quantum-auction,https://qpedia.ir/quantum-auction/,publish,L02,high,پیوند,لینک داخلی شکسته (۴۰۴),لینک #1,«نظریه بازی کوانتومی» → https://qpedia.ir/quantum-game-theory/ | نزدیک‌ترین مقصد فعال: https://qpedia.ir/.../quantum-memory/,مقصد لینک در سایت وجود ندارد؛ اصلاح یا حذف شود
3342,quantum-auction,https://qpedia.ir/quantum-auction/,publish,L02,high,پیوند,لینک داخلی شکسته (۴۰۴),لینک #2,«قرارداد هوشمند» → https://qpedia.ir/quantum-smart-contract/,مقصد لینک در سایت وجود ندارد؛ اصلاح یا حذف شود
3342,quantum-auction,https://qpedia.ir/quantum-auction/,publish,L01,med,پیوند,لینک داخلی کمتر از ۳,بدنه,1 لینک داخلی یکتا,حداقل ۳ لینک داخلی مرتبط با انکرتکست طبیعی بدهید
3342,quantum-auction,https://qpedia.ir/quantum-auction/,publish,X05,med,فنی,صفحه یتیم (بدون لینک ورودی داخلی),گراف لینک داخلی,هیچ لینک ورودی از مقالات منتشرشدهٔ دیگر,از مقالات مرتبط به این صفحه لینک بدهید
2744,mitochondria-proton-tunneling,https://qpedia.ir/mitochondria-proton-tunneling/,publish,K02,med,کلیدواژه,کلیدواژه کانونی در عنوان نیست,post_title,kw=«تونل زنی میتوکندری الکترون پروتون»,کلیدواژه را به‌طور طبیعی در عنوان بیاورید
2744,mitochondria-proton-tunneling,https://qpedia.ir/mitochondria-proton-tunneling/,publish,K03,low,کلیدواژه,کلیدواژه کانونی در متای توضیح نیست,meta description,kw=«تونل زنی میتوکندری الکترون پروتون»,کلیدواژه را در توضیح متا بگنجانید
2744,mitochondria-proton-tunneling,https://qpedia.ir/mitochondria-proton-tunneling/,publish,K04,med,کلیدواژه,کلیدواژه در پاراگراف آغازین نیست,پاراگراف آغازین,kw=«تونل زنی میتوکندری الکترون پروتون»,در صد کلمهٔ نخست، موضوع (کلیدواژه) روشن شود
2744,mitochondria-proton-tunneling,https://qpedia.ir/mitochondria-proton-tunneling/,publish,C11,low,محتوا,بدون بخش جمع‌بندی,تیترها,,پایان‌بندی انسانی و روشن داشته باشید
2744,mitochondria-proton-tunneling,https://qpedia.ir/mitochondria-proton-tunneling/,publish,C12,low,محتوا,بدون پوشش سوءبرداشت رایج,بدنه,,مطابق استاندارد Qpedia، سوءبرداشت‌های رایج اصلاح شود
2744,mitochondria-proton-tunneling,https://qpedia.ir/mitochondria-proton-tunneling/,publish,L02,high,پیوند,لینک داخلی شکسته (۴۰۴),لینک #5,«فتوسنتز کوانتومی» → https://qpedia.ir/quantum-photosynthesis/,مقصد لینک در سایت وجود ندارد؛ اصلاح یا حذف شود
2744,mitochondria-proton-tunneling,https://qpedia.ir/mitochondria-proton-tunneling/,publish,X04,low,فنی,رمزِ شِمای Rank Math ثبت نشده,rank_math_schema_*,,قالب شِمای Article خودکار چاپ می‌کند ولی ثبت شمای Rank Math کامل‌تر است
2744,mitochondria-proton-tunneling,https://qpedia.ir/mitochondria-proton-tunneling/,publish,X05,med,فنی,صفحه یتیم (بدون لینک ورودی داخلی),گراف لینک داخلی,هیچ لینک ورودی از مقالات منتشرشدهٔ دیگر,از مقالات مرتبط به این صفحه لینک بدهید
307,ultraviolet-catastrophe,https://qpedia.ir/ultraviolet-catastrophe/,publish,K04,med,کلیدواژه,کلیدواژه در پاراگراف آغازین نیست,پاراگراف آغازین,kw=«فاجعهٔ فرابنفش»,در صد کلمهٔ نخست، موضوع (کلیدواژه) روشن شود
307,ultraviolet-catastrophe,https://qpedia.ir/ultraviolet-catastrophe/,publish,C07,med,محتوا,بخش منابع/ارجاع ندارد,تیترها,هیچ تیتری با «منابع» یافت نشد,برای ادعای علمی، بخش «منابع» با حداقل ۳ منبع معتبر لازم است
307,ultraviolet-catastrophe,https://qpedia.ir/ultraviolet-catastrophe/,publish,C08,med,محتوا,ارجاع خارجی کمتر از ۳,بدنه,فقط 0 لینک خارجی یکتا,حداقل ۳ لینک معتبر خارجی (DOI/دانشگاه/مرجع علمی) بدهید
307,ultraviolet-catastrophe,https://qpedia.ir/ultraviolet-catastrophe/,publish,C09,low,محتوا,بخش پرسش‌های متداول ندارد,تیترها,,افزودن FAQ ساخت‌یافته به پوشش نیت جستجو کمک می‌کند
307,ultraviolet-catastrophe,https://qpedia.ir/ultraviolet-catastrophe/,publish,C12,low,محتوا,بدون پوشش سوءبرداشت رایج,بدنه,,مطابق استاندارد Qpedia، سوءبرداشت‌های رایج اصلاح شود
307,ultraviolet-catastrophe,https://qpedia.ir/ultraviolet-catastrophe/,publish,L01,med,پیوند,لینک داخلی کمتر از ۳,بدنه,0 لینک داخلی یکتا,حداقل ۳ لینک داخلی مرتبط با انکرتکست طبیعی بدهید
307,ultraviolet-catastrophe,https://qpedia.ir/ultraviolet-catastrophe/,publish,X04,low,فنی,رمزِ شِمای Rank Math ثبت نشده,rank_math_schema_*,,قالب شِمای Article خودکار چاپ می‌کند ولی ثبت شمای Rank Math کامل‌تر است
2503,quantum-documentaries,https://qpedia.ir/quantum-documentaries/,publish,K02,med,کلیدواژه,کلیدواژه کانونی در عنوان نیست,post_title,kw=«بهترین مستندهای فیزیک کوانتوم باید»,کلیدواژه را به‌طور طبیعی در عنوان بیاورید
2503,quantum-documentaries,https://qpedia.ir/quantum-documentaries/,publish,K03,low,کلیدواژه,کلیدواژه کانونی در متای توضیح نیست,meta description,kw=«بهترین مستندهای فیزیک کوانتوم باید»,کلیدواژه را در توضیح متا بگنجانید
2503,quantum-documentaries,https://qpedia.ir/quantum-documentaries/,publish,K04,med,کلیدواژه,کلیدواژه در پاراگراف آغازین نیست,پاراگراف آغازین,kw=«بهترین مستندهای فیزیک کوانتوم باید»,در صد کلمهٔ نخست، موضوع (کلیدواژه) روشن شود
2503,quantum-documentaries,https://qpedia.ir/quantum-documentaries/,publish,C12,low,محتوا,بدون پوشش سوءبرداشت رایج,بدنه,,مطابق استاندارد Qpedia، سوءبرداشت‌های رایج اصلاح شود
2503,quantum-documentaries,https://qpedia.ir/quantum-documentaries/,publish,I07,med,تصویر,اشارهٔ شاخص به پیوست ناموجود,_thumbnail_id,id=2598 در هیچ خروجی یافت نشد,تصویر شاخص را دوباره تنظیم کنید
2503,quantum-documentaries,https://qpedia.ir/quantum-documentaries/,publish,X04,low,فنی,رمزِ شِمای Rank Math ثبت نشده,rank_math_schema_*,,قالب شِمای Article خودکار چاپ می‌کند ولی ثبت شمای Rank Math کامل‌تر است
2503,quantum-documentaries,https://qpedia.ir/quantum-documentaries/,publish,X05,med,فنی,صفحه یتیم (بدون لینک ورودی داخلی),گراف لینک داخلی,هیچ لینک ورودی از مقالات منتشرشدهٔ دیگر,از مقالات مرتبط به این صفحه لینک بدهید
2534,quantum-navigation,https://qpedia.ir/quantum-navigation/,publish,M02,med,عنوان و متا,توضیحات متا خیلی کوتاه,meta description,91 نویسه: «ناوبری کوانتومی چیست؟ مسیریابی دقیق بدون سیگنال ماهواره با شتاب‌سنج‌ها و ژیروسکوپ‌های اتمی.»,طول متای مناسب حدود ۱۲۰ تا ۱۶۰ نویسه است
2534,quantum-navigation,https://qpedia.ir/quantum-navigation/,publish,K02,med,کلیدواژه,کلیدواژه کانونی در عنوان نیست,post_title,kw=«ناوبری کوانتومی مسیریابی بدون ماهواره»,کلیدواژه را به‌طور طبیعی در عنوان بیاورید
2534,quantum-navigation,https://qpedia.ir/quantum-navigation/,publish,K03,low,کلیدواژه,کلیدواژه کانونی در متای توضیح نیست,meta description,kw=«ناوبری کوانتومی مسیریابی بدون ماهواره»,کلیدواژه را در توضیح متا بگنجانید
2534,quantum-navigation,https://qpedia.ir/quantum-navigation/,publish,K04,med,کلیدواژه,کلیدواژه در پاراگراف آغازین نیست,پاراگراف آغازین,kw=«ناوبری کوانتومی مسیریابی بدون ماهواره»,در صد کلمهٔ نخست، موضوع (کلیدواژه) روشن شود
2534,quantum-navigation,https://qpedia.ir/quantum-navigation/,publish,C11,low,محتوا,بدون بخش جمع‌بندی,تیترها,,پایان‌بندی انسانی و روشن داشته باشید
2534,quantum-navigation,https://qpedia.ir/quantum-navigation/,publish,C12,low,محتوا,بدون پوشش سوءبرداشت رایج,بدنه,,مطابق استاندارد Qpedia، سوءبرداشت‌های رایج اصلاح شود
2534,quantum-navigation,https://qpedia.ir/quantum-navigation/,publish,X04,low,فنی,رمزِ شِمای Rank Math ثبت نشده,rank_math_schema_*,,قالب شِمای Article خودکار چاپ می‌کند ولی ثبت شمای Rank Math کامل‌تر است
2534,quantum-navigation,https://qpedia.ir/quantum-navigation/,publish,X05,med,فنی,صفحه یتیم (بدون لینک ورودی داخلی),گراف لینک داخلی,هیچ لینک ورودی از مقالات منتشرشدهٔ دیگر,از مقالات مرتبط به این صفحه لینک بدهید
2504,quantum-physics-in-movies-ant-man,https://qpedia.ir/quantum-physics-in-movies-ant-man/,publish,K02,med,کلیدواژه,کلیدواژه کانونی در عنوان نیست,post_title,kw=«فیزیک کوانتوم فیلم مرد مورچه»,کلیدواژه را به‌طور طبیعی در عنوان بیاورید
2504,quantum-physics-in-movies-ant-man,https://qpedia.ir/quantum-physics-in-movies-ant-man/,publish,K03,low,کلیدواژه,کلیدواژه کانونی در متای توضیح نیست,meta description,kw=«فیزیک کوانتوم فیلم مرد مورچه»,کلیدواژه را در توضیح متا بگنجانید
2504,quantum-physics-in-movies-ant-man,https://qpedia.ir/quantum-physics-in-movies-ant-man/,publish,K04,med,کلیدواژه,کلیدواژه در پاراگراف آغازین نیست,پاراگراف آغازین,kw=«فیزیک کوانتوم فیلم مرد مورچه»,در صد کلمهٔ نخست، موضوع (کلیدواژه) روشن شود
2504,quantum-physics-in-movies-ant-man,https://qpedia.ir/quantum-physics-in-movies-ant-man/,publish,C11,low,محتوا,بدون بخش جمع‌بندی,تیترها,,پایان‌بندی انسانی و روشن داشته باشید
2504,quantum-physics-in-movies-ant-man,https://qpedia.ir/quantum-physics-in-movies-ant-man/,publish,C12,low,محتوا,بدون پوشش سوءبرداشت رایج,بدنه,,مطابق استاندارد Qpedia، سوءبرداشت‌های رایج اصلاح شود
2504,quantum-physics-in-movies-ant-man,https://qpedia.ir/quantum-physics-in-movies-ant-man/,publish,I07,med,تصویر,اشارهٔ شاخص به پیوست ناموجود,_thumbnail_id,id=2582 در هیچ خروجی یافت نشد,تصویر شاخص را دوباره تنظیم کنید
2504,quantum-physics-in-movies-ant-man,https://qpedia.ir/quantum-physics-in-movies-ant-man/,publish,X04,low,فنی,رمزِ شِمای Rank Math ثبت نشده,rank_math_schema_*,,قالب شِمای Article خودکار چاپ می‌کند ولی ثبت شمای Rank Math کامل‌تر است
2832,heisenberg-ww2,https://qpedia.ir/heisenberg-ww2/,publish,K02,med,کلیدواژه,کلیدواژه کانونی در عنوان نیست,post_title,kw=«هایزنبرگ نابغه ای جنگ او»,کلیدواژه را به‌طور طبیعی در عنوان بیاورید
2832,heisenberg-ww2,https://qpedia.ir/heisenberg-ww2/,publish,K03,low,کلیدواژه,کلیدواژه کانونی در متای توضیح نیست,meta description,kw=«هایزنبرگ نابغه ای جنگ او»,کلیدواژه را در توضیح متا بگنجانید
2832,heisenberg-ww2,https://qpedia.ir/heisenberg-ww2/,publish,K04,med,کلیدواژه,کلیدواژه در پاراگراف آغازین نیست,پاراگراف آغازین,kw=«هایزنبرگ نابغه ای جنگ او»,در صد کلمهٔ نخست، موضوع (کلیدواژه) روشن شود
2832,heisenberg-ww2,https://qpedia.ir/heisenberg-ww2/,publish,C11,low,محتوا,بدون بخش جمع‌بندی,تیترها,,پایان‌بندی انسانی و روشن داشته باشید
2832,heisenberg-ww2,https://qpedia.ir/heisenberg-ww2/,publish,C12,low,محتوا,بدون پوشش سوءبرداشت رایج,بدنه,,مطابق استاندارد Qpedia، سوءبرداشت‌های رایج اصلاح شود
2832,heisenberg-ww2,https://qpedia.ir/heisenberg-ww2/,publish,I04,low,تصویر,ALT بیش‌ازحد بلند,تگ img #1,203 نویسه ALT,ALT را زیر ~۱۲۵ نویسه نگه دارید
2832,heisenberg-ww2,https://qpedia.ir/heisenberg-ww2/,publish,L01,med,پیوند,لینک داخلی کمتر از ۳,بدنه,2 لینک داخلی یکتا,حداقل ۳ لینک داخلی مرتبط با انکرتکست طبیعی بدهید
2832,heisenberg-ww2,https://qpedia.ir/heisenberg-ww2/,publish,X04,low,فنی,رمزِ شِمای Rank Math ثبت نشده,rank_math_schema_*,,قالب شِمای Article خودکار چاپ می‌کند ولی ثبت شمای Rank Math کامل‌تر است
2832,heisenberg-ww2,https://qpedia.ir/heisenberg-ww2/,publish,X05,med,فنی,صفحه یتیم (بدون لینک ورودی داخلی),گراف لینک داخلی,هیچ لینک ورودی از مقالات منتشرشدهٔ دیگر,از مقالات مرتبط به این صفحه لینک بدهید
2226,quantum-number,https://qpedia.ir/quantum-number/,publish,K03,low,کلیدواژه,کلیدواژه کانونی در متای توضیح نیست,meta description,kw=«عدد کوانتومی»,کلیدواژه را در توضیح متا بگنجانید
2226,quantum-number,https://qpedia.ir/quantum-number/,publish,K06,med,کلیدواژه,تراکم کلیدواژه بیش از حد,بدنه,تراکم≈4.0٪ (14 تکرار کلیدواژه «عدد کوانتومی»),تراکم را زیر ~۲.۵٪ نگه دارید (جلوگیری از Keyword Stuffing)
2226,quantum-number,https://qpedia.ir/quantum-number/,publish,C08,med,محتوا,ارجاع خارجی کمتر از ۳,بدنه,فقط 2 لینک خارجی یکتا,حداقل ۳ لینک معتبر خارجی (DOI/دانشگاه/مرجع علمی) بدهید
2226,quantum-number,https://qpedia.ir/quantum-number/,publish,C12,low,محتوا,بدون پوشش سوءبرداشت رایج,بدنه,,مطابق استاندارد Qpedia، سوءبرداشت‌های رایج اصلاح شود
2226,quantum-number,https://qpedia.ir/quantum-number/,publish,I01,high,تصویر,تصویر شاخص ندارد,_thumbnail_id,,تصویر شاخص اختصاصی و مرتبط تعریف کنید
2226,quantum-number,https://qpedia.ir/quantum-number/,publish,X04,low,فنی,رمزِ شِمای Rank Math ثبت نشده,rank_math_schema_*,,قالب شِمای Article خودکار چاپ می‌کند ولی ثبت شمای Rank Math کامل‌تر است
2851,quantum-realism,https://qpedia.ir/quantum-realism/,publish,K03,low,کلیدواژه,کلیدواژه کانونی در متای توضیح نیست,meta description,kw=«رئالیسم کوانتومی»,کلیدواژه را در توضیح متا بگنجانید
2851,quantum-realism,https://qpedia.ir/quantum-realism/,publish,C03,med,محتوا,ساختار تیتر ضعیف,ساختار تیتر,فقط 0 تیتر H2,حداقل ۳ تیتر H2 معنادار بگذارید تا فهرست‌مطالب و اسکن‌پذیری ساخته شود
2851,quantum-realism,https://qpedia.ir/quantum-realism/,publish,C09,low,محتوا,بخش پرسش‌های متداول ندارد,تیترها,,افزودن FAQ ساخت‌یافته به پوشش نیت جستجو کمک می‌کند
2851,quantum-realism,https://qpedia.ir/quantum-realism/,publish,C11,low,محتوا,بدون بخش جمع‌بندی,تیترها,,پایان‌بندی انسانی و روشن داشته باشید
2851,quantum-realism,https://qpedia.ir/quantum-realism/,publish,C12,low,محتوا,بدون پوشش سوءبرداشت رایج,بدنه,,مطابق استاندارد Qpedia، سوءبرداشت‌های رایج اصلاح شود
2851,quantum-realism,https://qpedia.ir/quantum-realism/,publish,I04,low,تصویر,ALT بیش‌ازحد بلند,تگ img #1,163 نویسه ALT,ALT را زیر ~۱۲۵ نویسه نگه دارید
2851,quantum-realism,https://qpedia.ir/quantum-realism/,publish,I04,low,تصویر,ALT بیش‌ازحد بلند,تگ img #2,165 نویسه ALT,ALT را زیر ~۱۲۵ نویسه نگه دارید
2851,quantum-realism,https://qpedia.ir/quantum-realism/,publish,I04,low,تصویر,ALT بیش‌ازحد بلند,تگ img #3,204 نویسه ALT,ALT را زیر ~۱۲۵ نویسه نگه دارید
2851,quantum-realism,https://qpedia.ir/quantum-realism/,publish,L01,med,پیوند,لینک داخلی کمتر از ۳,بدنه,0 لینک داخلی یکتا,حداقل ۳ لینک داخلی مرتبط با انکرتکست طبیعی بدهید
2851,quantum-realism,https://qpedia.ir/quantum-realism/,publish,X04,low,فنی,رمزِ شِمای Rank Math ثبت نشده,rank_math_schema_*,,قالب شِمای Article خودکار چاپ می‌کند ولی ثبت شمای Rank Math کامل‌تر است
3360,soliton,https://qpedia.ir/soliton/,publish,K06,med,کلیدواژه,تراکم کلیدواژه بیش از حد,بدنه,تراکم≈3.6٪ (14 تکرار کلیدواژه «سالیتون»),تراکم را زیر ~۲.۵٪ نگه دارید (جلوگیری از Keyword Stuffing)
3360,soliton,https://qpedia.ir/soliton/,publish,C01,high,محتوا,محتوای بسیار نازک,بدنه,388 کلمه,گوگل محتوای «کامل و جامع» می‌خواهد؛ صفحه محتوای کافی ندارد
3360,soliton,https://qpedia.ir/soliton/,publish,C12,low,محتوا,بدون پوشش سوءبرداشت رایج,بدنه,,مطابق استاندارد Qpedia، سوءبرداشت‌های رایج اصلاح شود
3360,soliton,https://qpedia.ir/soliton/,publish,L02,high,پیوند,لینک داخلی شکسته (۴۰۴),لینک #1,«موج ماده» → https://qpedia.ir/matter-wave/,مقصد لینک در سایت وجود ندارد؛ اصلاح یا حذف شود
3360,soliton,https://qpedia.ir/soliton/,publish,L01,med,پیوند,لینک داخلی کمتر از ۳,بدنه,2 لینک داخلی یکتا,حداقل ۳ لینک داخلی مرتبط با انکرتکست طبیعی بدهید
3360,soliton,https://qpedia.ir/soliton/,publish,X05,med,فنی,صفحه یتیم (بدون لینک ورودی داخلی),گراف لینک داخلی,هیچ لینک ورودی از مقالات منتشرشدهٔ دیگر,از مقالات مرتبط به این صفحه لینک بدهید
2498,quantum-thermodynamics,https://qpedia.ir/quantum-thermodynamics/,publish,K02,med,کلیدواژه,کلیدواژه کانونی در عنوان نیست,post_title,kw=«ترمودینامیک کوانتومی موتوری اندازهٔ یک»,کلیدواژه را به‌طور طبیعی در عنوان بیاورید
2498,quantum-thermodynamics,https://qpedia.ir/quantum-thermodynamics/,publish,K03,low,کلیدواژه,کلیدواژه کانونی در متای توضیح نیست,meta description,kw=«ترمودینامیک کوانتومی موتوری اندازهٔ یک»,کلیدواژه را در توضیح متا بگنجانید
2498,quantum-thermodynamics,https://qpedia.ir/quantum-thermodynamics/,publish,K04,med,کلیدواژه,کلیدواژه در پاراگراف آغازین نیست,پاراگراف آغازین,kw=«ترمودینامیک کوانتومی موتوری اندازهٔ یک»,در صد کلمهٔ نخست، موضوع (کلیدواژه) روشن شود
2498,quantum-thermodynamics,https://qpedia.ir/quantum-thermodynamics/,publish,C11,low,محتوا,بدون بخش جمع‌بندی,تیترها,,پایان‌بندی انسانی و روشن داشته باشید
2498,quantum-thermodynamics,https://qpedia.ir/quantum-thermodynamics/,publish,C12,low,محتوا,بدون پوشش سوءبرداشت رایج,بدنه,,مطابق استاندارد Qpedia، سوءبرداشت‌های رایج اصلاح شود
2498,quantum-thermodynamics,https://qpedia.ir/quantum-thermodynamics/,publish,L02,high,پیوند,لینک داخلی شکسته (۴۰۴),لینک #4,«فتوسنتز کوانتومی» → https://qpedia.ir/quantum-photosynthesis/,مقصد لینک در سایت وجود ندارد؛ اصلاح یا حذف شود
2498,quantum-thermodynamics,https://qpedia.ir/quantum-thermodynamics/,publish,X04,low,فنی,رمزِ شِمای Rank Math ثبت نشده,rank_math_schema_*,,قالب شِمای Article خودکار چاپ می‌کند ولی ثبت شمای Rank Math کامل‌تر است
3358,quantum-droplet,https://qpedia.ir/quantum-droplet/,publish,K03,low,کلیدواژه,کلیدواژه کانونی در متای توضیح نیست,meta description,kw=«قطرهٔ کوانتومی»,کلیدواژه را در توضیح متا بگنجانید
3358,quantum-droplet,https://qpedia.ir/quantum-droplet/,publish,K04,med,کلیدواژه,کلیدواژه در پاراگراف آغازین نیست,پاراگراف آغازین,kw=«قطرهٔ کوانتومی»,در صد کلمهٔ نخست، موضوع (کلیدواژه) روشن شود
3358,quantum-droplet,https://qpedia.ir/quantum-droplet/,publish,C01,high,محتوا,محتوای بسیار نازک,بدنه,389 کلمه,گوگل محتوای «کامل و جامع» می‌خواهد؛ صفحه محتوای کافی ندارد
3358,quantum-droplet,https://qpedia.ir/quantum-droplet/,publish,C12,low,محتوا,بدون پوشش سوءبرداشت رایج,بدنه,,مطابق استاندارد Qpedia، سوءبرداشت‌های رایج اصلاح شود
3358,quantum-droplet,https://qpedia.ir/quantum-droplet/,publish,L02,high,پیوند,لینک داخلی شکسته (۴۰۴),لینک #2,«نوسانات کوانتومی» → https://qpedia.ir/quantum-fluctuations/ | نزدیک‌ترین مقصد فعال: https://qpedia.ir/.../quantum-fluctuations-cosmos/,مقصد لینک در سایت وجود ندارد؛ اصلاح یا حذف شود
3358,quantum-droplet,https://qpedia.ir/quantum-droplet/,publish,L01,med,پیوند,لینک داخلی کمتر از ۳,بدنه,2 لینک داخلی یکتا,حداقل ۳ لینک داخلی مرتبط با انکرتکست طبیعی بدهید
3383,quantum-bounce,https://qpedia.ir/quantum-bounce/,publish,K03,low,کلیدواژه,کلیدواژه کانونی در متای توضیح نیست,meta description,kw=«جهش کوانتومی کیهان»,کلیدواژه را در توضیح متا بگنجانید
3383,quantum-bounce,https://qpedia.ir/quantum-bounce/,publish,K04,med,کلیدواژه,کلیدواژه در پاراگراف آغازین نیست,پاراگراف آغازین,kw=«جهش کوانتومی کیهان»,در صد کلمهٔ نخست، موضوع (کلیدواژه) روشن شود
3383,quantum-bounce,https://qpedia.ir/quantum-bounce/,publish,C01,high,محتوا,محتوای بسیار نازک,بدنه,396 کلمه,گوگل محتوای «کامل و جامع» می‌خواهد؛ صفحه محتوای کافی ندارد
3383,quantum-bounce,https://qpedia.ir/quantum-bounce/,publish,C12,low,محتوا,بدون پوشش سوءبرداشت رایج,بدنه,,مطابق استاندارد Qpedia، سوءبرداشت‌های رایج اصلاح شود
3383,quantum-bounce,https://qpedia.ir/quantum-bounce/,publish,L02,high,پیوند,لینک داخلی شکسته (۴۰۴),لینک #3,«گرانش کوانتومی حلقه‌ای» → https://qpedia.ir/loop-quantum-gravity/ | نزدیک‌ترین مقصد فعال: https://qpedia.ir/.../quantum-gravity/,مقصد لینک در سایت وجود ندارد؛ اصلاح یا حذف شود
3383,quantum-bounce,https://qpedia.ir/quantum-bounce/,publish,L01,med,پیوند,لینک داخلی کمتر از ۳,بدنه,2 لینک داخلی یکتا,حداقل ۳ لینک داخلی مرتبط با انکرتکست طبیعی بدهید
2870,quantum-chemistry-drug-discovery,https://qpedia.ir/quantum-chemistry-drug-discovery/,publish,K02,med,کلیدواژه,کلیدواژه کانونی در عنوان نیست,post_title,kw=«شیمی محاسباتی کوانتومی کشف دارو»,کلیدواژه را به‌طور طبیعی در عنوان بیاورید
2870,quantum-chemistry-drug-discovery,https://qpedia.ir/quantum-chemistry-drug-discovery/,publish,K03,low,کلیدواژه,کلیدواژه کانونی در متای توضیح نیست,meta description,kw=«شیمی محاسباتی کوانتومی کشف دارو»,کلیدواژه را در توضیح متا بگنجانید
2870,quantum-chemistry-drug-discovery,https://qpedia.ir/quantum-chemistry-drug-discovery/,publish,K04,med,کلیدواژه,کلیدواژه در پاراگراف آغازین نیست,پاراگراف آغازین,kw=«شیمی محاسباتی کوانتومی کشف دارو»,در صد کلمهٔ نخست، موضوع (کلیدواژه) روشن شود
2870,quantum-chemistry-drug-discovery,https://qpedia.ir/quantum-chemistry-drug-discovery/,publish,C09,low,محتوا,بخش پرسش‌های متداول ندارد,تیترها,,افزودن FAQ ساخت‌یافته به پوشش نیت جستجو کمک می‌کند
2870,quantum-chemistry-drug-discovery,https://qpedia.ir/quantum-chemistry-drug-discovery/,publish,C12,low,محتوا,بدون پوشش سوءبرداشت رایج,بدنه,,مطابق استاندارد Qpedia، سوءبرداشت‌های رایج اصلاح شود
2870,quantum-chemistry-drug-discovery,https://qpedia.ir/quantum-chemistry-drug-discovery/,publish,I04,low,تصویر,ALT بیش‌ازحد بلند,تگ img #1,163 نویسه ALT,ALT را زیر ~۱۲۵ نویسه نگه دارید
2870,quantum-chemistry-drug-discovery,https://qpedia.ir/quantum-chemistry-drug-discovery/,publish,I04,low,تصویر,ALT بیش‌ازحد بلند,تگ img #2,164 نویسه ALT,ALT را زیر ~۱۲۵ نویسه نگه دارید
2870,quantum-chemistry-drug-discovery,https://qpedia.ir/quantum-chemistry-drug-discovery/,publish,I04,low,تصویر,ALT بیش‌ازحد بلند,تگ img #3,225 نویسه ALT,ALT را زیر ~۱۲۵ نویسه نگه دارید
2870,quantum-chemistry-drug-discovery,https://qpedia.ir/quantum-chemistry-drug-discovery/,publish,L01,med,پیوند,لینک داخلی کمتر از ۳,بدنه,0 لینک داخلی یکتا,حداقل ۳ لینک داخلی مرتبط با انکرتکست طبیعی بدهید
2870,quantum-chemistry-drug-discovery,https://qpedia.ir/quantum-chemistry-drug-discovery/,publish,X04,low,فنی,رمزِ شِمای Rank Math ثبت نشده,rank_math_schema_*,,قالب شِمای Article خودکار چاپ می‌کند ولی ثبت شمای Rank Math کامل‌تر است
2870,quantum-chemistry-drug-discovery,https://qpedia.ir/quantum-chemistry-drug-discovery/,publish,X05,med,فنی,صفحه یتیم (بدون لینک ورودی داخلی),گراف لینک داخلی,هیچ لینک ورودی از مقالات منتشرشدهٔ دیگر,از مقالات مرتبط به این صفحه لینک بدهید
3373,dark-energy-quantum,https://qpedia.ir/dark-energy-quantum/,publish,K02,med,کلیدواژه,کلیدواژه کانونی در عنوان نیست,post_title,kw=«انرژی تاریک کوانتومی»,کلیدواژه را به‌طور طبیعی در عنوان بیاورید
3373,dark-energy-quantum,https://qpedia.ir/dark-energy-quantum/,publish,K03,low,کلیدواژه,کلیدواژه کانونی در متای توضیح نیست,meta description,kw=«انرژی تاریک کوانتومی»,کلیدواژه را در توضیح متا بگنجانید
3373,dark-energy-quantum,https://qpedia.ir/dark-energy-quantum/,publish,C01,high,محتوا,محتوای بسیار نازک,بدنه,396 کلمه,گوگل محتوای «کامل و جامع» می‌خواهد؛ صفحه محتوای کافی ندارد
3373,dark-energy-quantum,https://qpedia.ir/dark-energy-quantum/,publish,C12,low,محتوا,بدون پوشش سوءبرداشت رایج,بدنه,,مطابق استاندارد Qpedia، سوءبرداشت‌های رایج اصلاح شود
3373,dark-energy-quantum,https://qpedia.ir/dark-energy-quantum/,publish,L06,low,پیوند,لینک به خود مقاله,بدنه,1 عدد,سلف‌لینک را حذف کنید
3373,dark-energy-quantum,https://qpedia.ir/dark-energy-quantum/,publish,L01,med,پیوند,لینک داخلی کمتر از ۳,بدنه,2 لینک داخلی یکتا,حداقل ۳ لینک داخلی مرتبط با انکرتکست طبیعی بدهید
3373,dark-energy-quantum,https://qpedia.ir/dark-energy-quantum/,publish,X05,med,فنی,صفحه یتیم (بدون لینک ورودی داخلی),گراف لینک داخلی,هیچ لینک ورودی از مقالات منتشرشدهٔ دیگر,از مقالات مرتبط به این صفحه لینک بدهید
3352,nanowire,https://qpedia.ir/nanowire/,publish,C01,high,محتوا,محتوای بسیار نازک,بدنه,357 کلمه,گوگل محتوای «کامل و جامع» می‌خواهد؛ صفحه محتوای کافی ندارد
3352,nanowire,https://qpedia.ir/nanowire/,publish,C12,low,محتوا,بدون پوشش سوءبرداشت رایج,بدنه,,مطابق استاندارد Qpedia، سوءبرداشت‌های رایج اصلاح شود
3352,nanowire,https://qpedia.ir/nanowire/,publish,L02,high,پیوند,لینک داخلی شکسته (۴۰۴),لینک #3,«نیمه‌رسانا» → https://qpedia.ir/semiconductor/,مقصد لینک در سایت وجود ندارد؛ اصلاح یا حذف شود
3352,nanowire,https://qpedia.ir/nanowire/,publish,L01,med,پیوند,لینک داخلی کمتر از ۳,بدنه,2 لینک داخلی یکتا,حداقل ۳ لینک داخلی مرتبط با انکرتکست طبیعی بدهید
3352,nanowire,https://qpedia.ir/nanowire/,publish,X05,med,فنی,صفحه یتیم (بدون لینک ورودی داخلی),گراف لینک داخلی,هیچ لینک ورودی از مقالات منتشرشدهٔ دیگر,از مقالات مرتبط به این صفحه لینک بدهید
2862,quantum-memory,https://qpedia.ir/quantum-memory/,publish,K03,low,کلیدواژه,کلیدواژه کانونی در متای توضیح نیست,meta description,kw=«حافظه کوانتومی»,کلیدواژه را در توضیح متا بگنجانید
2862,quantum-memory,https://qpedia.ir/quantum-memory/,publish,K04,med,کلیدواژه,کلیدواژه در پاراگراف آغازین نیست,پاراگراف آغازین,kw=«حافظه کوانتومی»,در صد کلمهٔ نخست، موضوع (کلیدواژه) روشن شود
2862,quantum-memory,https://qpedia.ir/quantum-memory/,publish,C09,low,محتوا,بخش پرسش‌های متداول ندارد,تیترها,,افزودن FAQ ساخت‌یافته به پوشش نیت جستجو کمک می‌کند
2862,quantum-memory,https://qpedia.ir/quantum-memory/,publish,C11,low,محتوا,بدون بخش جمع‌بندی,تیترها,,پایان‌بندی انسانی و روشن داشته باشید
2862,quantum-memory,https://qpedia.ir/quantum-memory/,publish,C12,low,محتوا,بدون پوشش سوءبرداشت رایج,بدنه,,مطابق استاندارد Qpedia، سوءبرداشت‌های رایج اصلاح شود
2862,quantum-memory,https://qpedia.ir/quantum-memory/,publish,I04,low,تصویر,ALT بیش‌ازحد بلند,تگ img #1,222 نویسه ALT,ALT را زیر ~۱۲۵ نویسه نگه دارید
2862,quantum-memory,https://qpedia.ir/quantum-memory/,publish,L01,med,پیوند,لینک داخلی کمتر از ۳,بدنه,0 لینک داخلی یکتا,حداقل ۳ لینک داخلی مرتبط با انکرتکست طبیعی بدهید
2862,quantum-memory,https://qpedia.ir/quantum-memory/,publish,X04,low,فنی,رمزِ شِمای Rank Math ثبت نشده,rank_math_schema_*,,قالب شِمای Article خودکار چاپ می‌کند ولی ثبت شمای Rank Math کامل‌تر است
2862,quantum-memory,https://qpedia.ir/quantum-memory/,publish,X05,med,فنی,صفحه یتیم (بدون لینک ورودی داخلی),گراف لینک داخلی,هیچ لینک ورودی از مقالات منتشرشدهٔ دیگر,از مقالات مرتبط به این صفحه لینک بدهید
2866,majorana-topological,https://qpedia.ir/majorana-topological/,publish,K02,med,کلیدواژه,کلیدواژه کانونی در عنوان نیست,post_title,kw=«مایکروسافت کیوبیت های توپولوژیک مایورانا»,کلیدواژه را به‌طور طبیعی در عنوان بیاورید
2866,majorana-topological,https://qpedia.ir/majorana-topological/,publish,K03,low,کلیدواژه,کلیدواژه کانونی در متای توضیح نیست,meta description,kw=«مایکروسافت کیوبیت های توپولوژیک مایورانا»,کلیدواژه را در توضیح متا بگنجانید
2866,majorana-topological,https://qpedia.ir/majorana-topological/,publish,K04,med,کلیدواژه,کلیدواژه در پاراگراف آغازین نیست,پاراگراف آغازین,kw=«مایکروسافت کیوبیت های توپولوژیک مایورانا»,در صد کلمهٔ نخست، موضوع (کلیدواژه) روشن شود
2866,majorana-topological,https://qpedia.ir/majorana-topological/,publish,C09,low,محتوا,بخش پرسش‌های متداول ندارد,تیترها,,افزودن FAQ ساخت‌یافته به پوشش نیت جستجو کمک می‌کند
2866,majorana-topological,https://qpedia.ir/majorana-topological/,publish,C11,low,محتوا,بدون بخش جمع‌بندی,تیترها,,پایان‌بندی انسانی و روشن داشته باشید
2866,majorana-topological,https://qpedia.ir/majorana-topological/,publish,C12,low,محتوا,بدون پوشش سوءبرداشت رایج,بدنه,,مطابق استاندارد Qpedia، سوءبرداشت‌های رایج اصلاح شود
2866,majorana-topological,https://qpedia.ir/majorana-topological/,publish,I04,low,تصویر,ALT بیش‌ازحد بلند,تگ img #1,200 نویسه ALT,ALT را زیر ~۱۲۵ نویسه نگه دارید
2866,majorana-topological,https://qpedia.ir/majorana-topological/,publish,L01,med,پیوند,لینک داخلی کمتر از ۳,بدنه,0 لینک داخلی یکتا,حداقل ۳ لینک داخلی مرتبط با انکرتکست طبیعی بدهید
2866,majorana-topological,https://qpedia.ir/majorana-topological/,publish,X04,low,فنی,رمزِ شِمای Rank Math ثبت نشده,rank_math_schema_*,,قالب شِمای Article خودکار چاپ می‌کند ولی ثبت شمای Rank Math کامل‌تر است
310,copenhagen-interpretation,https://qpedia.ir/copenhagen-interpretation/,publish,C07,med,محتوا,بخش منابع/ارجاع ندارد,تیترها,هیچ تیتری با «منابع» یافت نشد,برای ادعای علمی، بخش «منابع» با حداقل ۳ منبع معتبر لازم است
310,copenhagen-interpretation,https://qpedia.ir/copenhagen-interpretation/,publish,C08,med,محتوا,ارجاع خارجی کمتر از ۳,بدنه,فقط 0 لینک خارجی یکتا,حداقل ۳ لینک معتبر خارجی (DOI/دانشگاه/مرجع علمی) بدهید
310,copenhagen-interpretation,https://qpedia.ir/copenhagen-interpretation/,publish,C09,low,محتوا,بخش پرسش‌های متداول ندارد,تیترها,,افزودن FAQ ساخت‌یافته به پوشش نیت جستجو کمک می‌کند
310,copenhagen-interpretation,https://qpedia.ir/copenhagen-interpretation/,publish,C12,low,محتوا,بدون پوشش سوءبرداشت رایج,بدنه,,مطابق استاندارد Qpedia، سوءبرداشت‌های رایج اصلاح شود
310,copenhagen-interpretation,https://qpedia.ir/copenhagen-interpretation/,publish,L01,med,پیوند,لینک داخلی کمتر از ۳,بدنه,0 لینک داخلی یکتا,حداقل ۳ لینک داخلی مرتبط با انکرتکست طبیعی بدهید
310,copenhagen-interpretation,https://qpedia.ir/copenhagen-interpretation/,publish,X04,low,فنی,رمزِ شِمای Rank Math ثبت نشده,rank_math_schema_*,,قالب شِمای Article خودکار چاپ می‌کند ولی ثبت شمای Rank Math کامل‌تر است
2092,feynman-quantum-explainer,https://qpedia.ir/feynman-quantum-explainer/,publish,K02,med,کلیدواژه,کلیدواژه کانونی در عنوان نیست,post_title,kw=«فاینمن نابغه ای کوانتوم ساده»,کلیدواژه را به‌طور طبیعی در عنوان بیاورید
2092,feynman-quantum-explainer,https://qpedia.ir/feynman-quantum-explainer/,publish,K03,low,کلیدواژه,کلیدواژه کانونی در متای توضیح نیست,meta description,kw=«فاینمن نابغه ای کوانتوم ساده»,کلیدواژه را در توضیح متا بگنجانید
2092,feynman-quantum-explainer,https://qpedia.ir/feynman-quantum-explainer/,publish,K04,med,کلیدواژه,کلیدواژه در پاراگراف آغازین نیست,پاراگراف آغازین,kw=«فاینمن نابغه ای کوانتوم ساده»,در صد کلمهٔ نخست، موضوع (کلیدواژه) روشن شود
2092,feynman-quantum-explainer,https://qpedia.ir/feynman-quantum-explainer/,publish,C11,low,محتوا,بدون بخش جمع‌بندی,تیترها,,پایان‌بندی انسانی و روشن داشته باشید
2092,feynman-quantum-explainer,https://qpedia.ir/feynman-quantum-explainer/,publish,C12,low,محتوا,بدون پوشش سوءبرداشت رایج,بدنه,,مطابق استاندارد Qpedia، سوءبرداشت‌های رایج اصلاح شود
2092,feynman-quantum-explainer,https://qpedia.ir/feynman-quantum-explainer/,publish,X04,low,فنی,رمزِ شِمای Rank Math ثبت نشده,rank_math_schema_*,,قالب شِمای Article خودکار چاپ می‌کند ولی ثبت شمای Rank Math کامل‌تر است
2092,feynman-quantum-explainer,https://qpedia.ir/feynman-quantum-explainer/,publish,X05,med,فنی,صفحه یتیم (بدون لینک ورودی داخلی),گراف لینک داخلی,هیچ لینک ورودی از مقالات منتشرشدهٔ دیگر,از مقالات مرتبط به این صفحه لینک بدهید
2091,schrodinger-life-equation,https://qpedia.ir/schrodinger-life-equation/,publish,K02,med,کلیدواژه,کلیدواژه کانونی در عنوان نیست,post_title,kw=«شرودینگر زندگی، معادله گربه ای»,کلیدواژه را به‌طور طبیعی در عنوان بیاورید
2091,schrodinger-life-equation,https://qpedia.ir/schrodinger-life-equation/,publish,K03,low,کلیدواژه,کلیدواژه کانونی در متای توضیح نیست,meta description,kw=«شرودینگر زندگی، معادله گربه ای»,کلیدواژه را در توضیح متا بگنجانید
2091,schrodinger-life-equation,https://qpedia.ir/schrodinger-life-equation/,publish,K04,med,کلیدواژه,کلیدواژه در پاراگراف آغازین نیست,پاراگراف آغازین,kw=«شرودینگر زندگی، معادله گربه ای»,در صد کلمهٔ نخست، موضوع (کلیدواژه) روشن شود
2091,schrodinger-life-equation,https://qpedia.ir/schrodinger-life-equation/,publish,C11,low,محتوا,بدون بخش جمع‌بندی,تیترها,,پایان‌بندی انسانی و روشن داشته باشید
2091,schrodinger-life-equation,https://qpedia.ir/schrodinger-life-equation/,publish,C12,low,محتوا,بدون پوشش سوءبرداشت رایج,بدنه,,مطابق استاندارد Qpedia، سوءبرداشت‌های رایج اصلاح شود
2091,schrodinger-life-equation,https://qpedia.ir/schrodinger-life-equation/,publish,X04,low,فنی,رمزِ شِمای Rank Math ثبت نشده,rank_math_schema_*,,قالب شِمای Article خودکار چاپ می‌کند ولی ثبت شمای Rank Math کامل‌تر است
2091,schrodinger-life-equation,https://qpedia.ir/schrodinger-life-equation/,publish,X05,med,فنی,صفحه یتیم (بدون لینک ورودی داخلی),گراف لینک داخلی,هیچ لینک ورودی از مقالات منتشرشدهٔ دیگر,از مقالات مرتبط به این صفحه لینک بدهید
3371,wimp,https://qpedia.ir/wimp/,publish,C01,high,محتوا,محتوای بسیار نازک,بدنه,377 کلمه,گوگل محتوای «کامل و جامع» می‌خواهد؛ صفحه محتوای کافی ندارد
3371,wimp,https://qpedia.ir/wimp/,publish,C12,low,محتوا,بدون پوشش سوءبرداشت رایج,بدنه,,مطابق استاندارد Qpedia، سوءبرداشت‌های رایج اصلاح شود
3371,wimp,https://qpedia.ir/wimp/,publish,L02,high,پیوند,لینک داخلی شکسته (۴۰۴),لینک #1,«ماده تاریک» → https://qpedia.ir/dark-matter/,مقصد لینک در سایت وجود ندارد؛ اصلاح یا حذف شود
3371,wimp,https://qpedia.ir/wimp/,publish,L01,med,پیوند,لینک داخلی کمتر از ۳,بدنه,2 لینک داخلی یکتا,حداقل ۳ لینک داخلی مرتبط با انکرتکست طبیعی بدهید
3371,wimp,https://qpedia.ir/wimp/,publish,X05,med,فنی,صفحه یتیم (بدون لینک ورودی داخلی),گراف لینک داخلی,هیچ لینک ورودی از مقالات منتشرشدهٔ دیگر,از مقالات مرتبط به این صفحه لینک بدهید
3334,slow-light,https://qpedia.ir/slow-light/,publish,C01,high,محتوا,محتوای بسیار نازک,بدنه,398 کلمه,گوگل محتوای «کامل و جامع» می‌خواهد؛ صفحه محتوای کافی ندارد
3334,slow-light,https://qpedia.ir/slow-light/,publish,C12,low,محتوا,بدون پوشش سوءبرداشت رایج,بدنه,,مطابق استاندارد Qpedia، سوءبرداشت‌های رایج اصلاح شود
3334,slow-light,https://qpedia.ir/slow-light/,publish,L02,high,پیوند,لینک داخلی شکسته (۴۰۴),لینک #3,«واهمدوسی» → https://qpedia.ir/quantum-decoherence/,مقصد لینک در سایت وجود ندارد؛ اصلاح یا حذف شود
3334,slow-light,https://qpedia.ir/slow-light/,publish,L01,med,پیوند,لینک داخلی کمتر از ۳,بدنه,2 لینک داخلی یکتا,حداقل ۳ لینک داخلی مرتبط با انکرتکست طبیعی بدهید
3334,slow-light,https://qpedia.ir/slow-light/,publish,X05,med,فنی,صفحه یتیم (بدون لینک ورودی داخلی),گراف لینک داخلی,هیچ لینک ورودی از مقالات منتشرشدهٔ دیگر,از مقالات مرتبط به این صفحه لینک بدهید
3338,quantum-secure-direct-communication,https://qpedia.ir/quantum-secure-direct-communication/,publish,C01,high,محتوا,محتوای بسیار نازک,بدنه,392 کلمه,گوگل محتوای «کامل و جامع» می‌خواهد؛ صفحه محتوای کافی ندارد
3338,quantum-secure-direct-communication,https://qpedia.ir/quantum-secure-direct-communication/,publish,C12,low,محتوا,بدون پوشش سوءبرداشت رایج,بدنه,,مطابق استاندارد Qpedia، سوءبرداشت‌های رایج اصلاح شود
3338,quantum-secure-direct-communication,https://qpedia.ir/quantum-secure-direct-communication/,publish,L02,high,پیوند,لینک داخلی شکسته (۴۰۴),لینک #1,«توزیع کلید کوانتومی» → https://qpedia.ir/quantum-key-distribution/,مقصد لینک در سایت وجود ندارد؛ اصلاح یا حذف شود
3338,quantum-secure-direct-communication,https://qpedia.ir/quantum-secure-direct-communication/,publish,L01,med,پیوند,لینک داخلی کمتر از ۳,بدنه,2 لینک داخلی یکتا,حداقل ۳ لینک داخلی مرتبط با انکرتکست طبیعی بدهید
3338,quantum-secure-direct-communication,https://qpedia.ir/quantum-secure-direct-communication/,publish,X05,med,فنی,صفحه یتیم (بدون لینک ورودی داخلی),گراف لینک داخلی,هیچ لینک ورودی از مقالات منتشرشدهٔ دیگر,از مقالات مرتبط به این صفحه لینک بدهید
3350,quantum-dimer,https://qpedia.ir/quantum-dimer/,publish,C01,high,محتوا,محتوای بسیار نازک,بدنه,376 کلمه,گوگل محتوای «کامل و جامع» می‌خواهد؛ صفحه محتوای کافی ندارد
3350,quantum-dimer,https://qpedia.ir/quantum-dimer/,publish,C12,low,محتوا,بدون پوشش سوءبرداشت رایج,بدنه,,مطابق استاندارد Qpedia، سوءبرداشت‌های رایج اصلاح شود
3350,quantum-dimer,https://qpedia.ir/quantum-dimer/,publish,L02,high,پیوند,لینک داخلی شکسته (۴۰۴),لینک #2,«درهم‌تنیدگی» → https://qpedia.ir/quantum-entanglement/ | نزدیک‌ترین مقصد فعال: https://qpedia.ir/.../quantum-entanglement-explained/,مقصد لینک در سایت وجود ندارد؛ اصلاح یا حذف شود
3350,quantum-dimer,https://qpedia.ir/quantum-dimer/,publish,L01,med,پیوند,لینک داخلی کمتر از ۳,بدنه,2 لینک داخلی یکتا,حداقل ۳ لینک داخلی مرتبط با انکرتکست طبیعی بدهید
3350,quantum-dimer,https://qpedia.ir/quantum-dimer/,publish,X05,med,فنی,صفحه یتیم (بدون لینک ورودی داخلی),گراف لینک داخلی,هیچ لینک ورودی از مقالات منتشرشدهٔ دیگر,از مقالات مرتبط به این صفحه لینک بدهید
2761,transactional-interpretation,https://qpedia.ir/transactional-interpretation/,publish,K03,low,کلیدواژه,کلیدواژه کانونی در متای توضیح نیست,meta description,kw=«تفسیر تراکنشی»,کلیدواژه را در توضیح متا بگنجانید
2761,transactional-interpretation,https://qpedia.ir/transactional-interpretation/,publish,C03,med,محتوا,ساختار تیتر ضعیف,ساختار تیتر,فقط 0 تیتر H2,حداقل ۳ تیتر H2 معنادار بگذارید تا فهرست‌مطالب و اسکن‌پذیری ساخته شود
2761,transactional-interpretation,https://qpedia.ir/transactional-interpretation/,publish,C09,low,محتوا,بخش پرسش‌های متداول ندارد,تیترها,,افزودن FAQ ساخت‌یافته به پوشش نیت جستجو کمک می‌کند
2761,transactional-interpretation,https://qpedia.ir/transactional-interpretation/,publish,C11,low,محتوا,بدون بخش جمع‌بندی,تیترها,,پایان‌بندی انسانی و روشن داشته باشید
2761,transactional-interpretation,https://qpedia.ir/transactional-interpretation/,publish,C12,low,محتوا,بدون پوشش سوءبرداشت رایج,بدنه,,مطابق استاندارد Qpedia، سوءبرداشت‌های رایج اصلاح شود
2761,transactional-interpretation,https://qpedia.ir/transactional-interpretation/,publish,L01,med,پیوند,لینک داخلی کمتر از ۳,بدنه,0 لینک داخلی یکتا,حداقل ۳ لینک داخلی مرتبط با انکرتکست طبیعی بدهید
2761,transactional-interpretation,https://qpedia.ir/transactional-interpretation/,publish,X04,low,فنی,رمزِ شِمای Rank Math ثبت نشده,rank_math_schema_*,,قالب شِمای Article خودکار چاپ می‌کند ولی ثبت شمای Rank Math کامل‌تر است
2524,quantum-century-2025,https://qpedia.ir/quantum-century-2025/,publish,K02,med,کلیدواژه,کلیدواژه کانونی در عنوان نیست,post_title,kw=«صد سالگی کوانتوم جزیرهٔ هلگولاند»,کلیدواژه را به‌طور طبیعی در عنوان بیاورید
2524,quantum-century-2025,https://qpedia.ir/quantum-century-2025/,publish,K03,low,کلیدواژه,کلیدواژه کانونی در متای توضیح نیست,meta description,kw=«صد سالگی کوانتوم جزیرهٔ هلگولاند»,کلیدواژه را در توضیح متا بگنجانید
2524,quantum-century-2025,https://qpedia.ir/quantum-century-2025/,publish,K04,med,کلیدواژه,کلیدواژه در پاراگراف آغازین نیست,پاراگراف آغازین,kw=«صد سالگی کوانتوم جزیرهٔ هلگولاند»,در صد کلمهٔ نخست، موضوع (کلیدواژه) روشن شود
2524,quantum-century-2025,https://qpedia.ir/quantum-century-2025/,publish,C11,low,محتوا,بدون بخش جمع‌بندی,تیترها,,پایان‌بندی انسانی و روشن داشته باشید
2524,quantum-century-2025,https://qpedia.ir/quantum-century-2025/,publish,C12,low,محتوا,بدون پوشش سوءبرداشت رایج,بدنه,,مطابق استاندارد Qpedia، سوءبرداشت‌های رایج اصلاح شود
2524,quantum-century-2025,https://qpedia.ir/quantum-century-2025/,publish,L02,high,پیوند,لینک داخلی شکسته (۴۰۴),لینک #4,«پلانک و تابش جسم سیاه» → https://qpedia.ir/max-planck-blackbody/,مقصد لینک در سایت وجود ندارد؛ اصلاح یا حذف شود
2524,quantum-century-2025,https://qpedia.ir/quantum-century-2025/,publish,X04,low,فنی,رمزِ شِمای Rank Math ثبت نشده,rank_math_schema_*,,قالب شِمای Article خودکار چاپ می‌کند ولی ثبت شمای Rank Math کامل‌تر است
2755,measurement-based-quantum-computing,https://qpedia.ir/measurement-based-quantum-computing/,publish,K02,med,کلیدواژه,کلیدواژه کانونی در عنوان نیست,post_title,kw=«محاسبه اندازه گیری کامپیوتر یک»,کلیدواژه را به‌طور طبیعی در عنوان بیاورید
2755,measurement-based-quantum-computing,https://qpedia.ir/measurement-based-quantum-computing/,publish,K03,low,کلیدواژه,کلیدواژه کانونی در متای توضیح نیست,meta description,kw=«محاسبه اندازه گیری کامپیوتر یک»,کلیدواژه را در توضیح متا بگنجانید
2755,measurement-based-quantum-computing,https://qpedia.ir/measurement-based-quantum-computing/,publish,K04,med,کلیدواژه,کلیدواژه در پاراگراف آغازین نیست,پاراگراف آغازین,kw=«محاسبه اندازه گیری کامپیوتر یک»,در صد کلمهٔ نخست، موضوع (کلیدواژه) روشن شود
2755,measurement-based-quantum-computing,https://qpedia.ir/measurement-based-quantum-computing/,publish,C11,low,محتوا,بدون بخش جمع‌بندی,تیترها,,پایان‌بندی انسانی و روشن داشته باشید
2755,measurement-based-quantum-computing,https://qpedia.ir/measurement-based-quantum-computing/,publish,C12,low,محتوا,بدون پوشش سوءبرداشت رایج,بدنه,,مطابق استاندارد Qpedia، سوءبرداشت‌های رایج اصلاح شود
2755,measurement-based-quantum-computing,https://qpedia.ir/measurement-based-quantum-computing/,publish,X04,low,فنی,رمزِ شِمای Rank Math ثبت نشده,rank_math_schema_*,,قالب شِمای Article خودکار چاپ می‌کند ولی ثبت شمای Rank Math کامل‌تر است
2755,measurement-based-quantum-computing,https://qpedia.ir/measurement-based-quantum-computing/,publish,X05,med,فنی,صفحه یتیم (بدون لینک ورودی داخلی),گراف لینک داخلی,هیچ لینک ورودی از مقالات منتشرشدهٔ دیگر,از مقالات مرتبط به این صفحه لینک بدهید
2756,hhl-algorithm,https://qpedia.ir/hhl-algorithm/,publish,K02,med,کلیدواژه,کلیدواژه کانونی در عنوان نیست,post_title,kw=«الگوریتم HHL حل معادله قید»,کلیدواژه را به‌طور طبیعی در عنوان بیاورید
2756,hhl-algorithm,https://qpedia.ir/hhl-algorithm/,publish,K03,low,کلیدواژه,کلیدواژه کانونی در متای توضیح نیست,meta description,kw=«الگوریتم HHL حل معادله قید»,کلیدواژه را در توضیح متا بگنجانید
2756,hhl-algorithm,https://qpedia.ir/hhl-algorithm/,publish,K04,med,کلیدواژه,کلیدواژه در پاراگراف آغازین نیست,پاراگراف آغازین,kw=«الگوریتم HHL حل معادله قید»,در صد کلمهٔ نخست، موضوع (کلیدواژه) روشن شود
2756,hhl-algorithm,https://qpedia.ir/hhl-algorithm/,publish,C11,low,محتوا,بدون بخش جمع‌بندی,تیترها,,پایان‌بندی انسانی و روشن داشته باشید
2756,hhl-algorithm,https://qpedia.ir/hhl-algorithm/,publish,C12,low,محتوا,بدون پوشش سوءبرداشت رایج,بدنه,,مطابق استاندارد Qpedia، سوءبرداشت‌های رایج اصلاح شود
2756,hhl-algorithm,https://qpedia.ir/hhl-algorithm/,publish,X04,low,فنی,رمزِ شِمای Rank Math ثبت نشده,rank_math_schema_*,,قالب شِمای Article خودکار چاپ می‌کند ولی ثبت شمای Rank Math کامل‌تر است
2756,hhl-algorithm,https://qpedia.ir/hhl-algorithm/,publish,X05,med,فنی,صفحه یتیم (بدون لینک ورودی داخلی),گراف لینک داخلی,هیچ لینک ورودی از مقالات منتشرشدهٔ دیگر,از مقالات مرتبط به این صفحه لینک بدهید
2760,continuous-variable-teleportation,https://qpedia.ir/continuous-variable-teleportation/,publish,K02,med,کلیدواژه,کلیدواژه کانونی در عنوان نیست,post_title,kw=«تله پورت پیوسته موج نور»,کلیدواژه را به‌طور طبیعی در عنوان بیاورید
2760,continuous-variable-teleportation,https://qpedia.ir/continuous-variable-teleportation/,publish,K03,low,کلیدواژه,کلیدواژه کانونی در متای توضیح نیست,meta description,kw=«تله پورت پیوسته موج نور»,کلیدواژه را در توضیح متا بگنجانید
2760,continuous-variable-teleportation,https://qpedia.ir/continuous-variable-teleportation/,publish,K04,med,کلیدواژه,کلیدواژه در پاراگراف آغازین نیست,پاراگراف آغازین,kw=«تله پورت پیوسته موج نور»,در صد کلمهٔ نخست، موضوع (کلیدواژه) روشن شود
2760,continuous-variable-teleportation,https://qpedia.ir/continuous-variable-teleportation/,publish,C11,low,محتوا,بدون بخش جمع‌بندی,تیترها,,پایان‌بندی انسانی و روشن داشته باشید
2760,continuous-variable-teleportation,https://qpedia.ir/continuous-variable-teleportation/,publish,C12,low,محتوا,بدون پوشش سوءبرداشت رایج,بدنه,,مطابق استاندارد Qpedia، سوءبرداشت‌های رایج اصلاح شود
2760,continuous-variable-teleportation,https://qpedia.ir/continuous-variable-teleportation/,publish,X04,low,فنی,رمزِ شِمای Rank Math ثبت نشده,rank_math_schema_*,,قالب شِمای Article خودکار چاپ می‌کند ولی ثبت شمای Rank Math کامل‌تر است
2760,continuous-variable-teleportation,https://qpedia.ir/continuous-variable-teleportation/,publish,X05,med,فنی,صفحه یتیم (بدون لینک ورودی داخلی),گراف لینک داخلی,هیچ لینک ورودی از مقالات منتشرشدهٔ دیگر,از مقالات مرتبط به این صفحه لینک بدهید
2762,qbism,https://qpedia.ir/qbism/,publish,K02,med,کلیدواژه,کلیدواژه کانونی در عنوان نیست,post_title,kw=«کیوبیسم احتمال مال شماست نه»,کلیدواژه را به‌طور طبیعی در عنوان بیاورید
2762,qbism,https://qpedia.ir/qbism/,publish,K03,low,کلیدواژه,کلیدواژه کانونی در متای توضیح نیست,meta description,kw=«کیوبیسم احتمال مال شماست نه»,کلیدواژه را در توضیح متا بگنجانید
2762,qbism,https://qpedia.ir/qbism/,publish,K04,med,کلیدواژه,کلیدواژه در پاراگراف آغازین نیست,پاراگراف آغازین,kw=«کیوبیسم احتمال مال شماست نه»,در صد کلمهٔ نخست، موضوع (کلیدواژه) روشن شود
2762,qbism,https://qpedia.ir/qbism/,publish,C11,low,محتوا,بدون بخش جمع‌بندی,تیترها,,پایان‌بندی انسانی و روشن داشته باشید
2762,qbism,https://qpedia.ir/qbism/,publish,C12,low,محتوا,بدون پوشش سوءبرداشت رایج,بدنه,,مطابق استاندارد Qpedia، سوءبرداشت‌های رایج اصلاح شود
2762,qbism,https://qpedia.ir/qbism/,publish,X04,low,فنی,رمزِ شِمای Rank Math ثبت نشده,rank_math_schema_*,,قالب شِمای Article خودکار چاپ می‌کند ولی ثبت شمای Rank Math کامل‌تر است
2762,qbism,https://qpedia.ir/qbism/,publish,X05,med,فنی,صفحه یتیم (بدون لینک ورودی داخلی),گراف لینک داخلی,هیچ لینک ورودی از مقالات منتشرشدهٔ دیگر,از مقالات مرتبط به این صفحه لینک بدهید
2763,objective-collapse,https://qpedia.ir/objective-collapse/,publish,K02,med,کلیدواژه,کلیدواژه کانونی در عنوان نیست,post_title,kw=«فروپاشی عینی گربه بدون ناظر»,کلیدواژه را به‌طور طبیعی در عنوان بیاورید
2763,objective-collapse,https://qpedia.ir/objective-collapse/,publish,K03,low,کلیدواژه,کلیدواژه کانونی در متای توضیح نیست,meta description,kw=«فروپاشی عینی گربه بدون ناظر»,کلیدواژه را در توضیح متا بگنجانید
2763,objective-collapse,https://qpedia.ir/objective-collapse/,publish,K04,med,کلیدواژه,کلیدواژه در پاراگراف آغازین نیست,پاراگراف آغازین,kw=«فروپاشی عینی گربه بدون ناظر»,در صد کلمهٔ نخست، موضوع (کلیدواژه) روشن شود
2763,objective-collapse,https://qpedia.ir/objective-collapse/,publish,C11,low,محتوا,بدون بخش جمع‌بندی,تیترها,,پایان‌بندی انسانی و روشن داشته باشید
2763,objective-collapse,https://qpedia.ir/objective-collapse/,publish,C12,low,محتوا,بدون پوشش سوءبرداشت رایج,بدنه,,مطابق استاندارد Qpedia، سوءبرداشت‌های رایج اصلاح شود
2763,objective-collapse,https://qpedia.ir/objective-collapse/,publish,X04,low,فنی,رمزِ شِمای Rank Math ثبت نشده,rank_math_schema_*,,قالب شِمای Article خودکار چاپ می‌کند ولی ثبت شمای Rank Math کامل‌تر است
2763,objective-collapse,https://qpedia.ir/objective-collapse/,publish,X05,med,فنی,صفحه یتیم (بدون لینک ورودی داخلی),گراف لینک داخلی,هیچ لینک ورودی از مقالات منتشرشدهٔ دیگر,از مقالات مرتبط به این صفحه لینک بدهید
3362,quantum-pigeonhole,https://qpedia.ir/quantum-pigeonhole/,publish,T02,med,عنوان و متا,عنوان خیلی بلند,post_title,81 نویسه: «اصل لانه‌کبوتری کوانتومی؛ آیا سه ذره می‌توانند بدون هم‌خانه‌شدن در دو جعبه باشند؟…»,عنوان را به حدود ۶۰ نویسه کاهش دهید؛ گوگل تیترهای بلند را می‌بُرد یا بازنویسی می‌کند
3362,quantum-pigeonhole,https://qpedia.ir/quantum-pigeonhole/,publish,K03,low,کلیدواژه,کلیدواژه کانونی در متای توضیح نیست,meta description,kw=«اصل لانه‌کبوتری کوانتومی»,کلیدواژه را در توضیح متا بگنجانید
3362,quantum-pigeonhole,https://qpedia.ir/quantum-pigeonhole/,publish,K04,med,کلیدواژه,کلیدواژه در پاراگراف آغازین نیست,پاراگراف آغازین,kw=«اصل لانه‌کبوتری کوانتومی»,در صد کلمهٔ نخست، موضوع (کلیدواژه) روشن شود
3362,quantum-pigeonhole,https://qpedia.ir/quantum-pigeonhole/,publish,C01,high,محتوا,محتوای بسیار نازک,بدنه,392 کلمه,گوگل محتوای «کامل و جامع» می‌خواهد؛ صفحه محتوای کافی ندارد
3362,quantum-pigeonhole,https://qpedia.ir/quantum-pigeonhole/,publish,C12,low,محتوا,بدون پوشش سوءبرداشت رایج,بدنه,,مطابق استاندارد Qpedia، سوءبرداشت‌های رایج اصلاح شود
3362,quantum-pigeonhole,https://qpedia.ir/quantum-pigeonhole/,publish,X05,med,فنی,صفحه یتیم (بدون لینک ورودی داخلی),گراف لینک داخلی,هیچ لینک ورودی از مقالات منتشرشدهٔ دیگر,از مقالات مرتبط به این صفحه لینک بدهید
561,quantum-interpretation-debate,https://qpedia.ir/quantum-interpretation-debate/,publish,K03,low,کلیدواژه,کلیدواژه کانونی در متای توضیح نیست,meta description,kw=«فیزیک دانان بر سر معنای»,کلیدواژه را در توضیح متا بگنجانید
561,quantum-interpretation-debate,https://qpedia.ir/quantum-interpretation-debate/,publish,K04,med,کلیدواژه,کلیدواژه در پاراگراف آغازین نیست,پاراگراف آغازین,kw=«فیزیک دانان بر سر معنای»,در صد کلمهٔ نخست، موضوع (کلیدواژه) روشن شود
561,quantum-interpretation-debate,https://qpedia.ir/quantum-interpretation-debate/,publish,C08,med,محتوا,ارجاع خارجی کمتر از ۳,بدنه,فقط 0 لینک خارجی یکتا,حداقل ۳ لینک معتبر خارجی (DOI/دانشگاه/مرجع علمی) بدهید
561,quantum-interpretation-debate,https://qpedia.ir/quantum-interpretation-debate/,publish,C11,low,محتوا,بدون بخش جمع‌بندی,تیترها,,پایان‌بندی انسانی و روشن داشته باشید
561,quantum-interpretation-debate,https://qpedia.ir/quantum-interpretation-debate/,publish,C12,low,محتوا,بدون پوشش سوءبرداشت رایج,بدنه,,مطابق استاندارد Qpedia، سوءبرداشت‌های رایج اصلاح شود
561,quantum-interpretation-debate,https://qpedia.ir/quantum-interpretation-debate/,publish,X04,low,فنی,رمزِ شِمای Rank Math ثبت نشده,rank_math_schema_*,,قالب شِمای Article خودکار چاپ می‌کند ولی ثبت شمای Rank Math کامل‌تر است
297,double-slit-experiment,https://qpedia.ir/double-slit-experiment/,publish,T02,med,عنوان و متا,عنوان خیلی بلند,post_title,69 نویسه: «آزمایش دو شکاف؛ معروف‌ترین آزمایش فیزیک، که هنوز هم درک کاملش سخت است…»,عنوان را به حدود ۶۰ نویسه کاهش دهید؛ گوگل تیترهای بلند را می‌بُرد یا بازنویسی می‌کند
297,double-slit-experiment,https://qpedia.ir/double-slit-experiment/,publish,K02,med,کلیدواژه,کلیدواژه کانونی در عنوان نیست,post_title,kw=«آزمایش دو شکاف معروف ترین»,کلیدواژه را به‌طور طبیعی در عنوان بیاورید
297,double-slit-experiment,https://qpedia.ir/double-slit-experiment/,publish,K03,low,کلیدواژه,کلیدواژه کانونی در متای توضیح نیست,meta description,kw=«آزمایش دو شکاف معروف ترین»,کلیدواژه را در توضیح متا بگنجانید
297,double-slit-experiment,https://qpedia.ir/double-slit-experiment/,publish,K04,med,کلیدواژه,کلیدواژه در پاراگراف آغازین نیست,پاراگراف آغازین,kw=«آزمایش دو شکاف معروف ترین»,در صد کلمهٔ نخست، موضوع (کلیدواژه) روشن شود
297,double-slit-experiment,https://qpedia.ir/double-slit-experiment/,publish,C08,med,محتوا,ارجاع خارجی کمتر از ۳,بدنه,فقط 0 لینک خارجی یکتا,حداقل ۳ لینک معتبر خارجی (DOI/دانشگاه/مرجع علمی) بدهید
297,double-slit-experiment,https://qpedia.ir/double-slit-experiment/,publish,C09,low,محتوا,بخش پرسش‌های متداول ندارد,تیترها,,افزودن FAQ ساخت‌یافته به پوشش نیت جستجو کمک می‌کند
297,double-slit-experiment,https://qpedia.ir/double-slit-experiment/,publish,X04,low,فنی,رمزِ شِمای Rank Math ثبت نشده,rank_math_schema_*,,قالب شِمای Article خودکار چاپ می‌کند ولی ثبت شمای Rank Math کامل‌تر است
298,quantum-entanglement-explained,https://qpedia.ir/quantum-entanglement-explained/,publish,T02,med,عنوان و متا,عنوان خیلی بلند,post_title,68 نویسه: «درهم‌تنیدگی کوانتومی؛ «اثر شبح‌وار» که واقعی است، اما پیام نمی‌فرستد…»,عنوان را به حدود ۶۰ نویسه کاهش دهید؛ گوگل تیترهای بلند را می‌بُرد یا بازنویسی می‌کند
298,quantum-entanglement-explained,https://qpedia.ir/quantum-entanglement-explained/,publish,K02,med,کلیدواژه,کلیدواژه کانونی در عنوان نیست,post_title,kw=«درهم تنیدگی کوانتومی اثر شبح»,کلیدواژه را به‌طور طبیعی در عنوان بیاورید
298,quantum-entanglement-explained,https://qpedia.ir/quantum-entanglement-explained/,publish,K03,low,کلیدواژه,کلیدواژه کانونی در متای توضیح نیست,meta description,kw=«درهم تنیدگی کوانتومی اثر شبح»,کلیدواژه را در توضیح متا بگنجانید
298,quantum-entanglement-explained,https://qpedia.ir/quantum-entanglement-explained/,publish,K04,med,کلیدواژه,کلیدواژه در پاراگراف آغازین نیست,پاراگراف آغازین,kw=«درهم تنیدگی کوانتومی اثر شبح»,در صد کلمهٔ نخست، موضوع (کلیدواژه) روشن شود
298,quantum-entanglement-explained,https://qpedia.ir/quantum-entanglement-explained/,publish,C08,med,محتوا,ارجاع خارجی کمتر از ۳,بدنه,فقط 0 لینک خارجی یکتا,حداقل ۳ لینک معتبر خارجی (DOI/دانشگاه/مرجع علمی) بدهید
298,quantum-entanglement-explained,https://qpedia.ir/quantum-entanglement-explained/,publish,C09,low,محتوا,بخش پرسش‌های متداول ندارد,تیترها,,افزودن FAQ ساخت‌یافته به پوشش نیت جستجو کمک می‌کند
298,quantum-entanglement-explained,https://qpedia.ir/quantum-entanglement-explained/,publish,X04,low,فنی,رمزِ شِمای Rank Math ثبت نشده,rank_math_schema_*,,قالب شِمای Article خودکار چاپ می‌کند ولی ثبت شمای Rank Math کامل‌تر است
2086,quantum-fivefold-mental-map,https://qpedia.ir/quantum-fivefold-mental-map/,publish,K02,med,کلیدواژه,کلیدواژه کانونی در عنوان نیست,post_title,kw=«نقشهٔ ذهنی پنج گانه فهم»,کلیدواژه را به‌طور طبیعی در عنوان بیاورید
2086,quantum-fivefold-mental-map,https://qpedia.ir/quantum-fivefold-mental-map/,publish,K03,low,کلیدواژه,کلیدواژه کانونی در متای توضیح نیست,meta description,kw=«نقشهٔ ذهنی پنج گانه فهم»,کلیدواژه را در توضیح متا بگنجانید
2086,quantum-fivefold-mental-map,https://qpedia.ir/quantum-fivefold-mental-map/,publish,K04,med,کلیدواژه,کلیدواژه در پاراگراف آغازین نیست,پاراگراف آغازین,kw=«نقشهٔ ذهنی پنج گانه فهم»,در صد کلمهٔ نخست، موضوع (کلیدواژه) روشن شود
2086,quantum-fivefold-mental-map,https://qpedia.ir/quantum-fivefold-mental-map/,publish,C11,low,محتوا,بدون بخش جمع‌بندی,تیترها,,پایان‌بندی انسانی و روشن داشته باشید
2086,quantum-fivefold-mental-map,https://qpedia.ir/quantum-fivefold-mental-map/,publish,C12,low,محتوا,بدون پوشش سوءبرداشت رایج,بدنه,,مطابق استاندارد Qpedia، سوءبرداشت‌های رایج اصلاح شود
2086,quantum-fivefold-mental-map,https://qpedia.ir/quantum-fivefold-mental-map/,publish,X04,low,فنی,رمزِ شِمای Rank Math ثبت نشده,rank_math_schema_*,,قالب شِمای Article خودکار چاپ می‌کند ولی ثبت شمای Rank Math کامل‌تر است
2086,quantum-fivefold-mental-map,https://qpedia.ir/quantum-fivefold-mental-map/,publish,X05,med,فنی,صفحه یتیم (بدون لینک ورودی داخلی),گراف لینک داخلی,هیچ لینک ورودی از مقالات منتشرشدهٔ دیگر,از مقالات مرتبط به این صفحه لینک بدهید
509,pauli-exclusion-principle,https://qpedia.ir/pauli-exclusion-principle/,publish,K02,med,کلیدواژه,کلیدواژه کانونی در عنوان نیست,post_title,kw=«اصل طرد پاولی دقیقاً می»,کلیدواژه را به‌طور طبیعی در عنوان بیاورید
509,pauli-exclusion-principle,https://qpedia.ir/pauli-exclusion-principle/,publish,K03,low,کلیدواژه,کلیدواژه کانونی در متای توضیح نیست,meta description,kw=«اصل طرد پاولی دقیقاً می»,کلیدواژه را در توضیح متا بگنجانید
509,pauli-exclusion-principle,https://qpedia.ir/pauli-exclusion-principle/,publish,K04,med,کلیدواژه,کلیدواژه در پاراگراف آغازین نیست,پاراگراف آغازین,kw=«اصل طرد پاولی دقیقاً می»,در صد کلمهٔ نخست، موضوع (کلیدواژه) روشن شود
509,pauli-exclusion-principle,https://qpedia.ir/pauli-exclusion-principle/,publish,C09,low,محتوا,بخش پرسش‌های متداول ندارد,تیترها,,افزودن FAQ ساخت‌یافته به پوشش نیت جستجو کمک می‌کند
509,pauli-exclusion-principle,https://qpedia.ir/pauli-exclusion-principle/,publish,C12,low,محتوا,بدون پوشش سوءبرداشت رایج,بدنه,,مطابق استاندارد Qpedia، سوءبرداشت‌های رایج اصلاح شود
509,pauli-exclusion-principle,https://qpedia.ir/pauli-exclusion-principle/,publish,L01,med,پیوند,لینک داخلی کمتر از ۳,بدنه,2 لینک داخلی یکتا,حداقل ۳ لینک داخلی مرتبط با انکرتکست طبیعی بدهید
509,pauli-exclusion-principle,https://qpedia.ir/pauli-exclusion-principle/,publish,X04,low,فنی,رمزِ شِمای Rank Math ثبت نشده,rank_math_schema_*,,قالب شِمای Article خودکار چاپ می‌کند ولی ثبت شمای Rank Math کامل‌تر است
2489,attosecond-nobel-2023,https://qpedia.ir/attosecond-nobel-2023/,publish,K02,med,کلیدواژه,کلیدواژه کانونی در عنوان نیست,post_title,kw=«نوبل فیزیک ۲۰۲۳ عکاسی حرکت»,کلیدواژه را به‌طور طبیعی در عنوان بیاورید
2489,attosecond-nobel-2023,https://qpedia.ir/attosecond-nobel-2023/,publish,K03,low,کلیدواژه,کلیدواژه کانونی در متای توضیح نیست,meta description,kw=«نوبل فیزیک ۲۰۲۳ عکاسی حرکت»,کلیدواژه را در توضیح متا بگنجانید
2489,attosecond-nobel-2023,https://qpedia.ir/attosecond-nobel-2023/,publish,K04,med,کلیدواژه,کلیدواژه در پاراگراف آغازین نیست,پاراگراف آغازین,kw=«نوبل فیزیک ۲۰۲۳ عکاسی حرکت»,در صد کلمهٔ نخست، موضوع (کلیدواژه) روشن شود
2489,attosecond-nobel-2023,https://qpedia.ir/attosecond-nobel-2023/,publish,C11,low,محتوا,بدون بخش جمع‌بندی,تیترها,,پایان‌بندی انسانی و روشن داشته باشید
2489,attosecond-nobel-2023,https://qpedia.ir/attosecond-nobel-2023/,publish,C12,low,محتوا,بدون پوشش سوءبرداشت رایج,بدنه,,مطابق استاندارد Qpedia، سوءبرداشت‌های رایج اصلاح شود
2489,attosecond-nobel-2023,https://qpedia.ir/attosecond-nobel-2023/,publish,X04,low,فنی,رمزِ شِمای Rank Math ثبت نشده,rank_math_schema_*,,قالب شِمای Article خودکار چاپ می‌کند ولی ثبت شمای Rank Math کامل‌تر است
2489,attosecond-nobel-2023,https://qpedia.ir/attosecond-nobel-2023/,publish,X05,med,فنی,صفحه یتیم (بدون لینک ورودی داخلی),گراف لینک داخلی,هیچ لینک ورودی از مقالات منتشرشدهٔ دیگر,از مقالات مرتبط به این صفحه لینک بدهید
2492,quantum-battery,https://qpedia.ir/quantum-battery/,publish,K02,med,کلیدواژه,کلیدواژه کانونی در عنوان نیست,post_title,kw=«باتری کوانتومی بزرگ تر سریع»,کلیدواژه را به‌طور طبیعی در عنوان بیاورید
2492,quantum-battery,https://qpedia.ir/quantum-battery/,publish,K03,low,کلیدواژه,کلیدواژه کانونی در متای توضیح نیست,meta description,kw=«باتری کوانتومی بزرگ تر سریع»,کلیدواژه را در توضیح متا بگنجانید
2492,quantum-battery,https://qpedia.ir/quantum-battery/,publish,K04,med,کلیدواژه,کلیدواژه در پاراگراف آغازین نیست,پاراگراف آغازین,kw=«باتری کوانتومی بزرگ تر سریع»,در صد کلمهٔ نخست، موضوع (کلیدواژه) روشن شود
2492,quantum-battery,https://qpedia.ir/quantum-battery/,publish,C11,low,محتوا,بدون بخش جمع‌بندی,تیترها,,پایان‌بندی انسانی و روشن داشته باشید
2492,quantum-battery,https://qpedia.ir/quantum-battery/,publish,C12,low,محتوا,بدون پوشش سوءبرداشت رایج,بدنه,,مطابق استاندارد Qpedia، سوءبرداشت‌های رایج اصلاح شود
2492,quantum-battery,https://qpedia.ir/quantum-battery/,publish,X04,low,فنی,رمزِ شِمای Rank Math ثبت نشده,rank_math_schema_*,,قالب شِمای Article خودکار چاپ می‌کند ولی ثبت شمای Rank Math کامل‌تر است
2492,quantum-battery,https://qpedia.ir/quantum-battery/,publish,X05,med,فنی,صفحه یتیم (بدون لینک ورودی داخلی),گراف لینک داخلی,هیچ لینک ورودی از مقالات منتشرشدهٔ دیگر,از مقالات مرتبط به این صفحه لینک بدهید
2493,quantum-fluctuations-cosmos,https://qpedia.ir/quantum-fluctuations-cosmos/,publish,K02,med,کلیدواژه,کلیدواژه کانونی در عنوان نیست,post_title,kw=«افت وخیز کوانتومی چطور کهکشان»,کلیدواژه را به‌طور طبیعی در عنوان بیاورید
2493,quantum-fluctuations-cosmos,https://qpedia.ir/quantum-fluctuations-cosmos/,publish,K03,low,کلیدواژه,کلیدواژه کانونی در متای توضیح نیست,meta description,kw=«افت وخیز کوانتومی چطور کهکشان»,کلیدواژه را در توضیح متا بگنجانید
2493,quantum-fluctuations-cosmos,https://qpedia.ir/quantum-fluctuations-cosmos/,publish,K04,med,کلیدواژه,کلیدواژه در پاراگراف آغازین نیست,پاراگراف آغازین,kw=«افت وخیز کوانتومی چطور کهکشان»,در صد کلمهٔ نخست، موضوع (کلیدواژه) روشن شود
2493,quantum-fluctuations-cosmos,https://qpedia.ir/quantum-fluctuations-cosmos/,publish,C11,low,محتوا,بدون بخش جمع‌بندی,تیترها,,پایان‌بندی انسانی و روشن داشته باشید
2493,quantum-fluctuations-cosmos,https://qpedia.ir/quantum-fluctuations-cosmos/,publish,C12,low,محتوا,بدون پوشش سوءبرداشت رایج,بدنه,,مطابق استاندارد Qpedia، سوءبرداشت‌های رایج اصلاح شود
2493,quantum-fluctuations-cosmos,https://qpedia.ir/quantum-fluctuations-cosmos/,publish,X04,low,فنی,رمزِ شِمای Rank Math ثبت نشده,rank_math_schema_*,,قالب شِمای Article خودکار چاپ می‌کند ولی ثبت شمای Rank Math کامل‌تر است
2493,quantum-fluctuations-cosmos,https://qpedia.ir/quantum-fluctuations-cosmos/,publish,X05,med,فنی,صفحه یتیم (بدون لینک ورودی داخلی),گراف لینک داخلی,هیچ لینک ورودی از مقالات منتشرشدهٔ دیگر,از مقالات مرتبط به این صفحه لینک بدهید
2536,quantum-immortality,https://qpedia.ir/quantum-immortality/,publish,K02,med,کلیدواژه,کلیدواژه کانونی در عنوان نیست,post_title,kw=«جاودانگی کوانتومی کجای استدلال می»,کلیدواژه را به‌طور طبیعی در عنوان بیاورید
2536,quantum-immortality,https://qpedia.ir/quantum-immortality/,publish,K03,low,کلیدواژه,کلیدواژه کانونی در متای توضیح نیست,meta description,kw=«جاودانگی کوانتومی کجای استدلال می»,کلیدواژه را در توضیح متا بگنجانید
2536,quantum-immortality,https://qpedia.ir/quantum-immortality/,publish,K04,med,کلیدواژه,کلیدواژه در پاراگراف آغازین نیست,پاراگراف آغازین,kw=«جاودانگی کوانتومی کجای استدلال می»,در صد کلمهٔ نخست، موضوع (کلیدواژه) روشن شود
2536,quantum-immortality,https://qpedia.ir/quantum-immortality/,publish,C11,low,محتوا,بدون بخش جمع‌بندی,تیترها,,پایان‌بندی انسانی و روشن داشته باشید
2536,quantum-immortality,https://qpedia.ir/quantum-immortality/,publish,C12,low,محتوا,بدون پوشش سوءبرداشت رایج,بدنه,,مطابق استاندارد Qpedia، سوءبرداشت‌های رایج اصلاح شود
2536,quantum-immortality,https://qpedia.ir/quantum-immortality/,publish,X04,low,فنی,رمزِ شِمای Rank Math ثبت نشده,rank_math_schema_*,,قالب شِمای Article خودکار چاپ می‌کند ولی ثبت شمای Rank Math کامل‌تر است
2536,quantum-immortality,https://qpedia.ir/quantum-immortality/,publish,X05,med,فنی,صفحه یتیم (بدون لینک ورودی داخلی),گراف لینک داخلی,هیچ لینک ورودی از مقالات منتشرشدهٔ دیگر,از مقالات مرتبط به این صفحه لینک بدهید
2234,virtual-particles,https://qpedia.ir/virtual-particles/,publish,K03,low,کلیدواژه,کلیدواژه کانونی در متای توضیح نیست,meta description,kw=«ذرات مجازی چیستند»,کلیدواژه را در توضیح متا بگنجانید
2234,virtual-particles,https://qpedia.ir/virtual-particles/,publish,K04,med,کلیدواژه,کلیدواژه در پاراگراف آغازین نیست,پاراگراف آغازین,kw=«ذرات مجازی چیستند»,در صد کلمهٔ نخست، موضوع (کلیدواژه) روشن شود
2234,virtual-particles,https://qpedia.ir/virtual-particles/,publish,C01,high,محتوا,محتوای بسیار نازک,بدنه,520 کلمه,گوگل محتوای «کامل و جامع» می‌خواهد؛ صفحه محتوای کافی ندارد
2234,virtual-particles,https://qpedia.ir/virtual-particles/,publish,C08,med,محتوا,ارجاع خارجی کمتر از ۳,بدنه,فقط 1 لینک خارجی یکتا,حداقل ۳ لینک معتبر خارجی (DOI/دانشگاه/مرجع علمی) بدهید
2234,virtual-particles,https://qpedia.ir/virtual-particles/,publish,C12,low,محتوا,بدون پوشش سوءبرداشت رایج,بدنه,,مطابق استاندارد Qpedia، سوءبرداشت‌های رایج اصلاح شود
2234,virtual-particles,https://qpedia.ir/virtual-particles/,publish,X04,low,فنی,رمزِ شِمای Rank Math ثبت نشده,rank_math_schema_*,,قالب شِمای Article خودکار چاپ می‌کند ولی ثبت شمای Rank Math کامل‌تر است
2236,solvay-conference-1927,https://qpedia.ir/solvay-conference-1927/,publish,K03,low,کلیدواژه,کلیدواژه کانونی در متای توضیح نیست,meta description,kw=«کنفرانس سولوی ۱۹۲۷»,کلیدواژه را در توضیح متا بگنجانید
2236,solvay-conference-1927,https://qpedia.ir/solvay-conference-1927/,publish,K04,med,کلیدواژه,کلیدواژه در پاراگراف آغازین نیست,پاراگراف آغازین,kw=«کنفرانس سولوی ۱۹۲۷»,در صد کلمهٔ نخست، موضوع (کلیدواژه) روشن شود
2236,solvay-conference-1927,https://qpedia.ir/solvay-conference-1927/,publish,C01,high,محتوا,محتوای بسیار نازک,بدنه,590 کلمه,گوگل محتوای «کامل و جامع» می‌خواهد؛ صفحه محتوای کافی ندارد
2236,solvay-conference-1927,https://qpedia.ir/solvay-conference-1927/,publish,C08,med,محتوا,ارجاع خارجی کمتر از ۳,بدنه,فقط 1 لینک خارجی یکتا,حداقل ۳ لینک معتبر خارجی (DOI/دانشگاه/مرجع علمی) بدهید
2236,solvay-conference-1927,https://qpedia.ir/solvay-conference-1927/,publish,C12,low,محتوا,بدون پوشش سوءبرداشت رایج,بدنه,,مطابق استاندارد Qpedia، سوءبرداشت‌های رایج اصلاح شود
2236,solvay-conference-1927,https://qpedia.ir/solvay-conference-1927/,publish,X04,low,فنی,رمزِ شِمای Rank Math ثبت نشده,rank_math_schema_*,,قالب شِمای Article خودکار چاپ می‌کند ولی ثبت شمای Rank Math کامل‌تر است
2238,stern-gerlach-experiment,https://qpedia.ir/stern-gerlach-experiment/,publish,K03,low,کلیدواژه,کلیدواژه کانونی در متای توضیح نیست,meta description,kw=«آزمایش اشترن-گرلاخ»,کلیدواژه را در توضیح متا بگنجانید
2238,stern-gerlach-experiment,https://qpedia.ir/stern-gerlach-experiment/,publish,C01,high,محتوا,محتوای بسیار نازک,بدنه,548 کلمه,گوگل محتوای «کامل و جامع» می‌خواهد؛ صفحه محتوای کافی ندارد
2238,stern-gerlach-experiment,https://qpedia.ir/stern-gerlach-experiment/,publish,C08,med,محتوا,ارجاع خارجی کمتر از ۳,بدنه,فقط 1 لینک خارجی یکتا,حداقل ۳ لینک معتبر خارجی (DOI/دانشگاه/مرجع علمی) بدهید
2238,stern-gerlach-experiment,https://qpedia.ir/stern-gerlach-experiment/,publish,C12,low,محتوا,بدون پوشش سوءبرداشت رایج,بدنه,,مطابق استاندارد Qpedia، سوءبرداشت‌های رایج اصلاح شود
2238,stern-gerlach-experiment,https://qpedia.ir/stern-gerlach-experiment/,publish,X04,low,فنی,رمزِ شِمای Rank Math ثبت نشده,rank_math_schema_*,,قالب شِمای Article خودکار چاپ می‌کند ولی ثبت شمای Rank Math کامل‌تر است
2238,stern-gerlach-experiment,https://qpedia.ir/stern-gerlach-experiment/,publish,X05,med,فنی,صفحه یتیم (بدون لینک ورودی داخلی),گراف لینک داخلی,هیچ لینک ورودی از مقالات منتشرشدهٔ دیگر,از مقالات مرتبط به این صفحه لینک بدهید
2239,aspect-experiment-1982,https://qpedia.ir/aspect-experiment-1982/,publish,K03,low,کلیدواژه,کلیدواژه کانونی در متای توضیح نیست,meta description,kw=«آزمایش آسپه ۱۹۸۲»,کلیدواژه را در توضیح متا بگنجانید
2239,aspect-experiment-1982,https://qpedia.ir/aspect-experiment-1982/,publish,K04,med,کلیدواژه,کلیدواژه در پاراگراف آغازین نیست,پاراگراف آغازین,kw=«آزمایش آسپه ۱۹۸۲»,در صد کلمهٔ نخست، موضوع (کلیدواژه) روشن شود
2239,aspect-experiment-1982,https://qpedia.ir/aspect-experiment-1982/,publish,C01,high,محتوا,محتوای بسیار نازک,بدنه,555 کلمه,گوگل محتوای «کامل و جامع» می‌خواهد؛ صفحه محتوای کافی ندارد
2239,aspect-experiment-1982,https://qpedia.ir/aspect-experiment-1982/,publish,C08,med,محتوا,ارجاع خارجی کمتر از ۳,بدنه,فقط 1 لینک خارجی یکتا,حداقل ۳ لینک معتبر خارجی (DOI/دانشگاه/مرجع علمی) بدهید
2239,aspect-experiment-1982,https://qpedia.ir/aspect-experiment-1982/,publish,C12,low,محتوا,بدون پوشش سوءبرداشت رایج,بدنه,,مطابق استاندارد Qpedia، سوءبرداشت‌های رایج اصلاح شود
2239,aspect-experiment-1982,https://qpedia.ir/aspect-experiment-1982/,publish,X04,low,فنی,رمزِ شِمای Rank Math ثبت نشده,rank_math_schema_*,,قالب شِمای Article خودکار چاپ می‌کند ولی ثبت شمای Rank Math کامل‌تر است
3369,axion,https://qpedia.ir/axion/,publish,K06,med,کلیدواژه,تراکم کلیدواژه بیش از حد,بدنه,تراکم≈3.4٪ (13 تکرار کلیدواژه «اکسیون»),تراکم را زیر ~۲.۵٪ نگه دارید (جلوگیری از Keyword Stuffing)
3369,axion,https://qpedia.ir/axion/,publish,C01,high,محتوا,محتوای بسیار نازک,بدنه,381 کلمه,گوگل محتوای «کامل و جامع» می‌خواهد؛ صفحه محتوای کافی ندارد
3369,axion,https://qpedia.ir/axion/,publish,C12,low,محتوا,بدون پوشش سوءبرداشت رایج,بدنه,,مطابق استاندارد Qpedia، سوءبرداشت‌های رایج اصلاح شود
3369,axion,https://qpedia.ir/axion/,publish,L02,high,پیوند,لینک داخلی شکسته (۴۰۴),لینک #1,«ماده تاریک» → https://qpedia.ir/dark-matter/,مقصد لینک در سایت وجود ندارد؛ اصلاح یا حذف شود
3369,axion,https://qpedia.ir/axion/,publish,L01,med,پیوند,لینک داخلی کمتر از ۳,بدنه,2 لینک داخلی یکتا,حداقل ۳ لینک داخلی مرتبط با انکرتکست طبیعی بدهید
3454,variational-quantum-eigensolver,https://qpedia.ir/variational-quantum-eigensolver/,publish,K02,med,کلیدواژه,کلیدواژه کانونی در عنوان نیست,post_title,kw=«الگوریتم VQE»,کلیدواژه را به‌طور طبیعی در عنوان بیاورید
3454,variational-quantum-eigensolver,https://qpedia.ir/variational-quantum-eigensolver/,publish,K03,low,کلیدواژه,کلیدواژه کانونی در متای توضیح نیست,meta description,kw=«الگوریتم VQE»,کلیدواژه را در توضیح متا بگنجانید
3454,variational-quantum-eigensolver,https://qpedia.ir/variational-quantum-eigensolver/,publish,K04,med,کلیدواژه,کلیدواژه در پاراگراف آغازین نیست,پاراگراف آغازین,kw=«الگوریتم VQE»,در صد کلمهٔ نخست، موضوع (کلیدواژه) روشن شود
3454,variational-quantum-eigensolver,https://qpedia.ir/variational-quantum-eigensolver/,publish,K05,low,کلیدواژه,کلیدواژه در اسلاگ نیست,post_name,slug=«variational-quantum-eigensolver» kw=«الگوریتم VQE»,اسلاگ انگلیسی کوتاه و هم‌معنا با کلیدواژه باشد
3454,variational-quantum-eigensolver,https://qpedia.ir/variational-quantum-eigensolver/,publish,C01,high,محتوا,محتوای بسیار نازک,بدنه,375 کلمه,گوگل محتوای «کامل و جامع» می‌خواهد؛ صفحه محتوای کافی ندارد
3454,variational-quantum-eigensolver,https://qpedia.ir/variational-quantum-eigensolver/,publish,C12,low,محتوا,بدون پوشش سوءبرداشت رایج,بدنه,,مطابق استاندارد Qpedia، سوءبرداشت‌های رایج اصلاح شود
3454,variational-quantum-eigensolver,https://qpedia.ir/variational-quantum-eigensolver/,publish,X05,med,فنی,صفحه یتیم (بدون لینک ورودی داخلی),گراف لینک داخلی,هیچ لینک ورودی از مقالات منتشرشدهٔ دیگر,از مقالات مرتبط به این صفحه لینک بدهید
2090,forgotten-women-quantum,https://qpedia.ir/forgotten-women-quantum/,publish,K04,med,کلیدواژه,کلیدواژه در پاراگراف آغازین نیست,پاراگراف آغازین,kw=«زنان فراموش شدهٔ فیزیک کوانتوم»,در صد کلمهٔ نخست، موضوع (کلیدواژه) روشن شود
2090,forgotten-women-quantum,https://qpedia.ir/forgotten-women-quantum/,publish,C11,low,محتوا,بدون بخش جمع‌بندی,تیترها,,پایان‌بندی انسانی و روشن داشته باشید
2090,forgotten-women-quantum,https://qpedia.ir/forgotten-women-quantum/,publish,C12,low,محتوا,بدون پوشش سوءبرداشت رایج,بدنه,,مطابق استاندارد Qpedia، سوءبرداشت‌های رایج اصلاح شود
2090,forgotten-women-quantum,https://qpedia.ir/forgotten-women-quantum/,publish,L01,med,پیوند,لینک داخلی کمتر از ۳,بدنه,2 لینک داخلی یکتا,حداقل ۳ لینک داخلی مرتبط با انکرتکست طبیعی بدهید
2090,forgotten-women-quantum,https://qpedia.ir/forgotten-women-quantum/,publish,X04,low,فنی,رمزِ شِمای Rank Math ثبت نشده,rank_math_schema_*,,قالب شِمای Article خودکار چاپ می‌کند ولی ثبت شمای Rank Math کامل‌تر است
2090,forgotten-women-quantum,https://qpedia.ir/forgotten-women-quantum/,publish,X05,med,فنی,صفحه یتیم (بدون لینک ورودی داخلی),گراف لینک داخلی,هیچ لینک ورودی از مقالات منتشرشدهٔ دیگر,از مقالات مرتبط به این صفحه لینک بدهید
3377,cosmic-microwave-background,https://qpedia.ir/cosmic-microwave-background/,publish,K03,low,کلیدواژه,کلیدواژه کانونی در متای توضیح نیست,meta description,kw=«تابش زمینهٔ کیهانی»,کلیدواژه را در توضیح متا بگنجانید
3377,cosmic-microwave-background,https://qpedia.ir/cosmic-microwave-background/,publish,C01,high,محتوا,محتوای بسیار نازک,بدنه,409 کلمه,گوگل محتوای «کامل و جامع» می‌خواهد؛ صفحه محتوای کافی ندارد
3377,cosmic-microwave-background,https://qpedia.ir/cosmic-microwave-background/,publish,C12,low,محتوا,بدون پوشش سوءبرداشت رایج,بدنه,,مطابق استاندارد Qpedia، سوءبرداشت‌های رایج اصلاح شود
3377,cosmic-microwave-background,https://qpedia.ir/cosmic-microwave-background/,publish,L02,high,پیوند,لینک داخلی شکسته (۴۰۴),لینک #3,«انرژی تاریک» → https://qpedia.ir/dark-energy/,مقصد لینک در سایت وجود ندارد؛ اصلاح یا حذف شود
3377,cosmic-microwave-background,https://qpedia.ir/cosmic-microwave-background/,publish,L01,med,پیوند,لینک داخلی کمتر از ۳,بدنه,2 لینک داخلی یکتا,حداقل ۳ لینک داخلی مرتبط با انکرتکست طبیعی بدهید
3499,quantum-imaging-undetected-photons,https://qpedia.ir/quantum-imaging-undetected-photons/,publish,T02,med,عنوان و متا,عنوان خیلی بلند,post_title,73 نویسه: «تصویربرداری با فوتون‌های آشکارنشده؛ دیدن نمونه با نوری که دوربین نمی‌بیند…»,عنوان را به حدود ۶۰ نویسه کاهش دهید؛ گوگل تیترهای بلند را می‌بُرد یا بازنویسی می‌کند
3499,quantum-imaging-undetected-photons,https://qpedia.ir/quantum-imaging-undetected-photons/,publish,K04,med,کلیدواژه,کلیدواژه در پاراگراف آغازین نیست,پاراگراف آغازین,kw=«تصویربرداری با فوتون‌های آشکارنشده»,در صد کلمهٔ نخست، موضوع (کلیدواژه) روشن شود
3499,quantum-imaging-undetected-photons,https://qpedia.ir/quantum-imaging-undetected-photons/,publish,C01,high,محتوا,محتوای بسیار نازک,بدنه,571 کلمه,گوگل محتوای «کامل و جامع» می‌خواهد؛ صفحه محتوای کافی ندارد
3499,quantum-imaging-undetected-photons,https://qpedia.ir/quantum-imaging-undetected-photons/,publish,C12,low,محتوا,بدون پوشش سوءبرداشت رایج,بدنه,,مطابق استاندارد Qpedia، سوءبرداشت‌های رایج اصلاح شود
3499,quantum-imaging-undetected-photons,https://qpedia.ir/quantum-imaging-undetected-photons/,publish,X05,med,فنی,صفحه یتیم (بدون لینک ورودی داخلی),گراف لینک داخلی,هیچ لینک ورودی از مقالات منتشرشدهٔ دیگر,از مقالات مرتبط به این صفحه لینک بدهید
2748,nobel-physics-2022,https://qpedia.ir/nobel-physics-2022/,publish,K02,med,کلیدواژه,کلیدواژه کانونی در عنوان نیست,post_title,kw=«نوبل فیزیک ۲۰۲۲ درهم تنیدگی»,کلیدواژه را به‌طور طبیعی در عنوان بیاورید
2748,nobel-physics-2022,https://qpedia.ir/nobel-physics-2022/,publish,K03,low,کلیدواژه,کلیدواژه کانونی در متای توضیح نیست,meta description,kw=«نوبل فیزیک ۲۰۲۲ درهم تنیدگی»,کلیدواژه را در توضیح متا بگنجانید
2748,nobel-physics-2022,https://qpedia.ir/nobel-physics-2022/,publish,K04,med,کلیدواژه,کلیدواژه در پاراگراف آغازین نیست,پاراگراف آغازین,kw=«نوبل فیزیک ۲۰۲۲ درهم تنیدگی»,در صد کلمهٔ نخست، موضوع (کلیدواژه) روشن شود
2748,nobel-physics-2022,https://qpedia.ir/nobel-physics-2022/,publish,C11,low,محتوا,بدون بخش جمع‌بندی,تیترها,,پایان‌بندی انسانی و روشن داشته باشید
2748,nobel-physics-2022,https://qpedia.ir/nobel-physics-2022/,publish,C12,low,محتوا,بدون پوشش سوءبرداشت رایج,بدنه,,مطابق استاندارد Qpedia، سوءبرداشت‌های رایج اصلاح شود
2748,nobel-physics-2022,https://qpedia.ir/nobel-physics-2022/,publish,X04,low,فنی,رمزِ شِمای Rank Math ثبت نشده,rank_math_schema_*,,قالب شِمای Article خودکار چاپ می‌کند ولی ثبت شمای Rank Math کامل‌تر است
2748,nobel-physics-2022,https://qpedia.ir/nobel-physics-2022/,publish,X05,med,فنی,صفحه یتیم (بدون لینک ورودی داخلی),گراف لینک داخلی,هیچ لینک ورودی از مقالات منتشرشدهٔ دیگر,از مقالات مرتبط به این صفحه لینک بدهید
2764,crystal-healing-debunked,https://qpedia.ir/crystal-healing-debunked/,publish,K02,med,کلیدواژه,کلیدواژه کانونی در عنوان نیست,post_title,kw=«کریستال درمانی سنگ شفا نمی»,کلیدواژه را به‌طور طبیعی در عنوان بیاورید
2764,crystal-healing-debunked,https://qpedia.ir/crystal-healing-debunked/,publish,K03,low,کلیدواژه,کلیدواژه کانونی در متای توضیح نیست,meta description,kw=«کریستال درمانی سنگ شفا نمی»,کلیدواژه را در توضیح متا بگنجانید
2764,crystal-healing-debunked,https://qpedia.ir/crystal-healing-debunked/,publish,K04,med,کلیدواژه,کلیدواژه در پاراگراف آغازین نیست,پاراگراف آغازین,kw=«کریستال درمانی سنگ شفا نمی»,در صد کلمهٔ نخست، موضوع (کلیدواژه) روشن شود
2764,crystal-healing-debunked,https://qpedia.ir/crystal-healing-debunked/,publish,C11,low,محتوا,بدون بخش جمع‌بندی,تیترها,,پایان‌بندی انسانی و روشن داشته باشید
2764,crystal-healing-debunked,https://qpedia.ir/crystal-healing-debunked/,publish,C12,low,محتوا,بدون پوشش سوءبرداشت رایج,بدنه,,مطابق استاندارد Qpedia، سوءبرداشت‌های رایج اصلاح شود
2764,crystal-healing-debunked,https://qpedia.ir/crystal-healing-debunked/,publish,X04,low,فنی,رمزِ شِمای Rank Math ثبت نشده,rank_math_schema_*,,قالب شِمای Article خودکار چاپ می‌کند ولی ثبت شمای Rank Math کامل‌تر است
2764,crystal-healing-debunked,https://qpedia.ir/crystal-healing-debunked/,publish,X05,med,فنی,صفحه یتیم (بدون لینک ورودی داخلی),گراف لینک داخلی,هیچ لینک ورودی از مقالات منتشرشدهٔ دیگر,از مقالات مرتبط به این صفحه لینک بدهید
2765,quantum-ai-marketing-hype,https://qpedia.ir/quantum-ai-marketing-hype/,publish,K02,med,کلیدواژه,کلیدواژه کانونی در عنوان نیست,post_title,kw=«هوش مصنوعی کوانتومی بیشترش برچسب»,کلیدواژه را به‌طور طبیعی در عنوان بیاورید
2765,quantum-ai-marketing-hype,https://qpedia.ir/quantum-ai-marketing-hype/,publish,K03,low,کلیدواژه,کلیدواژه کانونی در متای توضیح نیست,meta description,kw=«هوش مصنوعی کوانتومی بیشترش برچسب»,کلیدواژه را در توضیح متا بگنجانید
2765,quantum-ai-marketing-hype,https://qpedia.ir/quantum-ai-marketing-hype/,publish,K04,med,کلیدواژه,کلیدواژه در پاراگراف آغازین نیست,پاراگراف آغازین,kw=«هوش مصنوعی کوانتومی بیشترش برچسب»,در صد کلمهٔ نخست، موضوع (کلیدواژه) روشن شود
2765,quantum-ai-marketing-hype,https://qpedia.ir/quantum-ai-marketing-hype/,publish,C11,low,محتوا,بدون بخش جمع‌بندی,تیترها,,پایان‌بندی انسانی و روشن داشته باشید
2765,quantum-ai-marketing-hype,https://qpedia.ir/quantum-ai-marketing-hype/,publish,C12,low,محتوا,بدون پوشش سوءبرداشت رایج,بدنه,,مطابق استاندارد Qpedia، سوءبرداشت‌های رایج اصلاح شود
2765,quantum-ai-marketing-hype,https://qpedia.ir/quantum-ai-marketing-hype/,publish,X04,low,فنی,رمزِ شِمای Rank Math ثبت نشده,rank_math_schema_*,,قالب شِمای Article خودکار چاپ می‌کند ولی ثبت شمای Rank Math کامل‌تر است
2765,quantum-ai-marketing-hype,https://qpedia.ir/quantum-ai-marketing-hype/,publish,X05,med,فنی,صفحه یتیم (بدون لینک ورودی داخلی),گراف لینک داخلی,هیچ لینک ورودی از مقالات منتشرشدهٔ دیگر,از مقالات مرتبط به این صفحه لینک بدهید
551,mind-quantum-reality,https://qpedia.ir/mind-quantum-reality/,publish,K03,low,کلیدواژه,کلیدواژه کانونی در متای توضیح نیست,meta description,kw=«فکر کردن می توان واقعیت»,کلیدواژه را در توضیح متا بگنجانید
551,mind-quantum-reality,https://qpedia.ir/mind-quantum-reality/,publish,K04,med,کلیدواژه,کلیدواژه در پاراگراف آغازین نیست,پاراگراف آغازین,kw=«فکر کردن می توان واقعیت»,در صد کلمهٔ نخست، موضوع (کلیدواژه) روشن شود
551,mind-quantum-reality,https://qpedia.ir/mind-quantum-reality/,publish,C08,med,محتوا,ارجاع خارجی کمتر از ۳,بدنه,فقط 0 لینک خارجی یکتا,حداقل ۳ لینک معتبر خارجی (DOI/دانشگاه/مرجع علمی) بدهید
551,mind-quantum-reality,https://qpedia.ir/mind-quantum-reality/,publish,C11,low,محتوا,بدون بخش جمع‌بندی,تیترها,,پایان‌بندی انسانی و روشن داشته باشید
551,mind-quantum-reality,https://qpedia.ir/mind-quantum-reality/,publish,C12,low,محتوا,بدون پوشش سوءبرداشت رایج,بدنه,,مطابق استاندارد Qpedia، سوءبرداشت‌های رایج اصلاح شود
551,mind-quantum-reality,https://qpedia.ir/mind-quantum-reality/,publish,X04,low,فنی,رمزِ شِمای Rank Math ثبت نشده,rank_math_schema_*,,قالب شِمای Article خودکار چاپ می‌کند ولی ثبت شمای Rank Math کامل‌تر است
2232,antimatter,https://qpedia.ir/antimatter/,publish,K06,med,کلیدواژه,تراکم کلیدواژه بیش از حد,بدنه,تراکم≈4.0٪ (24 تکرار کلیدواژه «پادماده»),تراکم را زیر ~۲.۵٪ نگه دارید (جلوگیری از Keyword Stuffing)
2232,antimatter,https://qpedia.ir/antimatter/,publish,C01,high,محتوا,محتوای بسیار نازک,بدنه,595 کلمه,گوگل محتوای «کامل و جامع» می‌خواهد؛ صفحه محتوای کافی ندارد
2232,antimatter,https://qpedia.ir/antimatter/,publish,C08,med,محتوا,ارجاع خارجی کمتر از ۳,بدنه,فقط 1 لینک خارجی یکتا,حداقل ۳ لینک معتبر خارجی (DOI/دانشگاه/مرجع علمی) بدهید
2232,antimatter,https://qpedia.ir/antimatter/,publish,C12,low,محتوا,بدون پوشش سوءبرداشت رایج,بدنه,,مطابق استاندارد Qpedia، سوءبرداشت‌های رایج اصلاح شود
2232,antimatter,https://qpedia.ir/antimatter/,publish,L06,low,پیوند,لینک به خود مقاله,بدنه,1 عدد,سلف‌لینک را حذف کنید
2232,antimatter,https://qpedia.ir/antimatter/,publish,X04,low,فنی,رمزِ شِمای Rank Math ثبت نشده,rank_math_schema_*,,قالب شِمای Article خودکار چاپ می‌کند ولی ثبت شمای Rank Math کامل‌تر است
3375,cosmic-inflation,https://qpedia.ir/cosmic-inflation/,publish,C01,high,محتوا,محتوای بسیار نازک,بدنه,374 کلمه,گوگل محتوای «کامل و جامع» می‌خواهد؛ صفحه محتوای کافی ندارد
3375,cosmic-inflation,https://qpedia.ir/cosmic-inflation/,publish,C12,low,محتوا,بدون پوشش سوءبرداشت رایج,بدنه,,مطابق استاندارد Qpedia، سوءبرداشت‌های رایج اصلاح شود
3375,cosmic-inflation,https://qpedia.ir/cosmic-inflation/,publish,L02,high,پیوند,لینک داخلی شکسته (۴۰۴),لینک #3,«انرژی تاریک» → https://qpedia.ir/dark-energy/,مقصد لینک در سایت وجود ندارد؛ اصلاح یا حذف شود
3375,cosmic-inflation,https://qpedia.ir/cosmic-inflation/,publish,L01,med,پیوند,لینک داخلی کمتر از ۳,بدنه,2 لینک داخلی یکتا,حداقل ۳ لینک داخلی مرتبط با انکرتکست طبیعی بدهید
294,decoherence,https://qpedia.ir/decoherence/,publish,T02,med,عنوان و متا,عنوان خیلی بلند,post_title,77 نویسه: «واهمدوسی (Decoherence)؛ چرا گربه‌ای را نمی‌بینیم که هم‌زمان زنده و مرده باشد؟…»,عنوان را به حدود ۶۰ نویسه کاهش دهید؛ گوگل تیترهای بلند را می‌بُرد یا بازنویسی می‌کند
294,decoherence,https://qpedia.ir/decoherence/,publish,K02,med,کلیدواژه,کلیدواژه کانونی در عنوان نیست,post_title,kw=«واهمدوسی (Decoherence) گربه ای نمی»,کلیدواژه را به‌طور طبیعی در عنوان بیاورید
294,decoherence,https://qpedia.ir/decoherence/,publish,K03,low,کلیدواژه,کلیدواژه کانونی در متای توضیح نیست,meta description,kw=«واهمدوسی (Decoherence) گربه ای نمی»,کلیدواژه را در توضیح متا بگنجانید
294,decoherence,https://qpedia.ir/decoherence/,publish,K04,med,کلیدواژه,کلیدواژه در پاراگراف آغازین نیست,پاراگراف آغازین,kw=«واهمدوسی (Decoherence) گربه ای نمی»,در صد کلمهٔ نخست، موضوع (کلیدواژه) روشن شود
294,decoherence,https://qpedia.ir/decoherence/,publish,K05,low,کلیدواژه,کلیدواژه در اسلاگ نیست,post_name,slug=«decoherence» kw=«واهمدوسی (Decoherence) گربه ای نمی»,اسلاگ انگلیسی کوتاه و هم‌معنا با کلیدواژه باشد
294,decoherence,https://qpedia.ir/decoherence/,publish,C08,med,محتوا,ارجاع خارجی کمتر از ۳,بدنه,فقط 0 لینک خارجی یکتا,حداقل ۳ لینک معتبر خارجی (DOI/دانشگاه/مرجع علمی) بدهید
294,decoherence,https://qpedia.ir/decoherence/,publish,X04,low,فنی,رمزِ شِمای Rank Math ثبت نشده,rank_math_schema_*,,قالب شِمای Article خودکار چاپ می‌کند ولی ثبت شمای Rank Math کامل‌تر است
2483,quantum-free-will,https://qpedia.ir/quantum-free-will/,publish,K02,med,کلیدواژه,کلیدواژه کانونی در عنوان نیست,post_title,kw=«کوانتوم ارادهٔ آزاد آینده قبل»,کلیدواژه را به‌طور طبیعی در عنوان بیاورید
2483,quantum-free-will,https://qpedia.ir/quantum-free-will/,publish,K03,low,کلیدواژه,کلیدواژه کانونی در متای توضیح نیست,meta description,kw=«کوانتوم ارادهٔ آزاد آینده قبل»,کلیدواژه را در توضیح متا بگنجانید
2483,quantum-free-will,https://qpedia.ir/quantum-free-will/,publish,K04,med,کلیدواژه,کلیدواژه در پاراگراف آغازین نیست,پاراگراف آغازین,kw=«کوانتوم ارادهٔ آزاد آینده قبل»,در صد کلمهٔ نخست، موضوع (کلیدواژه) روشن شود
2483,quantum-free-will,https://qpedia.ir/quantum-free-will/,publish,C11,low,محتوا,بدون بخش جمع‌بندی,تیترها,,پایان‌بندی انسانی و روشن داشته باشید
2483,quantum-free-will,https://qpedia.ir/quantum-free-will/,publish,C12,low,محتوا,بدون پوشش سوءبرداشت رایج,بدنه,,مطابق استاندارد Qpedia، سوءبرداشت‌های رایج اصلاح شود
2483,quantum-free-will,https://qpedia.ir/quantum-free-will/,publish,X04,low,فنی,رمزِ شِمای Rank Math ثبت نشده,rank_math_schema_*,,قالب شِمای Article خودکار چاپ می‌کند ولی ثبت شمای Rank Math کامل‌تر است
2483,quantum-free-will,https://qpedia.ir/quantum-free-will/,publish,X05,med,فنی,صفحه یتیم (بدون لینک ورودی داخلی),گراف لینک داخلی,هیچ لینک ورودی از مقالات منتشرشدهٔ دیگر,از مقالات مرتبط به این صفحه لینک بدهید
2098,quantum-computer-reality,https://qpedia.ir/quantum-computer-reality/,publish,K02,med,کلیدواژه,کلیدواژه کانونی در عنوان نیست,post_title,kw=«کامپیوتر کوانتومی واقعیت فاصله دارد»,کلیدواژه را به‌طور طبیعی در عنوان بیاورید
2098,quantum-computer-reality,https://qpedia.ir/quantum-computer-reality/,publish,K03,low,کلیدواژه,کلیدواژه کانونی در متای توضیح نیست,meta description,kw=«کامپیوتر کوانتومی واقعیت فاصله دارد»,کلیدواژه را در توضیح متا بگنجانید
2098,quantum-computer-reality,https://qpedia.ir/quantum-computer-reality/,publish,K04,med,کلیدواژه,کلیدواژه در پاراگراف آغازین نیست,پاراگراف آغازین,kw=«کامپیوتر کوانتومی واقعیت فاصله دارد»,در صد کلمهٔ نخست، موضوع (کلیدواژه) روشن شود
2098,quantum-computer-reality,https://qpedia.ir/quantum-computer-reality/,publish,C11,low,محتوا,بدون بخش جمع‌بندی,تیترها,,پایان‌بندی انسانی و روشن داشته باشید
2098,quantum-computer-reality,https://qpedia.ir/quantum-computer-reality/,publish,C12,low,محتوا,بدون پوشش سوءبرداشت رایج,بدنه,,مطابق استاندارد Qpedia، سوءبرداشت‌های رایج اصلاح شود
2098,quantum-computer-reality,https://qpedia.ir/quantum-computer-reality/,publish,X04,low,فنی,رمزِ شِمای Rank Math ثبت نشده,rank_math_schema_*,,قالب شِمای Article خودکار چاپ می‌کند ولی ثبت شمای Rank Math کامل‌تر است
3567,eigenstate-thermalization,https://qpedia.ir/eigenstate-thermalization/,publish,T02,med,عنوان و متا,عنوان خیلی بلند,post_title,68 نویسه: «فرضیهٔ گرمایی‌شدن حالت ویژه؛ چرا یک حالت منفرد می‌تواند حرارتی باشد؟…»,عنوان را به حدود ۶۰ نویسه کاهش دهید؛ گوگل تیترهای بلند را می‌بُرد یا بازنویسی می‌کند
3567,eigenstate-thermalization,https://qpedia.ir/eigenstate-thermalization/,publish,K03,low,کلیدواژه,کلیدواژه کانونی در متای توضیح نیست,meta description,kw=«فرضیهٔ گرمایی‌شدن حالت ویژه»,کلیدواژه را در توضیح متا بگنجانید
3567,eigenstate-thermalization,https://qpedia.ir/eigenstate-thermalization/,publish,K04,med,کلیدواژه,کلیدواژه در پاراگراف آغازین نیست,پاراگراف آغازین,kw=«فرضیهٔ گرمایی‌شدن حالت ویژه»,در صد کلمهٔ نخست، موضوع (کلیدواژه) روشن شود
3567,eigenstate-thermalization,https://qpedia.ir/eigenstate-thermalization/,publish,C01,high,محتوا,محتوای بسیار نازک,بدنه,372 کلمه,گوگل محتوای «کامل و جامع» می‌خواهد؛ صفحه محتوای کافی ندارد
3567,eigenstate-thermalization,https://qpedia.ir/eigenstate-thermalization/,publish,C12,low,محتوا,بدون پوشش سوءبرداشت رایج,بدنه,,مطابق استاندارد Qpedia، سوءبرداشت‌های رایج اصلاح شود
3567,eigenstate-thermalization,https://qpedia.ir/eigenstate-thermalization/,publish,X05,med,فنی,صفحه یتیم (بدون لینک ورودی داخلی),گراف لینک داخلی,هیچ لینک ورودی از مقالات منتشرشدهٔ دیگر,از مقالات مرتبط به این صفحه لینک بدهید
2231,higgs-boson,https://qpedia.ir/higgs-boson/,publish,K03,low,کلیدواژه,کلیدواژه کانونی در متای توضیح نیست,meta description,kw=«بوزون هیگز»,کلیدواژه را در توضیح متا بگنجانید
2231,higgs-boson,https://qpedia.ir/higgs-boson/,publish,K06,med,کلیدواژه,تراکم کلیدواژه بیش از حد,بدنه,تراکم≈3.5٪ (10 تکرار کلیدواژه «بوزون هیگز»),تراکم را زیر ~۲.۵٪ نگه دارید (جلوگیری از Keyword Stuffing)
2231,higgs-boson,https://qpedia.ir/higgs-boson/,publish,C01,high,محتوا,محتوای بسیار نازک,بدنه,576 کلمه,گوگل محتوای «کامل و جامع» می‌خواهد؛ صفحه محتوای کافی ندارد
2231,higgs-boson,https://qpedia.ir/higgs-boson/,publish,C08,med,محتوا,ارجاع خارجی کمتر از ۳,بدنه,فقط 1 لینک خارجی یکتا,حداقل ۳ لینک معتبر خارجی (DOI/دانشگاه/مرجع علمی) بدهید
2231,higgs-boson,https://qpedia.ir/higgs-boson/,publish,C12,low,محتوا,بدون پوشش سوءبرداشت رایج,بدنه,,مطابق استاندارد Qpedia، سوءبرداشت‌های رایج اصلاح شود
2231,higgs-boson,https://qpedia.ir/higgs-boson/,publish,X04,low,فنی,رمزِ شِمای Rank Math ثبت نشده,rank_math_schema_*,,قالب شِمای Article خودکار چاپ می‌کند ولی ثبت شمای Rank Math کامل‌تر است
2235,nuclear-spin,https://qpedia.ir/nuclear-spin/,publish,K03,low,کلیدواژه,کلیدواژه کانونی در متای توضیح نیست,meta description,kw=«اسپین هسته ای»,کلیدواژه را در توضیح متا بگنجانید
2235,nuclear-spin,https://qpedia.ir/nuclear-spin/,publish,K06,med,کلیدواژه,تراکم کلیدواژه بیش از حد,بدنه,تراکم≈6.1٪ (11 تکرار کلیدواژه «اسپین هسته ای»),تراکم را زیر ~۲.۵٪ نگه دارید (جلوگیری از Keyword Stuffing)
2235,nuclear-spin,https://qpedia.ir/nuclear-spin/,publish,C01,high,محتوا,محتوای بسیار نازک,بدنه,537 کلمه,گوگل محتوای «کامل و جامع» می‌خواهد؛ صفحه محتوای کافی ندارد
2235,nuclear-spin,https://qpedia.ir/nuclear-spin/,publish,C08,med,محتوا,ارجاع خارجی کمتر از ۳,بدنه,فقط 1 لینک خارجی یکتا,حداقل ۳ لینک معتبر خارجی (DOI/دانشگاه/مرجع علمی) بدهید
2235,nuclear-spin,https://qpedia.ir/nuclear-spin/,publish,C12,low,محتوا,بدون پوشش سوءبرداشت رایج,بدنه,,مطابق استاندارد Qpedia، سوءبرداشت‌های رایج اصلاح شود
2235,nuclear-spin,https://qpedia.ir/nuclear-spin/,publish,X04,low,فنی,رمزِ شِمای Rank Math ثبت نشده,rank_math_schema_*,,قالب شِمای Article خودکار چاپ می‌کند ولی ثبت شمای Rank Math کامل‌تر است
2250,quantum-supremacy,https://qpedia.ir/quantum-supremacy/,publish,K03,low,کلیدواژه,کلیدواژه کانونی در متای توضیح نیست,meta description,kw=«برتری کوانتومی»,کلیدواژه را در توضیح متا بگنجانید
2250,quantum-supremacy,https://qpedia.ir/quantum-supremacy/,publish,K06,med,کلیدواژه,تراکم کلیدواژه بیش از حد,بدنه,تراکم≈2.7٪ (8 تکرار کلیدواژه «برتری کوانتومی»),تراکم را زیر ~۲.۵٪ نگه دارید (جلوگیری از Keyword Stuffing)
2250,quantum-supremacy,https://qpedia.ir/quantum-supremacy/,publish,C01,high,محتوا,محتوای بسیار نازک,بدنه,595 کلمه,گوگل محتوای «کامل و جامع» می‌خواهد؛ صفحه محتوای کافی ندارد
2250,quantum-supremacy,https://qpedia.ir/quantum-supremacy/,publish,C08,med,محتوا,ارجاع خارجی کمتر از ۳,بدنه,فقط 2 لینک خارجی یکتا,حداقل ۳ لینک معتبر خارجی (DOI/دانشگاه/مرجع علمی) بدهید
2250,quantum-supremacy,https://qpedia.ir/quantum-supremacy/,publish,C12,low,محتوا,بدون پوشش سوءبرداشت رایج,بدنه,,مطابق استاندارد Qpedia، سوءبرداشت‌های رایج اصلاح شود
2250,quantum-supremacy,https://qpedia.ir/quantum-supremacy/,publish,X04,low,فنی,رمزِ شِمای Rank Math ثبت نشده,rank_math_schema_*,,قالب شِمای Article خودکار چاپ می‌کند ولی ثبت شمای Rank Math کامل‌تر است
2251,shor-algorithm,https://qpedia.ir/shor-algorithm/,publish,K03,low,کلیدواژه,کلیدواژه کانونی در متای توضیح نیست,meta description,kw=«الگوریتم شور»,کلیدواژه را در توضیح متا بگنجانید
2251,shor-algorithm,https://qpedia.ir/shor-algorithm/,publish,K06,med,کلیدواژه,تراکم کلیدواژه بیش از حد,بدنه,تراکم≈3.7٪ (9 تکرار کلیدواژه «الگوریتم شور»),تراکم را زیر ~۲.۵٪ نگه دارید (جلوگیری از Keyword Stuffing)
2251,shor-algorithm,https://qpedia.ir/shor-algorithm/,publish,C01,high,محتوا,محتوای بسیار نازک,بدنه,481 کلمه,گوگل محتوای «کامل و جامع» می‌خواهد؛ صفحه محتوای کافی ندارد
2251,shor-algorithm,https://qpedia.ir/shor-algorithm/,publish,C08,med,محتوا,ارجاع خارجی کمتر از ۳,بدنه,فقط 2 لینک خارجی یکتا,حداقل ۳ لینک معتبر خارجی (DOI/دانشگاه/مرجع علمی) بدهید
2251,shor-algorithm,https://qpedia.ir/shor-algorithm/,publish,C12,low,محتوا,بدون پوشش سوءبرداشت رایج,بدنه,,مطابق استاندارد Qpedia، سوءبرداشت‌های رایج اصلاح شود
2251,shor-algorithm,https://qpedia.ir/shor-algorithm/,publish,X04,low,فنی,رمزِ شِمای Rank Math ثبت نشده,rank_math_schema_*,,قالب شِمای Article خودکار چاپ می‌کند ولی ثبت شمای Rank Math کامل‌تر است
2253,quantum-error-correction,https://qpedia.ir/quantum-error-correction/,publish,K03,low,کلیدواژه,کلیدواژه کانونی در متای توضیح نیست,meta description,kw=«تصحیح خطای کوانتومی»,کلیدواژه را در توضیح متا بگنجانید
2253,quantum-error-correction,https://qpedia.ir/quantum-error-correction/,publish,K06,med,کلیدواژه,تراکم کلیدواژه بیش از حد,بدنه,تراکم≈2.7٪ (4 تکرار کلیدواژه «تصحیح خطای کوانتومی»),تراکم را زیر ~۲.۵٪ نگه دارید (جلوگیری از Keyword Stuffing)
2253,quantum-error-correction,https://qpedia.ir/quantum-error-correction/,publish,C01,high,محتوا,محتوای بسیار نازک,بدنه,447 کلمه,گوگل محتوای «کامل و جامع» می‌خواهد؛ صفحه محتوای کافی ندارد
2253,quantum-error-correction,https://qpedia.ir/quantum-error-correction/,publish,C08,med,محتوا,ارجاع خارجی کمتر از ۳,بدنه,فقط 2 لینک خارجی یکتا,حداقل ۳ لینک معتبر خارجی (DOI/دانشگاه/مرجع علمی) بدهید
2253,quantum-error-correction,https://qpedia.ir/quantum-error-correction/,publish,C12,low,محتوا,بدون پوشش سوءبرداشت رایج,بدنه,,مطابق استاندارد Qpedia، سوءبرداشت‌های رایج اصلاح شود
2253,quantum-error-correction,https://qpedia.ir/quantum-error-correction/,publish,X04,low,فنی,رمزِ شِمای Rank Math ثبت نشده,rank_math_schema_*,,قالب شِمای Article خودکار چاپ می‌کند ولی ثبت شمای Rank Math کامل‌تر است
2256,no-cloning-theorem,https://qpedia.ir/no-cloning-theorem/,publish,K03,low,کلیدواژه,کلیدواژه کانونی در متای توضیح نیست,meta description,kw=«قضیهٔ عدم کپی»,کلیدواژه را در توضیح متا بگنجانید
2256,no-cloning-theorem,https://qpedia.ir/no-cloning-theorem/,publish,K06,med,کلیدواژه,تراکم کلیدواژه بیش از حد,بدنه,تراکم≈3.4٪ (5 تکرار کلیدواژه «قضیهٔ عدم کپی»),تراکم را زیر ~۲.۵٪ نگه دارید (جلوگیری از Keyword Stuffing)
2256,no-cloning-theorem,https://qpedia.ir/no-cloning-theorem/,publish,C01,high,محتوا,محتوای بسیار نازک,بدنه,438 کلمه,گوگل محتوای «کامل و جامع» می‌خواهد؛ صفحه محتوای کافی ندارد
2256,no-cloning-theorem,https://qpedia.ir/no-cloning-theorem/,publish,C08,med,محتوا,ارجاع خارجی کمتر از ۳,بدنه,فقط 1 لینک خارجی یکتا,حداقل ۳ لینک معتبر خارجی (DOI/دانشگاه/مرجع علمی) بدهید
2256,no-cloning-theorem,https://qpedia.ir/no-cloning-theorem/,publish,C12,low,محتوا,بدون پوشش سوءبرداشت رایج,بدنه,,مطابق استاندارد Qpedia، سوءبرداشت‌های رایج اصلاح شود
2256,no-cloning-theorem,https://qpedia.ir/no-cloning-theorem/,publish,X04,low,فنی,رمزِ شِمای Rank Math ثبت نشده,rank_math_schema_*,,قالب شِمای Article خودکار چاپ می‌کند ولی ثبت شمای Rank Math کامل‌تر است
2257,quantum-gate,https://qpedia.ir/quantum-gate/,publish,K03,low,کلیدواژه,کلیدواژه کانونی در متای توضیح نیست,meta description,kw=«گیت کوانتومی»,کلیدواژه را در توضیح متا بگنجانید
2257,quantum-gate,https://qpedia.ir/quantum-gate/,publish,K06,med,کلیدواژه,تراکم کلیدواژه بیش از حد,بدنه,تراکم≈3.8٪ (8 تکرار کلیدواژه «گیت کوانتومی»),تراکم را زیر ~۲.۵٪ نگه دارید (جلوگیری از Keyword Stuffing)
2257,quantum-gate,https://qpedia.ir/quantum-gate/,publish,C01,high,محتوا,محتوای بسیار نازک,بدنه,419 کلمه,گوگل محتوای «کامل و جامع» می‌خواهد؛ صفحه محتوای کافی ندارد
2257,quantum-gate,https://qpedia.ir/quantum-gate/,publish,C08,med,محتوا,ارجاع خارجی کمتر از ۳,بدنه,فقط 1 لینک خارجی یکتا,حداقل ۳ لینک معتبر خارجی (DOI/دانشگاه/مرجع علمی) بدهید
2257,quantum-gate,https://qpedia.ir/quantum-gate/,publish,C12,low,محتوا,بدون پوشش سوءبرداشت رایج,بدنه,,مطابق استاندارد Qpedia، سوءبرداشت‌های رایج اصلاح شود
2257,quantum-gate,https://qpedia.ir/quantum-gate/,publish,X04,low,فنی,رمزِ شِمای Rank Math ثبت نشده,rank_math_schema_*,,قالب شِمای Article خودکار چاپ می‌کند ولی ثبت شمای Rank Math کامل‌تر است
2258,quantum-simulation,https://qpedia.ir/quantum-simulation/,publish,K03,low,کلیدواژه,کلیدواژه کانونی در متای توضیح نیست,meta description,kw=«شبیه سازی کوانتومی»,کلیدواژه را در توضیح متا بگنجانید
2258,quantum-simulation,https://qpedia.ir/quantum-simulation/,publish,K06,med,کلیدواژه,تراکم کلیدواژه بیش از حد,بدنه,تراکم≈5.9٪ (8 تکرار کلیدواژه «شبیه سازی کوانتومی»),تراکم را زیر ~۲.۵٪ نگه دارید (جلوگیری از Keyword Stuffing)
2258,quantum-simulation,https://qpedia.ir/quantum-simulation/,publish,C01,high,محتوا,محتوای بسیار نازک,بدنه,404 کلمه,گوگل محتوای «کامل و جامع» می‌خواهد؛ صفحه محتوای کافی ندارد
2258,quantum-simulation,https://qpedia.ir/quantum-simulation/,publish,C08,med,محتوا,ارجاع خارجی کمتر از ۳,بدنه,فقط 2 لینک خارجی یکتا,حداقل ۳ لینک معتبر خارجی (DOI/دانشگاه/مرجع علمی) بدهید
2258,quantum-simulation,https://qpedia.ir/quantum-simulation/,publish,C12,low,محتوا,بدون پوشش سوءبرداشت رایج,بدنه,,مطابق استاندارد Qpedia، سوءبرداشت‌های رایج اصلاح شود
2258,quantum-simulation,https://qpedia.ir/quantum-simulation/,publish,X04,low,فنی,رمزِ شِمای Rank Math ثبت نشده,rank_math_schema_*,,قالب شِمای Article خودکار چاپ می‌کند ولی ثبت شمای Rank Math کامل‌تر است
2230,neutrino,https://qpedia.ir/neutrino/,publish,K03,low,کلیدواژه,کلیدواژه کانونی در متای توضیح نیست,meta description,kw=«نوترینو»,کلیدواژه را در توضیح متا بگنجانید
2230,neutrino,https://qpedia.ir/neutrino/,publish,K06,med,کلیدواژه,تراکم کلیدواژه بیش از حد,بدنه,تراکم≈5.2٪ (29 تکرار کلیدواژه «نوترینو»),تراکم را زیر ~۲.۵٪ نگه دارید (جلوگیری از Keyword Stuffing)
2230,neutrino,https://qpedia.ir/neutrino/,publish,C01,high,محتوا,محتوای بسیار نازک,بدنه,558 کلمه,گوگل محتوای «کامل و جامع» می‌خواهد؛ صفحه محتوای کافی ندارد
2230,neutrino,https://qpedia.ir/neutrino/,publish,C08,med,محتوا,ارجاع خارجی کمتر از ۳,بدنه,فقط 1 لینک خارجی یکتا,حداقل ۳ لینک معتبر خارجی (DOI/دانشگاه/مرجع علمی) بدهید
2230,neutrino,https://qpedia.ir/neutrino/,publish,C12,low,محتوا,بدون پوشش سوءبرداشت رایج,بدنه,,مطابق استاندارد Qpedia، سوءبرداشت‌های رایج اصلاح شود
2230,neutrino,https://qpedia.ir/neutrino/,publish,X04,low,فنی,رمزِ شِمای Rank Math ثبت نشده,rank_math_schema_*,,قالب شِمای Article خودکار چاپ می‌کند ولی ثبت شمای Rank Math کامل‌تر است
2233,standard-model,https://qpedia.ir/standard-model/,publish,K03,low,کلیدواژه,کلیدواژه کانونی در متای توضیح نیست,meta description,kw=«مدل استاندارد»,کلیدواژه را در توضیح متا بگنجانید
2233,standard-model,https://qpedia.ir/standard-model/,publish,K06,med,کلیدواژه,تراکم کلیدواژه بیش از حد,بدنه,تراکم≈7.1٪ (19 تکرار کلیدواژه «مدل استاندارد»),تراکم را زیر ~۲.۵٪ نگه دارید (جلوگیری از Keyword Stuffing)
2233,standard-model,https://qpedia.ir/standard-model/,publish,C01,high,محتوا,محتوای بسیار نازک,بدنه,536 کلمه,گوگل محتوای «کامل و جامع» می‌خواهد؛ صفحه محتوای کافی ندارد
2233,standard-model,https://qpedia.ir/standard-model/,publish,C08,med,محتوا,ارجاع خارجی کمتر از ۳,بدنه,فقط 1 لینک خارجی یکتا,حداقل ۳ لینک معتبر خارجی (DOI/دانشگاه/مرجع علمی) بدهید
2233,standard-model,https://qpedia.ir/standard-model/,publish,C12,low,محتوا,بدون پوشش سوءبرداشت رایج,بدنه,,مطابق استاندارد Qpedia، سوءبرداشت‌های رایج اصلاح شود
2233,standard-model,https://qpedia.ir/standard-model/,publish,X04,low,فنی,رمزِ شِمای Rank Math ثبت نشده,rank_math_schema_*,,قالب شِمای Article خودکار چاپ می‌کند ولی ثبت شمای Rank Math کامل‌تر است
2240,coherence,https://qpedia.ir/coherence/,publish,K03,low,کلیدواژه,کلیدواژه کانونی در متای توضیح نیست,meta description,kw=«همدوسی»,کلیدواژه را در توضیح متا بگنجانید
2240,coherence,https://qpedia.ir/coherence/,publish,K06,med,کلیدواژه,تراکم کلیدواژه بیش از حد,بدنه,تراکم≈4.2٪ (18 تکرار کلیدواژه «همدوسی»),تراکم را زیر ~۲.۵٪ نگه دارید (جلوگیری از Keyword Stuffing)
2240,coherence,https://qpedia.ir/coherence/,publish,C01,high,محتوا,محتوای بسیار نازک,بدنه,429 کلمه,گوگل محتوای «کامل و جامع» می‌خواهد؛ صفحه محتوای کافی ندارد
2240,coherence,https://qpedia.ir/coherence/,publish,C08,med,محتوا,ارجاع خارجی کمتر از ۳,بدنه,فقط 1 لینک خارجی یکتا,حداقل ۳ لینک معتبر خارجی (DOI/دانشگاه/مرجع علمی) بدهید
2240,coherence,https://qpedia.ir/coherence/,publish,C12,low,محتوا,بدون پوشش سوءبرداشت رایج,بدنه,,مطابق استاندارد Qpedia، سوءبرداشت‌های رایج اصلاح شود
2240,coherence,https://qpedia.ir/coherence/,publish,X04,low,فنی,رمزِ شِمای Rank Math ثبت نشده,rank_math_schema_*,,قالب شِمای Article خودکار چاپ می‌کند ولی ثبت شمای Rank Math کامل‌تر است
2241,absolute-zero,https://qpedia.ir/absolute-zero/,publish,K03,low,کلیدواژه,کلیدواژه کانونی در متای توضیح نیست,meta description,kw=«صفر مطلق»,کلیدواژه را در توضیح متا بگنجانید
2241,absolute-zero,https://qpedia.ir/absolute-zero/,publish,K06,med,کلیدواژه,تراکم کلیدواژه بیش از حد,بدنه,تراکم≈7.9٪ (17 تکرار کلیدواژه «صفر مطلق»),تراکم را زیر ~۲.۵٪ نگه دارید (جلوگیری از Keyword Stuffing)
2241,absolute-zero,https://qpedia.ir/absolute-zero/,publish,C01,high,محتوا,محتوای بسیار نازک,بدنه,431 کلمه,گوگل محتوای «کامل و جامع» می‌خواهد؛ صفحه محتوای کافی ندارد
2241,absolute-zero,https://qpedia.ir/absolute-zero/,publish,C08,med,محتوا,ارجاع خارجی کمتر از ۳,بدنه,فقط 1 لینک خارجی یکتا,حداقل ۳ لینک معتبر خارجی (DOI/دانشگاه/مرجع علمی) بدهید
2241,absolute-zero,https://qpedia.ir/absolute-zero/,publish,C12,low,محتوا,بدون پوشش سوءبرداشت رایج,بدنه,,مطابق استاندارد Qpedia، سوءبرداشت‌های رایج اصلاح شود
2241,absolute-zero,https://qpedia.ir/absolute-zero/,publish,X04,low,فنی,رمزِ شِمای Rank Math ثبت نشده,rank_math_schema_*,,قالب شِمای Article خودکار چاپ می‌کند ولی ثبت شمای Rank Math کامل‌تر است
2243,stimulated-emission,https://qpedia.ir/stimulated-emission/,publish,K03,low,کلیدواژه,کلیدواژه کانونی در متای توضیح نیست,meta description,kw=«گسیل تحریکی»,کلیدواژه را در توضیح متا بگنجانید
2243,stimulated-emission,https://qpedia.ir/stimulated-emission/,publish,K06,med,کلیدواژه,تراکم کلیدواژه بیش از حد,بدنه,تراکم≈4.6٪ (11 تکرار کلیدواژه «گسیل تحریکی»),تراکم را زیر ~۲.۵٪ نگه دارید (جلوگیری از Keyword Stuffing)
2243,stimulated-emission,https://qpedia.ir/stimulated-emission/,publish,C01,high,محتوا,محتوای بسیار نازک,بدنه,480 کلمه,گوگل محتوای «کامل و جامع» می‌خواهد؛ صفحه محتوای کافی ندارد
2243,stimulated-emission,https://qpedia.ir/stimulated-emission/,publish,C08,med,محتوا,ارجاع خارجی کمتر از ۳,بدنه,فقط 1 لینک خارجی یکتا,حداقل ۳ لینک معتبر خارجی (DOI/دانشگاه/مرجع علمی) بدهید
2243,stimulated-emission,https://qpedia.ir/stimulated-emission/,publish,C12,low,محتوا,بدون پوشش سوءبرداشت رایج,بدنه,,مطابق استاندارد Qpedia، سوءبرداشت‌های رایج اصلاح شود
2243,stimulated-emission,https://qpedia.ir/stimulated-emission/,publish,X04,low,فنی,رمزِ شِمای Rank Math ثبت نشده,rank_math_schema_*,,قالب شِمای Article خودکار چاپ می‌کند ولی ثبت شمای Rank Math کامل‌تر است
3348,dilution-refrigerator,https://qpedia.ir/dilution-refrigerator/,publish,C01,high,محتوا,محتوای بسیار نازک,بدنه,379 کلمه,گوگل محتوای «کامل و جامع» می‌خواهد؛ صفحه محتوای کافی ندارد
3348,dilution-refrigerator,https://qpedia.ir/dilution-refrigerator/,publish,C12,low,محتوا,بدون پوشش سوءبرداشت رایج,بدنه,,مطابق استاندارد Qpedia، سوءبرداشت‌های رایج اصلاح شود
3348,dilution-refrigerator,https://qpedia.ir/dilution-refrigerator/,publish,L02,high,پیوند,لینک داخلی شکسته (۴۰۴),لینک #2,«کیوبیت ابررسانا» → https://qpedia.ir/superconducting-qubit/ | نزدیک‌ترین مقصد فعال: https://qpedia.ir/.../superconductivity/,مقصد لینک در سایت وجود ندارد؛ اصلاح یا حذف شود
3348,dilution-refrigerator,https://qpedia.ir/dilution-refrigerator/,publish,L01,med,پیوند,لینک داخلی کمتر از ۳,بدنه,2 لینک داخلی یکتا,حداقل ۳ لینک داخلی مرتبط با انکرتکست طبیعی بدهید
299,quantum-tunneling,https://qpedia.ir/quantum-tunneling/,publish,K02,med,کلیدواژه,کلیدواژه کانونی در عنوان نیست,post_title,kw=«تونل زنی کوانتومی پدیده ای»,کلیدواژه را به‌طور طبیعی در عنوان بیاورید
299,quantum-tunneling,https://qpedia.ir/quantum-tunneling/,publish,K03,low,کلیدواژه,کلیدواژه کانونی در متای توضیح نیست,meta description,kw=«تونل زنی کوانتومی پدیده ای»,کلیدواژه را در توضیح متا بگنجانید
299,quantum-tunneling,https://qpedia.ir/quantum-tunneling/,publish,K04,med,کلیدواژه,کلیدواژه در پاراگراف آغازین نیست,پاراگراف آغازین,kw=«تونل زنی کوانتومی پدیده ای»,در صد کلمهٔ نخست، موضوع (کلیدواژه) روشن شود
299,quantum-tunneling,https://qpedia.ir/quantum-tunneling/,publish,C08,med,محتوا,ارجاع خارجی کمتر از ۳,بدنه,فقط 0 لینک خارجی یکتا,حداقل ۳ لینک معتبر خارجی (DOI/دانشگاه/مرجع علمی) بدهید
299,quantum-tunneling,https://qpedia.ir/quantum-tunneling/,publish,C09,low,محتوا,بخش پرسش‌های متداول ندارد,تیترها,,افزودن FAQ ساخت‌یافته به پوشش نیت جستجو کمک می‌کند
299,quantum-tunneling,https://qpedia.ir/quantum-tunneling/,publish,X04,low,فنی,رمزِ شِمای Rank Math ثبت نشده,rank_math_schema_*,,قالب شِمای Article خودکار چاپ می‌کند ولی ثبت شمای Rank Math کامل‌تر است
2535,wigner-friend,https://qpedia.ir/wigner-friend/,publish,M02,med,عنوان و متا,توضیحات متا خیلی کوتاه,meta description,95 نویسه: «پارادوکس دوست ویگنر چیست؟ آزمایشی فکری که می‌پرسد آیا واقعیت می‌تواند برای دو ناظر متفاوت باشد.»,طول متای مناسب حدود ۱۲۰ تا ۱۶۰ نویسه است
2535,wigner-friend,https://qpedia.ir/wigner-friend/,publish,K02,med,کلیدواژه,کلیدواژه کانونی در عنوان نیست,post_title,kw=«پارادوکس دوست ویگنر واقعیت همه»,کلیدواژه را به‌طور طبیعی در عنوان بیاورید
2535,wigner-friend,https://qpedia.ir/wigner-friend/,publish,K03,low,کلیدواژه,کلیدواژه کانونی در متای توضیح نیست,meta description,kw=«پارادوکس دوست ویگنر واقعیت همه»,کلیدواژه را در توضیح متا بگنجانید
2535,wigner-friend,https://qpedia.ir/wigner-friend/,publish,K04,med,کلیدواژه,کلیدواژه در پاراگراف آغازین نیست,پاراگراف آغازین,kw=«پارادوکس دوست ویگنر واقعیت همه»,در صد کلمهٔ نخست، موضوع (کلیدواژه) روشن شود
2535,wigner-friend,https://qpedia.ir/wigner-friend/,publish,C11,low,محتوا,بدون بخش جمع‌بندی,تیترها,,پایان‌بندی انسانی و روشن داشته باشید
2535,wigner-friend,https://qpedia.ir/wigner-friend/,publish,X04,low,فنی,رمزِ شِمای Rank Math ثبت نشده,rank_math_schema_*,,قالب شِمای Article خودکار چاپ می‌کند ولی ثبت شمای Rank Math کامل‌تر است
2537,simulation-hypothesis-quantum,https://qpedia.ir/simulation-hypothesis-quantum/,publish,K02,med,کلیدواژه,کلیدواژه کانونی در عنوان نیست,post_title,kw=«جهان یک شبیه سازی نقد»,کلیدواژه را به‌طور طبیعی در عنوان بیاورید
2537,simulation-hypothesis-quantum,https://qpedia.ir/simulation-hypothesis-quantum/,publish,K03,low,کلیدواژه,کلیدواژه کانونی در متای توضیح نیست,meta description,kw=«جهان یک شبیه سازی نقد»,کلیدواژه را در توضیح متا بگنجانید
2537,simulation-hypothesis-quantum,https://qpedia.ir/simulation-hypothesis-quantum/,publish,K04,med,کلیدواژه,کلیدواژه در پاراگراف آغازین نیست,پاراگراف آغازین,kw=«جهان یک شبیه سازی نقد»,در صد کلمهٔ نخست، موضوع (کلیدواژه) روشن شود
2537,simulation-hypothesis-quantum,https://qpedia.ir/simulation-hypothesis-quantum/,publish,C11,low,محتوا,بدون بخش جمع‌بندی,تیترها,,پایان‌بندی انسانی و روشن داشته باشید
2537,simulation-hypothesis-quantum,https://qpedia.ir/simulation-hypothesis-quantum/,publish,X04,low,فنی,رمزِ شِمای Rank Math ثبت نشده,rank_math_schema_*,,قالب شِمای Article خودکار چاپ می‌کند ولی ثبت شمای Rank Math کامل‌تر است
2537,simulation-hypothesis-quantum,https://qpedia.ir/simulation-hypothesis-quantum/,publish,X05,med,فنی,صفحه یتیم (بدون لینک ورودی داخلی),گراف لینک داخلی,هیچ لینک ورودی از مقالات منتشرشدهٔ دیگر,از مقالات مرتبط به این صفحه لینک بدهید
2753,quantum-repeater,https://qpedia.ir/quantum-repeater/,publish,K02,med,کلیدواژه,کلیدواژه کانونی در عنوان نیست,post_title,kw=«ریپیتر کوانتومی چاپارخانهٔ درهم تنیدگی»,کلیدواژه را به‌طور طبیعی در عنوان بیاورید
2753,quantum-repeater,https://qpedia.ir/quantum-repeater/,publish,K03,low,کلیدواژه,کلیدواژه کانونی در متای توضیح نیست,meta description,kw=«ریپیتر کوانتومی چاپارخانهٔ درهم تنیدگی»,کلیدواژه را در توضیح متا بگنجانید
2753,quantum-repeater,https://qpedia.ir/quantum-repeater/,publish,K04,med,کلیدواژه,کلیدواژه در پاراگراف آغازین نیست,پاراگراف آغازین,kw=«ریپیتر کوانتومی چاپارخانهٔ درهم تنیدگی»,در صد کلمهٔ نخست، موضوع (کلیدواژه) روشن شود
2753,quantum-repeater,https://qpedia.ir/quantum-repeater/,publish,C11,low,محتوا,بدون بخش جمع‌بندی,تیترها,,پایان‌بندی انسانی و روشن داشته باشید
2753,quantum-repeater,https://qpedia.ir/quantum-repeater/,publish,C12,low,محتوا,بدون پوشش سوءبرداشت رایج,بدنه,,مطابق استاندارد Qpedia، سوءبرداشت‌های رایج اصلاح شود
2753,quantum-repeater,https://qpedia.ir/quantum-repeater/,publish,X04,low,فنی,رمزِ شِمای Rank Math ثبت نشده,rank_math_schema_*,,قالب شِمای Article خودکار چاپ می‌کند ولی ثبت شمای Rank Math کامل‌تر است
2758,lamb-shift,https://qpedia.ir/lamb-shift/,publish,K02,med,کلیدواژه,کلیدواژه کانونی در عنوان نیست,post_title,kw=«شکاف لمب دو تراز نباید»,کلیدواژه را به‌طور طبیعی در عنوان بیاورید
2758,lamb-shift,https://qpedia.ir/lamb-shift/,publish,K03,low,کلیدواژه,کلیدواژه کانونی در متای توضیح نیست,meta description,kw=«شکاف لمب دو تراز نباید»,کلیدواژه را در توضیح متا بگنجانید
2758,lamb-shift,https://qpedia.ir/lamb-shift/,publish,K04,med,کلیدواژه,کلیدواژه در پاراگراف آغازین نیست,پاراگراف آغازین,kw=«شکاف لمب دو تراز نباید»,در صد کلمهٔ نخست، موضوع (کلیدواژه) روشن شود
2758,lamb-shift,https://qpedia.ir/lamb-shift/,publish,C11,low,محتوا,بدون بخش جمع‌بندی,تیترها,,پایان‌بندی انسانی و روشن داشته باشید
2758,lamb-shift,https://qpedia.ir/lamb-shift/,publish,C12,low,محتوا,بدون پوشش سوءبرداشت رایج,بدنه,,مطابق استاندارد Qpedia، سوءبرداشت‌های رایج اصلاح شود
2758,lamb-shift,https://qpedia.ir/lamb-shift/,publish,X04,low,فنی,رمزِ شِمای Rank Math ثبت نشده,rank_math_schema_*,,قالب شِمای Article خودکار چاپ می‌کند ولی ثبت شمای Rank Math کامل‌تر است
2759,topological-superconductivity,https://qpedia.ir/topological-superconductivity/,publish,K02,med,کلیدواژه,کلیدواژه کانونی در عنوان نیست,post_title,kw=«ابررسانایی توپولوژیک زوج گره لبه»,کلیدواژه را به‌طور طبیعی در عنوان بیاورید
2759,topological-superconductivity,https://qpedia.ir/topological-superconductivity/,publish,K03,low,کلیدواژه,کلیدواژه کانونی در متای توضیح نیست,meta description,kw=«ابررسانایی توپولوژیک زوج گره لبه»,کلیدواژه را در توضیح متا بگنجانید
2759,topological-superconductivity,https://qpedia.ir/topological-superconductivity/,publish,K04,med,کلیدواژه,کلیدواژه در پاراگراف آغازین نیست,پاراگراف آغازین,kw=«ابررسانایی توپولوژیک زوج گره لبه»,در صد کلمهٔ نخست، موضوع (کلیدواژه) روشن شود
2759,topological-superconductivity,https://qpedia.ir/topological-superconductivity/,publish,C11,low,محتوا,بدون بخش جمع‌بندی,تیترها,,پایان‌بندی انسانی و روشن داشته باشید
2759,topological-superconductivity,https://qpedia.ir/topological-superconductivity/,publish,C12,low,محتوا,بدون پوشش سوءبرداشت رایج,بدنه,,مطابق استاندارد Qpedia، سوءبرداشت‌های رایج اصلاح شود
2759,topological-superconductivity,https://qpedia.ir/topological-superconductivity/,publish,X04,low,فنی,رمزِ شِمای Rank Math ثبت نشده,rank_math_schema_*,,قالب شِمای Article خودکار چاپ می‌کند ولی ثبت شمای Rank Math کامل‌تر است
3442,quantum-electrodynamics,https://qpedia.ir/quantum-electrodynamics/,publish,T02,med,عنوان و متا,عنوان خیلی بلند,post_title,77 نویسه: «الکترودینامیک کوانتومی؛ نظریه‌ای که نور و بار را با دقت بی‌سابقه پیوند می‌دهد…»,عنوان را به حدود ۶۰ نویسه کاهش دهید؛ گوگل تیترهای بلند را می‌بُرد یا بازنویسی می‌کند
3442,quantum-electrodynamics,https://qpedia.ir/quantum-electrodynamics/,publish,K03,low,کلیدواژه,کلیدواژه کانونی در متای توضیح نیست,meta description,kw=«الکترودینامیک کوانتومی»,کلیدواژه را در توضیح متا بگنجانید
3442,quantum-electrodynamics,https://qpedia.ir/quantum-electrodynamics/,publish,C01,high,محتوا,محتوای بسیار نازک,بدنه,341 کلمه,گوگل محتوای «کامل و جامع» می‌خواهد؛ صفحه محتوای کافی ندارد
3442,quantum-electrodynamics,https://qpedia.ir/quantum-electrodynamics/,publish,C12,low,محتوا,بدون پوشش سوءبرداشت رایج,بدنه,,مطابق استاندارد Qpedia، سوءبرداشت‌های رایج اصلاح شود
3442,quantum-electrodynamics,https://qpedia.ir/quantum-electrodynamics/,publish,X05,med,فنی,صفحه یتیم (بدون لینک ورودی داخلی),گراف لینک داخلی,هیچ لینک ورودی از مقالات منتشرشدهٔ دیگر,از مقالات مرتبط به این صفحه لینک بدهید
3458,quantum-kernel,https://qpedia.ir/quantum-kernel/,publish,T02,med,عنوان و متا,عنوان خیلی بلند,post_title,72 نویسه: «هستهٔ کوانتومی؛ آیا نگاشت داده به فضای کیوبیت‌ها یادگیری را بهتر می‌کند؟…»,عنوان را به حدود ۶۰ نویسه کاهش دهید؛ گوگل تیترهای بلند را می‌بُرد یا بازنویسی می‌کند
3458,quantum-kernel,https://qpedia.ir/quantum-kernel/,publish,K03,low,کلیدواژه,کلیدواژه کانونی در متای توضیح نیست,meta description,kw=«هستهٔ کوانتومی»,کلیدواژه را در توضیح متا بگنجانید
3458,quantum-kernel,https://qpedia.ir/quantum-kernel/,publish,K04,med,کلیدواژه,کلیدواژه در پاراگراف آغازین نیست,پاراگراف آغازین,kw=«هستهٔ کوانتومی»,در صد کلمهٔ نخست، موضوع (کلیدواژه) روشن شود
3458,quantum-kernel,https://qpedia.ir/quantum-kernel/,publish,C01,high,محتوا,محتوای بسیار نازک,بدنه,392 کلمه,گوگل محتوای «کامل و جامع» می‌خواهد؛ صفحه محتوای کافی ندارد
3458,quantum-kernel,https://qpedia.ir/quantum-kernel/,publish,C12,low,محتوا,بدون پوشش سوءبرداشت رایج,بدنه,,مطابق استاندارد Qpedia، سوءبرداشت‌های رایج اصلاح شود
567,heisenberg-uncertainty-principle,https://qpedia.ir/heisenberg-uncertainty-principle/,publish,C08,med,محتوا,ارجاع خارجی کمتر از ۳,بدنه,فقط 0 لینک خارجی یکتا,حداقل ۳ لینک معتبر خارجی (DOI/دانشگاه/مرجع علمی) بدهید
567,heisenberg-uncertainty-principle,https://qpedia.ir/heisenberg-uncertainty-principle/,publish,C11,low,محتوا,بدون بخش جمع‌بندی,تیترها,,پایان‌بندی انسانی و روشن داشته باشید
567,heisenberg-uncertainty-principle,https://qpedia.ir/heisenberg-uncertainty-principle/,publish,C12,low,محتوا,بدون پوشش سوءبرداشت رایج,بدنه,,مطابق استاندارد Qpedia، سوءبرداشت‌های رایج اصلاح شود
567,heisenberg-uncertainty-principle,https://qpedia.ir/heisenberg-uncertainty-principle/,publish,X04,low,فنی,رمزِ شِمای Rank Math ثبت نشده,rank_math_schema_*,,قالب شِمای Article خودکار چاپ می‌کند ولی ثبت شمای Rank Math کامل‌تر است
291,quantum-measurement,https://qpedia.ir/quantum-measurement/,publish,K02,med,کلیدواژه,کلیدواژه کانونی در عنوان نیست,post_title,kw=«اندازه گیری فروپاشی کوانتوم بزرگ»,کلیدواژه را به‌طور طبیعی در عنوان بیاورید
291,quantum-measurement,https://qpedia.ir/quantum-measurement/,publish,K03,low,کلیدواژه,کلیدواژه کانونی در متای توضیح نیست,meta description,kw=«اندازه گیری فروپاشی کوانتوم بزرگ»,کلیدواژه را در توضیح متا بگنجانید
291,quantum-measurement,https://qpedia.ir/quantum-measurement/,publish,K04,med,کلیدواژه,کلیدواژه در پاراگراف آغازین نیست,پاراگراف آغازین,kw=«اندازه گیری فروپاشی کوانتوم بزرگ»,در صد کلمهٔ نخست، موضوع (کلیدواژه) روشن شود
291,quantum-measurement,https://qpedia.ir/quantum-measurement/,publish,C08,med,محتوا,ارجاع خارجی کمتر از ۳,بدنه,فقط 0 لینک خارجی یکتا,حداقل ۳ لینک معتبر خارجی (DOI/دانشگاه/مرجع علمی) بدهید
291,quantum-measurement,https://qpedia.ir/quantum-measurement/,publish,C09,low,محتوا,بخش پرسش‌های متداول ندارد,تیترها,,افزودن FAQ ساخت‌یافته به پوشش نیت جستجو کمک می‌کند
291,quantum-measurement,https://qpedia.ir/quantum-measurement/,publish,X04,low,فنی,رمزِ شِمای Rank Math ثبت نشده,rank_math_schema_*,,قالب شِمای Article خودکار چاپ می‌کند ولی ثبت شمای Rank Math کامل‌تر است
2088,entanglement-quantum-computers,https://qpedia.ir/entanglement-quantum-computers/,publish,K02,med,کلیدواژه,کلیدواژه کانونی در عنوان نیست,post_title,kw=«درهم تنیدگی کامپیوترهای کوانتومی امروزی»,کلیدواژه را به‌طور طبیعی در عنوان بیاورید
2088,entanglement-quantum-computers,https://qpedia.ir/entanglement-quantum-computers/,publish,K03,low,کلیدواژه,کلیدواژه کانونی در متای توضیح نیست,meta description,kw=«درهم تنیدگی کامپیوترهای کوانتومی امروزی»,کلیدواژه را در توضیح متا بگنجانید
2088,entanglement-quantum-computers,https://qpedia.ir/entanglement-quantum-computers/,publish,K04,med,کلیدواژه,کلیدواژه در پاراگراف آغازین نیست,پاراگراف آغازین,kw=«درهم تنیدگی کامپیوترهای کوانتومی امروزی»,در صد کلمهٔ نخست، موضوع (کلیدواژه) روشن شود
2088,entanglement-quantum-computers,https://qpedia.ir/entanglement-quantum-computers/,publish,C11,low,محتوا,بدون بخش جمع‌بندی,تیترها,,پایان‌بندی انسانی و روشن داشته باشید
2088,entanglement-quantum-computers,https://qpedia.ir/entanglement-quantum-computers/,publish,C12,low,محتوا,بدون پوشش سوءبرداشت رایج,بدنه,,مطابق استاندارد Qpedia، سوءبرداشت‌های رایج اصلاح شود
2088,entanglement-quantum-computers,https://qpedia.ir/entanglement-quantum-computers/,publish,X04,low,فنی,رمزِ شِمای Rank Math ثبت نشده,rank_math_schema_*,,قالب شِمای Article خودکار چاپ می‌کند ولی ثبت شمای Rank Math کامل‌تر است
2094,einstein-bohr-debate,https://qpedia.ir/einstein-bohr-debate/,publish,K02,med,کلیدواژه,کلیدواژه کانونی در عنوان نیست,post_title,kw=«نبرد اینشتین بور بر سر»,کلیدواژه را به‌طور طبیعی در عنوان بیاورید
2094,einstein-bohr-debate,https://qpedia.ir/einstein-bohr-debate/,publish,K03,low,کلیدواژه,کلیدواژه کانونی در متای توضیح نیست,meta description,kw=«نبرد اینشتین بور بر سر»,کلیدواژه را در توضیح متا بگنجانید
2094,einstein-bohr-debate,https://qpedia.ir/einstein-bohr-debate/,publish,K04,med,کلیدواژه,کلیدواژه در پاراگراف آغازین نیست,پاراگراف آغازین,kw=«نبرد اینشتین بور بر سر»,در صد کلمهٔ نخست، موضوع (کلیدواژه) روشن شود
2094,einstein-bohr-debate,https://qpedia.ir/einstein-bohr-debate/,publish,C11,low,محتوا,بدون بخش جمع‌بندی,تیترها,,پایان‌بندی انسانی و روشن داشته باشید
2094,einstein-bohr-debate,https://qpedia.ir/einstein-bohr-debate/,publish,C12,low,محتوا,بدون پوشش سوءبرداشت رایج,بدنه,,مطابق استاندارد Qpedia، سوءبرداشت‌های رایج اصلاح شود
2094,einstein-bohr-debate,https://qpedia.ir/einstein-bohr-debate/,publish,X04,low,فنی,رمزِ شِمای Rank Math ثبت نشده,rank_math_schema_*,,قالب شِمای Article خودکار چاپ می‌کند ولی ثبت شمای Rank Math کامل‌تر است
2096,solar-cells-photoelectric,https://qpedia.ir/solar-cells-photoelectric/,publish,K02,med,کلیدواژه,کلیدواژه کانونی در عنوان نیست,post_title,kw=«پنل خورشیدی اثر فوتوالکتریک تبدیل»,کلیدواژه را به‌طور طبیعی در عنوان بیاورید
2096,solar-cells-photoelectric,https://qpedia.ir/solar-cells-photoelectric/,publish,K03,low,کلیدواژه,کلیدواژه کانونی در متای توضیح نیست,meta description,kw=«پنل خورشیدی اثر فوتوالکتریک تبدیل»,کلیدواژه را در توضیح متا بگنجانید
2096,solar-cells-photoelectric,https://qpedia.ir/solar-cells-photoelectric/,publish,K04,med,کلیدواژه,کلیدواژه در پاراگراف آغازین نیست,پاراگراف آغازین,kw=«پنل خورشیدی اثر فوتوالکتریک تبدیل»,در صد کلمهٔ نخست، موضوع (کلیدواژه) روشن شود
2096,solar-cells-photoelectric,https://qpedia.ir/solar-cells-photoelectric/,publish,C11,low,محتوا,بدون بخش جمع‌بندی,تیترها,,پایان‌بندی انسانی و روشن داشته باشید
2096,solar-cells-photoelectric,https://qpedia.ir/solar-cells-photoelectric/,publish,C12,low,محتوا,بدون پوشش سوءبرداشت رایج,بدنه,,مطابق استاندارد Qpedia، سوءبرداشت‌های رایج اصلاح شود
2096,solar-cells-photoelectric,https://qpedia.ir/solar-cells-photoelectric/,publish,X04,low,فنی,رمزِ شِمای Rank Math ثبت نشده,rank_math_schema_*,,قالب شِمای Article خودکار چاپ می‌کند ولی ثبت شمای Rank Math کامل‌تر است
2087,quantum-sensors,https://qpedia.ir/quantum-sensors/,publish,K02,med,کلیدواژه,کلیدواژه کانونی در عنوان نیست,post_title,kw=«حسگرهای کوانتومی آیندهٔ دقت اندازه»,کلیدواژه را به‌طور طبیعی در عنوان بیاورید
2087,quantum-sensors,https://qpedia.ir/quantum-sensors/,publish,K03,low,کلیدواژه,کلیدواژه کانونی در متای توضیح نیست,meta description,kw=«حسگرهای کوانتومی آیندهٔ دقت اندازه»,کلیدواژه را در توضیح متا بگنجانید
2087,quantum-sensors,https://qpedia.ir/quantum-sensors/,publish,K04,med,کلیدواژه,کلیدواژه در پاراگراف آغازین نیست,پاراگراف آغازین,kw=«حسگرهای کوانتومی آیندهٔ دقت اندازه»,در صد کلمهٔ نخست، موضوع (کلیدواژه) روشن شود
2087,quantum-sensors,https://qpedia.ir/quantum-sensors/,publish,C11,low,محتوا,بدون بخش جمع‌بندی,تیترها,,پایان‌بندی انسانی و روشن داشته باشید
2087,quantum-sensors,https://qpedia.ir/quantum-sensors/,publish,C12,low,محتوا,بدون پوشش سوءبرداشت رایج,بدنه,,مطابق استاندارد Qpedia، سوءبرداشت‌های رایج اصلاح شود
2087,quantum-sensors,https://qpedia.ir/quantum-sensors/,publish,X04,low,فنی,رمزِ شِمای Rank Math ثبت نشده,rank_math_schema_*,,قالب شِمای Article خودکار چاپ می‌کند ولی ثبت شمای Rank Math کامل‌تر است
505,electron,https://qpedia.ir/electron/,publish,K02,med,کلیدواژه,کلیدواژه کانونی در عنوان نیست,post_title,kw=«الکترون ویژگی ها، نقش اتم»,کلیدواژه را به‌طور طبیعی در عنوان بیاورید
505,electron,https://qpedia.ir/electron/,publish,K03,low,کلیدواژه,کلیدواژه کانونی در متای توضیح نیست,meta description,kw=«الکترون ویژگی ها، نقش اتم»,کلیدواژه را در توضیح متا بگنجانید
505,electron,https://qpedia.ir/electron/,publish,K04,med,کلیدواژه,کلیدواژه در پاراگراف آغازین نیست,پاراگراف آغازین,kw=«الکترون ویژگی ها، نقش اتم»,در صد کلمهٔ نخست، موضوع (کلیدواژه) روشن شود
505,electron,https://qpedia.ir/electron/,publish,C09,low,محتوا,بخش پرسش‌های متداول ندارد,تیترها,,افزودن FAQ ساخت‌یافته به پوشش نیت جستجو کمک می‌کند
505,electron,https://qpedia.ir/electron/,publish,C12,low,محتوا,بدون پوشش سوءبرداشت رایج,بدنه,,مطابق استاندارد Qpedia، سوءبرداشت‌های رایج اصلاح شود
505,electron,https://qpedia.ir/electron/,publish,X04,low,فنی,رمزِ شِمای Rank Math ثبت نشده,rank_math_schema_*,,قالب شِمای Article خودکار چاپ می‌کند ولی ثبت شمای Rank Math کامل‌تر است
2478,holographic-principle,https://qpedia.ir/holographic-principle/,publish,K02,med,کلیدواژه,کلیدواژه کانونی در عنوان نیست,post_title,kw=«اصل هولوگرافیک جهان ما یک»,کلیدواژه را به‌طور طبیعی در عنوان بیاورید
2478,holographic-principle,https://qpedia.ir/holographic-principle/,publish,K03,low,کلیدواژه,کلیدواژه کانونی در متای توضیح نیست,meta description,kw=«اصل هولوگرافیک جهان ما یک»,کلیدواژه را در توضیح متا بگنجانید
2478,holographic-principle,https://qpedia.ir/holographic-principle/,publish,K04,med,کلیدواژه,کلیدواژه در پاراگراف آغازین نیست,پاراگراف آغازین,kw=«اصل هولوگرافیک جهان ما یک»,در صد کلمهٔ نخست، موضوع (کلیدواژه) روشن شود
2478,holographic-principle,https://qpedia.ir/holographic-principle/,publish,C11,low,محتوا,بدون بخش جمع‌بندی,تیترها,,پایان‌بندی انسانی و روشن داشته باشید
2478,holographic-principle,https://qpedia.ir/holographic-principle/,publish,C12,low,محتوا,بدون پوشش سوءبرداشت رایج,بدنه,,مطابق استاندارد Qpedia، سوءبرداشت‌های رایج اصلاح شود
2478,holographic-principle,https://qpedia.ir/holographic-principle/,publish,X04,low,فنی,رمزِ شِمای Rank Math ثبت نشده,rank_math_schema_*,,قالب شِمای Article خودکار چاپ می‌کند ولی ثبت شمای Rank Math کامل‌تر است
2479,post-quantum-cryptography,https://qpedia.ir/post-quantum-cryptography/,publish,K02,med,کلیدواژه,کلیدواژه کانونی در عنوان نیست,post_title,kw=«رمزنگاری پساکوانتومی قفل های تازهٔ»,کلیدواژه را به‌طور طبیعی در عنوان بیاورید
2479,post-quantum-cryptography,https://qpedia.ir/post-quantum-cryptography/,publish,K03,low,کلیدواژه,کلیدواژه کانونی در متای توضیح نیست,meta description,kw=«رمزنگاری پساکوانتومی قفل های تازهٔ»,کلیدواژه را در توضیح متا بگنجانید
2479,post-quantum-cryptography,https://qpedia.ir/post-quantum-cryptography/,publish,K04,med,کلیدواژه,کلیدواژه در پاراگراف آغازین نیست,پاراگراف آغازین,kw=«رمزنگاری پساکوانتومی قفل های تازهٔ»,در صد کلمهٔ نخست، موضوع (کلیدواژه) روشن شود
2479,post-quantum-cryptography,https://qpedia.ir/post-quantum-cryptography/,publish,C11,low,محتوا,بدون بخش جمع‌بندی,تیترها,,پایان‌بندی انسانی و روشن داشته باشید
2479,post-quantum-cryptography,https://qpedia.ir/post-quantum-cryptography/,publish,C12,low,محتوا,بدون پوشش سوءبرداشت رایج,بدنه,,مطابق استاندارد Qpedia، سوءبرداشت‌های رایج اصلاح شود
2479,post-quantum-cryptography,https://qpedia.ir/post-quantum-cryptography/,publish,X04,low,فنی,رمزِ شِمای Rank Math ثبت نشده,rank_math_schema_*,,قالب شِمای Article خودکار چاپ می‌کند ولی ثبت شمای Rank Math کامل‌تر است
2480,quantum-chemistry,https://qpedia.ir/quantum-chemistry/,publish,K02,med,کلیدواژه,کلیدواژه کانونی در عنوان نیست,post_title,kw=«شیمی کوانتومی دستتان دیوار رد»,کلیدواژه را به‌طور طبیعی در عنوان بیاورید
2480,quantum-chemistry,https://qpedia.ir/quantum-chemistry/,publish,K03,low,کلیدواژه,کلیدواژه کانونی در متای توضیح نیست,meta description,kw=«شیمی کوانتومی دستتان دیوار رد»,کلیدواژه را در توضیح متا بگنجانید
2480,quantum-chemistry,https://qpedia.ir/quantum-chemistry/,publish,K04,med,کلیدواژه,کلیدواژه در پاراگراف آغازین نیست,پاراگراف آغازین,kw=«شیمی کوانتومی دستتان دیوار رد»,در صد کلمهٔ نخست، موضوع (کلیدواژه) روشن شود
2480,quantum-chemistry,https://qpedia.ir/quantum-chemistry/,publish,C11,low,محتوا,بدون بخش جمع‌بندی,تیترها,,پایان‌بندی انسانی و روشن داشته باشید
2480,quantum-chemistry,https://qpedia.ir/quantum-chemistry/,publish,C12,low,محتوا,بدون پوشش سوءبرداشت رایج,بدنه,,مطابق استاندارد Qpedia، سوءبرداشت‌های رایج اصلاح شود
2480,quantum-chemistry,https://qpedia.ir/quantum-chemistry/,publish,X04,low,فنی,رمزِ شِمای Rank Math ثبت نشده,rank_math_schema_*,,قالب شِمای Article خودکار چاپ می‌کند ولی ثبت شمای Rank Math کامل‌تر است
2485,quantum-healing-debunked,https://qpedia.ir/quantum-healing-debunked/,publish,K02,med,کلیدواژه,کلیدواژه کانونی در عنوان نیست,post_title,kw=«شفای کوانتومی ادعا شبه علم»,کلیدواژه را به‌طور طبیعی در عنوان بیاورید
2485,quantum-healing-debunked,https://qpedia.ir/quantum-healing-debunked/,publish,K03,low,کلیدواژه,کلیدواژه کانونی در متای توضیح نیست,meta description,kw=«شفای کوانتومی ادعا شبه علم»,کلیدواژه را در توضیح متا بگنجانید
2485,quantum-healing-debunked,https://qpedia.ir/quantum-healing-debunked/,publish,K04,med,کلیدواژه,کلیدواژه در پاراگراف آغازین نیست,پاراگراف آغازین,kw=«شفای کوانتومی ادعا شبه علم»,در صد کلمهٔ نخست، موضوع (کلیدواژه) روشن شود
2485,quantum-healing-debunked,https://qpedia.ir/quantum-healing-debunked/,publish,C11,low,محتوا,بدون بخش جمع‌بندی,تیترها,,پایان‌بندی انسانی و روشن داشته باشید
2485,quantum-healing-debunked,https://qpedia.ir/quantum-healing-debunked/,publish,C12,low,محتوا,بدون پوشش سوءبرداشت رایج,بدنه,,مطابق استاندارد Qpedia، سوءبرداشت‌های رایج اصلاح شود
2485,quantum-healing-debunked,https://qpedia.ir/quantum-healing-debunked/,publish,X04,low,فنی,رمزِ شِمای Rank Math ثبت نشده,rank_math_schema_*,,قالب شِمای Article خودکار چاپ می‌کند ولی ثبت شمای Rank Math کامل‌تر است
2486,string-theory-quantum,https://qpedia.ir/string-theory-quantum/,publish,K02,med,کلیدواژه,کلیدواژه کانونی در عنوان نیست,post_title,kw=«نظریهٔ ریسمان کوانتوم جهان جنس»,کلیدواژه را به‌طور طبیعی در عنوان بیاورید
2486,string-theory-quantum,https://qpedia.ir/string-theory-quantum/,publish,K03,low,کلیدواژه,کلیدواژه کانونی در متای توضیح نیست,meta description,kw=«نظریهٔ ریسمان کوانتوم جهان جنس»,کلیدواژه را در توضیح متا بگنجانید
2486,string-theory-quantum,https://qpedia.ir/string-theory-quantum/,publish,K04,med,کلیدواژه,کلیدواژه در پاراگراف آغازین نیست,پاراگراف آغازین,kw=«نظریهٔ ریسمان کوانتوم جهان جنس»,در صد کلمهٔ نخست، موضوع (کلیدواژه) روشن شود
2486,string-theory-quantum,https://qpedia.ir/string-theory-quantum/,publish,C11,low,محتوا,بدون بخش جمع‌بندی,تیترها,,پایان‌بندی انسانی و روشن داشته باشید
2486,string-theory-quantum,https://qpedia.ir/string-theory-quantum/,publish,C12,low,محتوا,بدون پوشش سوءبرداشت رایج,بدنه,,مطابق استاندارد Qpedia، سوءبرداشت‌های رایج اصلاح شود
2486,string-theory-quantum,https://qpedia.ir/string-theory-quantum/,publish,X04,low,فنی,رمزِ شِمای Rank Math ثبت نشده,rank_math_schema_*,,قالب شِمای Article خودکار چاپ می‌کند ولی ثبت شمای Rank Math کامل‌تر است
2487,time-crystal,https://qpedia.ir/time-crystal/,publish,K02,med,کلیدواژه,کلیدواژه کانونی در عنوان نیست,post_title,kw=«کریستال زمان ماده ای زمان»,کلیدواژه را به‌طور طبیعی در عنوان بیاورید
2487,time-crystal,https://qpedia.ir/time-crystal/,publish,K03,low,کلیدواژه,کلیدواژه کانونی در متای توضیح نیست,meta description,kw=«کریستال زمان ماده ای زمان»,کلیدواژه را در توضیح متا بگنجانید
2487,time-crystal,https://qpedia.ir/time-crystal/,publish,K04,med,کلیدواژه,کلیدواژه در پاراگراف آغازین نیست,پاراگراف آغازین,kw=«کریستال زمان ماده ای زمان»,در صد کلمهٔ نخست، موضوع (کلیدواژه) روشن شود
2487,time-crystal,https://qpedia.ir/time-crystal/,publish,C11,low,محتوا,بدون بخش جمع‌بندی,تیترها,,پایان‌بندی انسانی و روشن داشته باشید
2487,time-crystal,https://qpedia.ir/time-crystal/,publish,C12,low,محتوا,بدون پوشش سوءبرداشت رایج,بدنه,,مطابق استاندارد Qpedia، سوءبرداشت‌های رایج اصلاح شود
2487,time-crystal,https://qpedia.ir/time-crystal/,publish,X04,low,فنی,رمزِ شِمای Rank Math ثبت نشده,rank_math_schema_*,,قالب شِمای Article خودکار چاپ می‌کند ولی ثبت شمای Rank Math کامل‌تر است
2490,ibm-condor-processor,https://qpedia.ir/ibm-condor-processor/,publish,K02,med,کلیدواژه,کلیدواژه کانونی در عنوان نیست,post_title,kw=«پردازندهٔ IBM Condor هزار کیوبیت»,کلیدواژه را به‌طور طبیعی در عنوان بیاورید
2490,ibm-condor-processor,https://qpedia.ir/ibm-condor-processor/,publish,K03,low,کلیدواژه,کلیدواژه کانونی در متای توضیح نیست,meta description,kw=«پردازندهٔ IBM Condor هزار کیوبیت»,کلیدواژه را در توضیح متا بگنجانید
2490,ibm-condor-processor,https://qpedia.ir/ibm-condor-processor/,publish,K04,med,کلیدواژه,کلیدواژه در پاراگراف آغازین نیست,پاراگراف آغازین,kw=«پردازندهٔ IBM Condor هزار کیوبیت»,در صد کلمهٔ نخست، موضوع (کلیدواژه) روشن شود
2490,ibm-condor-processor,https://qpedia.ir/ibm-condor-processor/,publish,C11,low,محتوا,بدون بخش جمع‌بندی,تیترها,,پایان‌بندی انسانی و روشن داشته باشید
2490,ibm-condor-processor,https://qpedia.ir/ibm-condor-processor/,publish,C12,low,محتوا,بدون پوشش سوءبرداشت رایج,بدنه,,مطابق استاندارد Qpedia، سوءبرداشت‌های رایج اصلاح شود
2490,ibm-condor-processor,https://qpedia.ir/ibm-condor-processor/,publish,X04,low,فنی,رمزِ شِمای Rank Math ثبت نشده,rank_math_schema_*,,قالب شِمای Article خودکار چاپ می‌کند ولی ثبت شمای Rank Math کامل‌تر است
2491,pet-scan-antimatter,https://qpedia.ir/pet-scan-antimatter/,publish,K02,med,کلیدواژه,کلیدواژه کانونی در عنوان نیست,post_title,kw=«پادماده پزشکی اسکن پت چطور»,کلیدواژه را به‌طور طبیعی در عنوان بیاورید
2491,pet-scan-antimatter,https://qpedia.ir/pet-scan-antimatter/,publish,K03,low,کلیدواژه,کلیدواژه کانونی در متای توضیح نیست,meta description,kw=«پادماده پزشکی اسکن پت چطور»,کلیدواژه را در توضیح متا بگنجانید
2491,pet-scan-antimatter,https://qpedia.ir/pet-scan-antimatter/,publish,K04,med,کلیدواژه,کلیدواژه در پاراگراف آغازین نیست,پاراگراف آغازین,kw=«پادماده پزشکی اسکن پت چطور»,در صد کلمهٔ نخست، موضوع (کلیدواژه) روشن شود
2491,pet-scan-antimatter,https://qpedia.ir/pet-scan-antimatter/,publish,C11,low,محتوا,بدون بخش جمع‌بندی,تیترها,,پایان‌بندی انسانی و روشن داشته باشید
2491,pet-scan-antimatter,https://qpedia.ir/pet-scan-antimatter/,publish,C12,low,محتوا,بدون پوشش سوءبرداشت رایج,بدنه,,مطابق استاندارد Qpedia، سوءبرداشت‌های رایج اصلاح شود
2491,pet-scan-antimatter,https://qpedia.ir/pet-scan-antimatter/,publish,X04,low,فنی,رمزِ شِمای Rank Math ثبت نشده,rank_math_schema_*,,قالب شِمای Article خودکار چاپ می‌کند ولی ثبت شمای Rank Math کامل‌تر است
2494,quantum-internet-satellite,https://qpedia.ir/quantum-internet-satellite/,publish,K02,med,کلیدواژه,کلیدواژه کانونی در عنوان نیست,post_title,kw=«اینترنت کوانتومی فضایی ماجرای ماهوارهٔ»,کلیدواژه را به‌طور طبیعی در عنوان بیاورید
2494,quantum-internet-satellite,https://qpedia.ir/quantum-internet-satellite/,publish,K03,low,کلیدواژه,کلیدواژه کانونی در متای توضیح نیست,meta description,kw=«اینترنت کوانتومی فضایی ماجرای ماهوارهٔ»,کلیدواژه را در توضیح متا بگنجانید
2494,quantum-internet-satellite,https://qpedia.ir/quantum-internet-satellite/,publish,K04,med,کلیدواژه,کلیدواژه در پاراگراف آغازین نیست,پاراگراف آغازین,kw=«اینترنت کوانتومی فضایی ماجرای ماهوارهٔ»,در صد کلمهٔ نخست، موضوع (کلیدواژه) روشن شود
2494,quantum-internet-satellite,https://qpedia.ir/quantum-internet-satellite/,publish,C11,low,محتوا,بدون بخش جمع‌بندی,تیترها,,پایان‌بندی انسانی و روشن داشته باشید
2494,quantum-internet-satellite,https://qpedia.ir/quantum-internet-satellite/,publish,C12,low,محتوا,بدون پوشش سوءبرداشت رایج,بدنه,,مطابق استاندارد Qpedia، سوءبرداشت‌های رایج اصلاح شود
2494,quantum-internet-satellite,https://qpedia.ir/quantum-internet-satellite/,publish,X04,low,فنی,رمزِ شِمای Rank Math ثبت نشده,rank_math_schema_*,,قالب شِمای Article خودکار چاپ می‌کند ولی ثبت شمای Rank Math کامل‌تر است
2495,quantum-machine-learning,https://qpedia.ir/quantum-machine-learning/,publish,K02,med,کلیدواژه,کلیدواژه کانونی در عنوان نیست,post_title,kw=«یادگیری ماشین کوانتومی وعده ها»,کلیدواژه را به‌طور طبیعی در عنوان بیاورید
2495,quantum-machine-learning,https://qpedia.ir/quantum-machine-learning/,publish,K03,low,کلیدواژه,کلیدواژه کانونی در متای توضیح نیست,meta description,kw=«یادگیری ماشین کوانتومی وعده ها»,کلیدواژه را در توضیح متا بگنجانید
2495,quantum-machine-learning,https://qpedia.ir/quantum-machine-learning/,publish,K04,med,کلیدواژه,کلیدواژه در پاراگراف آغازین نیست,پاراگراف آغازین,kw=«یادگیری ماشین کوانتومی وعده ها»,در صد کلمهٔ نخست، موضوع (کلیدواژه) روشن شود
2495,quantum-machine-learning,https://qpedia.ir/quantum-machine-learning/,publish,C11,low,محتوا,بدون بخش جمع‌بندی,تیترها,,پایان‌بندی انسانی و روشن داشته باشید
2495,quantum-machine-learning,https://qpedia.ir/quantum-machine-learning/,publish,C12,low,محتوا,بدون پوشش سوءبرداشت رایج,بدنه,,مطابق استاندارد Qpedia، سوءبرداشت‌های رایج اصلاح شود
2495,quantum-machine-learning,https://qpedia.ir/quantum-machine-learning/,publish,X04,low,فنی,رمزِ شِمای Rank Math ثبت نشده,rank_math_schema_*,,قالب شِمای Article خودکار چاپ می‌کند ولی ثبت شمای Rank Math کامل‌تر است
2496,quantum-radar,https://qpedia.ir/quantum-radar/,publish,K02,med,کلیدواژه,کلیدواژه کانونی در عنوان نیست,post_title,kw=«رادار کوانتومی جنگندهٔ رادارگریز می»,کلیدواژه را به‌طور طبیعی در عنوان بیاورید
2496,quantum-radar,https://qpedia.ir/quantum-radar/,publish,K03,low,کلیدواژه,کلیدواژه کانونی در متای توضیح نیست,meta description,kw=«رادار کوانتومی جنگندهٔ رادارگریز می»,کلیدواژه را در توضیح متا بگنجانید
2496,quantum-radar,https://qpedia.ir/quantum-radar/,publish,K04,med,کلیدواژه,کلیدواژه در پاراگراف آغازین نیست,پاراگراف آغازین,kw=«رادار کوانتومی جنگندهٔ رادارگریز می»,در صد کلمهٔ نخست، موضوع (کلیدواژه) روشن شود
2496,quantum-radar,https://qpedia.ir/quantum-radar/,publish,C11,low,محتوا,بدون بخش جمع‌بندی,تیترها,,پایان‌بندی انسانی و روشن داشته باشید
2496,quantum-radar,https://qpedia.ir/quantum-radar/,publish,C12,low,محتوا,بدون پوشش سوءبرداشت رایج,بدنه,,مطابق استاندارد Qpedia، سوءبرداشت‌های رایج اصلاح شود
2496,quantum-radar,https://qpedia.ir/quantum-radar/,publish,X04,low,فنی,رمزِ شِمای Rank Math ثبت نشده,rank_math_schema_*,,قالب شِمای Article خودکار چاپ می‌کند ولی ثبت شمای Rank Math کامل‌تر است
2497,quantum-spin-liquid,https://qpedia.ir/quantum-spin-liquid/,publish,K02,med,کلیدواژه,کلیدواژه کانونی در عنوان نیست,post_title,kw=«مایع اسپینی کوانتومی ماده ای»,کلیدواژه را به‌طور طبیعی در عنوان بیاورید
2497,quantum-spin-liquid,https://qpedia.ir/quantum-spin-liquid/,publish,K03,low,کلیدواژه,کلیدواژه کانونی در متای توضیح نیست,meta description,kw=«مایع اسپینی کوانتومی ماده ای»,کلیدواژه را در توضیح متا بگنجانید
2497,quantum-spin-liquid,https://qpedia.ir/quantum-spin-liquid/,publish,K04,med,کلیدواژه,کلیدواژه در پاراگراف آغازین نیست,پاراگراف آغازین,kw=«مایع اسپینی کوانتومی ماده ای»,در صد کلمهٔ نخست، موضوع (کلیدواژه) روشن شود
2497,quantum-spin-liquid,https://qpedia.ir/quantum-spin-liquid/,publish,C11,low,محتوا,بدون بخش جمع‌بندی,تیترها,,پایان‌بندی انسانی و روشن داشته باشید
2497,quantum-spin-liquid,https://qpedia.ir/quantum-spin-liquid/,publish,C12,low,محتوا,بدون پوشش سوءبرداشت رایج,بدنه,,مطابق استاندارد Qpedia، سوءبرداشت‌های رایج اصلاح شود
2497,quantum-spin-liquid,https://qpedia.ir/quantum-spin-liquid/,publish,X04,low,فنی,رمزِ شِمای Rank Math ثبت نشده,rank_math_schema_*,,قالب شِمای Article خودکار چاپ می‌کند ولی ثبت شمای Rank Math کامل‌تر است
2500,black-hole-information-paradox,https://qpedia.ir/black-hole-information-paradox/,publish,K02,med,کلیدواژه,کلیدواژه کانونی در عنوان نیست,post_title,kw=«پارادوکس اطلاعات سیاه چاله معمای»,کلیدواژه را به‌طور طبیعی در عنوان بیاورید
2500,black-hole-information-paradox,https://qpedia.ir/black-hole-information-paradox/,publish,K03,low,کلیدواژه,کلیدواژه کانونی در متای توضیح نیست,meta description,kw=«پارادوکس اطلاعات سیاه چاله معمای»,کلیدواژه را در توضیح متا بگنجانید
2500,black-hole-information-paradox,https://qpedia.ir/black-hole-information-paradox/,publish,K04,med,کلیدواژه,کلیدواژه در پاراگراف آغازین نیست,پاراگراف آغازین,kw=«پارادوکس اطلاعات سیاه چاله معمای»,در صد کلمهٔ نخست، موضوع (کلیدواژه) روشن شود
2500,black-hole-information-paradox,https://qpedia.ir/black-hole-information-paradox/,publish,C11,low,محتوا,بدون بخش جمع‌بندی,تیترها,,پایان‌بندی انسانی و روشن داشته باشید
2500,black-hole-information-paradox,https://qpedia.ir/black-hole-information-paradox/,publish,C12,low,محتوا,بدون پوشش سوءبرداشت رایج,بدنه,,مطابق استاندارد Qpedia، سوءبرداشت‌های رایج اصلاح شود
2500,black-hole-information-paradox,https://qpedia.ir/black-hole-information-paradox/,publish,X04,low,فنی,رمزِ شِمای Rank Math ثبت نشده,rank_math_schema_*,,قالب شِمای Article خودکار چاپ می‌کند ولی ثبت شمای Rank Math کامل‌تر است
2527,quantum-random-number-generator,https://qpedia.ir/quantum-random-number-generator/,publish,K02,med,کلیدواژه,کلیدواژه کانونی در عنوان نیست,post_title,kw=«عدد تصادفی کوانتومی تنها تصادف»,کلیدواژه را به‌طور طبیعی در عنوان بیاورید
2527,quantum-random-number-generator,https://qpedia.ir/quantum-random-number-generator/,publish,K03,low,کلیدواژه,کلیدواژه کانونی در متای توضیح نیست,meta description,kw=«عدد تصادفی کوانتومی تنها تصادف»,کلیدواژه را در توضیح متا بگنجانید
2527,quantum-random-number-generator,https://qpedia.ir/quantum-random-number-generator/,publish,K04,med,کلیدواژه,کلیدواژه در پاراگراف آغازین نیست,پاراگراف آغازین,kw=«عدد تصادفی کوانتومی تنها تصادف»,در صد کلمهٔ نخست، موضوع (کلیدواژه) روشن شود
2527,quantum-random-number-generator,https://qpedia.ir/quantum-random-number-generator/,publish,C11,low,محتوا,بدون بخش جمع‌بندی,تیترها,,پایان‌بندی انسانی و روشن داشته باشید
2527,quantum-random-number-generator,https://qpedia.ir/quantum-random-number-generator/,publish,C12,low,محتوا,بدون پوشش سوءبرداشت رایج,بدنه,,مطابق استاندارد Qpedia، سوءبرداشت‌های رایج اصلاح شود
2527,quantum-random-number-generator,https://qpedia.ir/quantum-random-number-generator/,publish,X04,low,فنی,رمزِ شِمای Rank Math ثبت نشده,rank_math_schema_*,,قالب شِمای Article خودکار چاپ می‌کند ولی ثبت شمای Rank Math کامل‌تر است
2528,room-temperature-superconductor,https://qpedia.ir/room-temperature-superconductor/,publish,K02,med,کلیدواژه,کلیدواژه کانونی در عنوان نیست,post_title,kw=«ابررسانای دمای اتاق درس LK-99»,کلیدواژه را به‌طور طبیعی در عنوان بیاورید
2528,room-temperature-superconductor,https://qpedia.ir/room-temperature-superconductor/,publish,K03,low,کلیدواژه,کلیدواژه کانونی در متای توضیح نیست,meta description,kw=«ابررسانای دمای اتاق درس LK-99»,کلیدواژه را در توضیح متا بگنجانید
2528,room-temperature-superconductor,https://qpedia.ir/room-temperature-superconductor/,publish,K04,med,کلیدواژه,کلیدواژه در پاراگراف آغازین نیست,پاراگراف آغازین,kw=«ابررسانای دمای اتاق درس LK-99»,در صد کلمهٔ نخست، موضوع (کلیدواژه) روشن شود
2528,room-temperature-superconductor,https://qpedia.ir/room-temperature-superconductor/,publish,C11,low,محتوا,بدون بخش جمع‌بندی,تیترها,,پایان‌بندی انسانی و روشن داشته باشید
2528,room-temperature-superconductor,https://qpedia.ir/room-temperature-superconductor/,publish,C12,low,محتوا,بدون پوشش سوءبرداشت رایج,بدنه,,مطابق استاندارد Qpedia، سوءبرداشت‌های رایج اصلاح شود
2528,room-temperature-superconductor,https://qpedia.ir/room-temperature-superconductor/,publish,X04,low,فنی,رمزِ شِمای Rank Math ثبت نشده,rank_math_schema_*,,قالب شِمای Article خودکار چاپ می‌کند ولی ثبت شمای Rank Math کامل‌تر است
2248,scanning-tunneling-microscope,https://qpedia.ir/scanning-tunneling-microscope/,publish,K06,med,کلیدواژه,تراکم کلیدواژه بیش از حد,بدنه,تراکم≈3.3٪ (8 تکرار کلیدواژه «میکروسکوپ تونلی»),تراکم را زیر ~۲.۵٪ نگه دارید (جلوگیری از Keyword Stuffing)
2248,scanning-tunneling-microscope,https://qpedia.ir/scanning-tunneling-microscope/,publish,C01,high,محتوا,محتوای بسیار نازک,بدنه,478 کلمه,گوگل محتوای «کامل و جامع» می‌خواهد؛ صفحه محتوای کافی ندارد
2248,scanning-tunneling-microscope,https://qpedia.ir/scanning-tunneling-microscope/,publish,C08,med,محتوا,ارجاع خارجی کمتر از ۳,بدنه,فقط 1 لینک خارجی یکتا,حداقل ۳ لینک معتبر خارجی (DOI/دانشگاه/مرجع علمی) بدهید
2248,scanning-tunneling-microscope,https://qpedia.ir/scanning-tunneling-microscope/,publish,C12,low,محتوا,بدون پوشش سوءبرداشت رایج,بدنه,,مطابق استاندارد Qpedia، سوءبرداشت‌های رایج اصلاح شود
2248,scanning-tunneling-microscope,https://qpedia.ir/scanning-tunneling-microscope/,publish,X04,low,فنی,رمزِ شِمای Rank Math ثبت نشده,rank_math_schema_*,,قالب شِمای Article خودکار چاپ می‌کند ولی ثبت شمای Rank Math کامل‌تر است
2252,grover-algorithm,https://qpedia.ir/grover-algorithm/,publish,K03,low,کلیدواژه,کلیدواژه کانونی در متای توضیح نیست,meta description,kw=«الگوریتم گروور»,کلیدواژه را در توضیح متا بگنجانید
2252,grover-algorithm,https://qpedia.ir/grover-algorithm/,publish,C01,high,محتوا,محتوای بسیار نازک,بدنه,457 کلمه,گوگل محتوای «کامل و جامع» می‌خواهد؛ صفحه محتوای کافی ندارد
2252,grover-algorithm,https://qpedia.ir/grover-algorithm/,publish,C08,med,محتوا,ارجاع خارجی کمتر از ۳,بدنه,فقط 2 لینک خارجی یکتا,حداقل ۳ لینک معتبر خارجی (DOI/دانشگاه/مرجع علمی) بدهید
2252,grover-algorithm,https://qpedia.ir/grover-algorithm/,publish,C12,low,محتوا,بدون پوشش سوءبرداشت رایج,بدنه,,مطابق استاندارد Qpedia، سوءبرداشت‌های رایج اصلاح شود
2252,grover-algorithm,https://qpedia.ir/grover-algorithm/,publish,X04,low,فنی,رمزِ شِمای Rank Math ثبت نشده,rank_math_schema_*,,قالب شِمای Article خودکار چاپ می‌کند ولی ثبت شمای Rank Math کامل‌تر است
2254,bose-einstein-condensate,https://qpedia.ir/bose-einstein-condensate/,publish,K03,low,کلیدواژه,کلیدواژه کانونی در متای توضیح نیست,meta description,kw=«چگالش بوز-اینشتین»,کلیدواژه را در توضیح متا بگنجانید
2254,bose-einstein-condensate,https://qpedia.ir/bose-einstein-condensate/,publish,C01,high,محتوا,محتوای بسیار نازک,بدنه,503 کلمه,گوگل محتوای «کامل و جامع» می‌خواهد؛ صفحه محتوای کافی ندارد
2254,bose-einstein-condensate,https://qpedia.ir/bose-einstein-condensate/,publish,C08,med,محتوا,ارجاع خارجی کمتر از ۳,بدنه,فقط 1 لینک خارجی یکتا,حداقل ۳ لینک معتبر خارجی (DOI/دانشگاه/مرجع علمی) بدهید
2254,bose-einstein-condensate,https://qpedia.ir/bose-einstein-condensate/,publish,C12,low,محتوا,بدون پوشش سوءبرداشت رایج,بدنه,,مطابق استاندارد Qpedia، سوءبرداشت‌های رایج اصلاح شود
2254,bose-einstein-condensate,https://qpedia.ir/bose-einstein-condensate/,publish,X04,low,فنی,رمزِ شِمای Rank Math ثبت نشده,rank_math_schema_*,,قالب شِمای Article خودکار چاپ می‌کند ولی ثبت شمای Rank Math کامل‌تر است
2259,pilot-wave,https://qpedia.ir/pilot-wave/,publish,K03,low,کلیدواژه,کلیدواژه کانونی در متای توضیح نیست,meta description,kw=«تفسیر دوبروی-بوهم»,کلیدواژه را در توضیح متا بگنجانید
2259,pilot-wave,https://qpedia.ir/pilot-wave/,publish,C01,high,محتوا,محتوای بسیار نازک,بدنه,467 کلمه,گوگل محتوای «کامل و جامع» می‌خواهد؛ صفحه محتوای کافی ندارد
2259,pilot-wave,https://qpedia.ir/pilot-wave/,publish,C08,med,محتوا,ارجاع خارجی کمتر از ۳,بدنه,فقط 1 لینک خارجی یکتا,حداقل ۳ لینک معتبر خارجی (DOI/دانشگاه/مرجع علمی) بدهید
2259,pilot-wave,https://qpedia.ir/pilot-wave/,publish,C12,low,محتوا,بدون پوشش سوءبرداشت رایج,بدنه,,مطابق استاندارد Qpedia، سوءبرداشت‌های رایج اصلاح شود
2259,pilot-wave,https://qpedia.ir/pilot-wave/,publish,X04,low,فنی,رمزِ شِمای Rank Math ثبت نشده,rank_math_schema_*,,قالب شِمای Article خودکار چاپ می‌کند ولی ثبت شمای Rank Math کامل‌تر است
3432,quantum-logic,https://qpedia.ir/quantum-logic/,publish,T02,med,عنوان و متا,عنوان خیلی بلند,post_title,75 نویسه: «منطق کوانتومی؛ چرا گزاره‌های آزمایش مانند مجموعه‌های معمولی رفتار نمی‌کنند؟…»,عنوان را به حدود ۶۰ نویسه کاهش دهید؛ گوگل تیترهای بلند را می‌بُرد یا بازنویسی می‌کند
3432,quantum-logic,https://qpedia.ir/quantum-logic/,publish,C01,high,محتوا,محتوای بسیار نازک,بدنه,332 کلمه,گوگل محتوای «کامل و جامع» می‌خواهد؛ صفحه محتوای کافی ندارد
3432,quantum-logic,https://qpedia.ir/quantum-logic/,publish,C12,low,محتوا,بدون پوشش سوءبرداشت رایج,بدنه,,مطابق استاندارد Qpedia، سوءبرداشت‌های رایج اصلاح شود
3432,quantum-logic,https://qpedia.ir/quantum-logic/,publish,X05,med,فنی,صفحه یتیم (بدون لینک ورودی داخلی),گراف لینک داخلی,هیچ لینک ورودی از مقالات منتشرشدهٔ دیگر,از مقالات مرتبط به این صفحه لینک بدهید
3426,quantum-contextuality,https://qpedia.ir/quantum-contextuality/,publish,T02,med,عنوان و متا,عنوان خیلی بلند,post_title,75 نویسه: «زمینه‌مندی کوانتومی؛ چرا نتیجه را نمی‌توان مستقل از شیوه اندازه‌گیری دانست؟…»,عنوان را به حدود ۶۰ نویسه کاهش دهید؛ گوگل تیترهای بلند را می‌بُرد یا بازنویسی می‌کند
3426,quantum-contextuality,https://qpedia.ir/quantum-contextuality/,publish,K04,med,کلیدواژه,کلیدواژه در پاراگراف آغازین نیست,پاراگراف آغازین,kw=«زمینه‌مندی کوانتومی»,در صد کلمهٔ نخست، موضوع (کلیدواژه) روشن شود
3426,quantum-contextuality,https://qpedia.ir/quantum-contextuality/,publish,C01,high,محتوا,محتوای بسیار نازک,بدنه,365 کلمه,گوگل محتوای «کامل و جامع» می‌خواهد؛ صفحه محتوای کافی ندارد
3426,quantum-contextuality,https://qpedia.ir/quantum-contextuality/,publish,C12,low,محتوا,بدون پوشش سوءبرداشت رایج,بدنه,,مطابق استاندارد Qpedia، سوءبرداشت‌های رایج اصلاح شود
2482,quantum-darwinism,https://qpedia.ir/quantum-darwinism/,publish,K02,med,کلیدواژه,کلیدواژه کانونی در عنوان نیست,post_title,kw=«داروینیسم کوانتومی همه یک واقعیت»,کلیدواژه را به‌طور طبیعی در عنوان بیاورید
2482,quantum-darwinism,https://qpedia.ir/quantum-darwinism/,publish,K03,low,کلیدواژه,کلیدواژه کانونی در متای توضیح نیست,meta description,kw=«داروینیسم کوانتومی همه یک واقعیت»,کلیدواژه را در توضیح متا بگنجانید
2482,quantum-darwinism,https://qpedia.ir/quantum-darwinism/,publish,K04,med,کلیدواژه,کلیدواژه در پاراگراف آغازین نیست,پاراگراف آغازین,kw=«داروینیسم کوانتومی همه یک واقعیت»,در صد کلمهٔ نخست، موضوع (کلیدواژه) روشن شود
2482,quantum-darwinism,https://qpedia.ir/quantum-darwinism/,publish,C11,low,محتوا,بدون بخش جمع‌بندی,تیترها,,پایان‌بندی انسانی و روشن داشته باشید
2482,quantum-darwinism,https://qpedia.ir/quantum-darwinism/,publish,C12,low,محتوا,بدون پوشش سوءبرداشت رایج,بدنه,,مطابق استاندارد Qpedia، سوءبرداشت‌های رایج اصلاح شود
2482,quantum-darwinism,https://qpedia.ir/quantum-darwinism/,publish,X04,low,فنی,رمزِ شِمای Rank Math ثبت نشده,rank_math_schema_*,,قالب شِمای Article خودکار چاپ می‌کند ولی ثبت شمای Rank Math کامل‌تر است
2533,josephson-junction,https://qpedia.ir/josephson-junction/,publish,K02,med,کلیدواژه,کلیدواژه کانونی در عنوان نیست,post_title,kw=«پیوند جوزفسون قلب تپندهٔ کامپیوتر»,کلیدواژه را به‌طور طبیعی در عنوان بیاورید
2533,josephson-junction,https://qpedia.ir/josephson-junction/,publish,K03,low,کلیدواژه,کلیدواژه کانونی در متای توضیح نیست,meta description,kw=«پیوند جوزفسون قلب تپندهٔ کامپیوتر»,کلیدواژه را در توضیح متا بگنجانید
2533,josephson-junction,https://qpedia.ir/josephson-junction/,publish,K04,med,کلیدواژه,کلیدواژه در پاراگراف آغازین نیست,پاراگراف آغازین,kw=«پیوند جوزفسون قلب تپندهٔ کامپیوتر»,در صد کلمهٔ نخست، موضوع (کلیدواژه) روشن شود
2533,josephson-junction,https://qpedia.ir/josephson-junction/,publish,C11,low,محتوا,بدون بخش جمع‌بندی,تیترها,,پایان‌بندی انسانی و روشن داشته باشید
2533,josephson-junction,https://qpedia.ir/josephson-junction/,publish,C12,low,محتوا,بدون پوشش سوءبرداشت رایج,بدنه,,مطابق استاندارد Qpedia، سوءبرداشت‌های رایج اصلاح شود
2533,josephson-junction,https://qpedia.ir/josephson-junction/,publish,X04,low,فنی,رمزِ شِمای Rank Math ثبت نشده,rank_math_schema_*,,قالب شِمای Article خودکار چاپ می‌کند ولی ثبت شمای Rank Math کامل‌تر است
2742,muon-and-tau,https://qpedia.ir/muon-and-tau/,publish,K02,med,کلیدواژه,کلیدواژه کانونی در عنوان نیست,post_title,kw=«میون تاو پسرعموهای سنگین الکترون»,کلیدواژه را به‌طور طبیعی در عنوان بیاورید
2742,muon-and-tau,https://qpedia.ir/muon-and-tau/,publish,K03,low,کلیدواژه,کلیدواژه کانونی در متای توضیح نیست,meta description,kw=«میون تاو پسرعموهای سنگین الکترون»,کلیدواژه را در توضیح متا بگنجانید
2742,muon-and-tau,https://qpedia.ir/muon-and-tau/,publish,K04,med,کلیدواژه,کلیدواژه در پاراگراف آغازین نیست,پاراگراف آغازین,kw=«میون تاو پسرعموهای سنگین الکترون»,در صد کلمهٔ نخست، موضوع (کلیدواژه) روشن شود
2742,muon-and-tau,https://qpedia.ir/muon-and-tau/,publish,C11,low,محتوا,بدون بخش جمع‌بندی,تیترها,,پایان‌بندی انسانی و روشن داشته باشید
2742,muon-and-tau,https://qpedia.ir/muon-and-tau/,publish,C12,low,محتوا,بدون پوشش سوءبرداشت رایج,بدنه,,مطابق استاندارد Qpedia، سوءبرداشت‌های رایج اصلاح شود
2742,muon-and-tau,https://qpedia.ir/muon-and-tau/,publish,X04,low,فنی,رمزِ شِمای Rank Math ثبت نشده,rank_math_schema_*,,قالب شِمای Article خودکار چاپ می‌کند ولی ثبت شمای Rank Math کامل‌تر است
2743,proton-neutron-quark-structure,https://qpedia.ir/proton-neutron-quark-structure/,publish,K02,med,کلیدواژه,کلیدواژه کانونی در عنوان نیست,post_title,kw=«پروتون ساخته شده کوارک کافی»,کلیدواژه را به‌طور طبیعی در عنوان بیاورید
2743,proton-neutron-quark-structure,https://qpedia.ir/proton-neutron-quark-structure/,publish,K03,low,کلیدواژه,کلیدواژه کانونی در متای توضیح نیست,meta description,kw=«پروتون ساخته شده کوارک کافی»,کلیدواژه را در توضیح متا بگنجانید
2743,proton-neutron-quark-structure,https://qpedia.ir/proton-neutron-quark-structure/,publish,K04,med,کلیدواژه,کلیدواژه در پاراگراف آغازین نیست,پاراگراف آغازین,kw=«پروتون ساخته شده کوارک کافی»,در صد کلمهٔ نخست، موضوع (کلیدواژه) روشن شود
2743,proton-neutron-quark-structure,https://qpedia.ir/proton-neutron-quark-structure/,publish,C11,low,محتوا,بدون بخش جمع‌بندی,تیترها,,پایان‌بندی انسانی و روشن داشته باشید
2743,proton-neutron-quark-structure,https://qpedia.ir/proton-neutron-quark-structure/,publish,C12,low,محتوا,بدون پوشش سوءبرداشت رایج,بدنه,,مطابق استاندارد Qpedia، سوءبرداشت‌های رایج اصلاح شود
2743,proton-neutron-quark-structure,https://qpedia.ir/proton-neutron-quark-structure/,publish,X04,low,فنی,رمزِ شِمای Rank Math ثبت نشده,rank_math_schema_*,,قالب شِمای Article خودکار چاپ می‌کند ولی ثبت شمای Rank Math کامل‌تر است
2745,quantum-long-term-memory,https://qpedia.ir/quantum-long-term-memory/,publish,K03,low,کلیدواژه,کلیدواژه کانونی در متای توضیح نیست,meta description,kw=«حافظه بلندمدت مغز کوانتومی»,کلیدواژه را در توضیح متا بگنجانید
2745,quantum-long-term-memory,https://qpedia.ir/quantum-long-term-memory/,publish,K04,med,کلیدواژه,کلیدواژه در پاراگراف آغازین نیست,پاراگراف آغازین,kw=«حافظه بلندمدت مغز کوانتومی»,در صد کلمهٔ نخست، موضوع (کلیدواژه) روشن شود
2745,quantum-long-term-memory,https://qpedia.ir/quantum-long-term-memory/,publish,C11,low,محتوا,بدون بخش جمع‌بندی,تیترها,,پایان‌بندی انسانی و روشن داشته باشید
2745,quantum-long-term-memory,https://qpedia.ir/quantum-long-term-memory/,publish,C12,low,محتوا,بدون پوشش سوءبرداشت رایج,بدنه,,مطابق استاندارد Qpedia، سوءبرداشت‌های رایج اصلاح شود
2745,quantum-long-term-memory,https://qpedia.ir/quantum-long-term-memory/,publish,X04,low,فنی,رمزِ شِمای Rank Math ثبت نشده,rank_math_schema_*,,قالب شِمای Article خودکار چاپ می‌کند ولی ثبت شمای Rank Math کامل‌تر است
2745,quantum-long-term-memory,https://qpedia.ir/quantum-long-term-memory/,publish,X05,med,فنی,صفحه یتیم (بدون لینک ورودی داخلی),گراف لینک داخلی,هیچ لینک ورودی از مقالات منتشرشدهٔ دیگر,از مقالات مرتبط به این صفحه لینک بدهید
2747,nobel-physics-2012,https://qpedia.ir/nobel-physics-2012/,publish,K02,med,کلیدواژه,کلیدواژه کانونی در عنوان نیست,post_title,kw=«نوبل فیزیک ۲۰۱۲ یک ذره»,کلیدواژه را به‌طور طبیعی در عنوان بیاورید
2747,nobel-physics-2012,https://qpedia.ir/nobel-physics-2012/,publish,K03,low,کلیدواژه,کلیدواژه کانونی در متای توضیح نیست,meta description,kw=«نوبل فیزیک ۲۰۱۲ یک ذره»,کلیدواژه را در توضیح متا بگنجانید
2747,nobel-physics-2012,https://qpedia.ir/nobel-physics-2012/,publish,K04,med,کلیدواژه,کلیدواژه در پاراگراف آغازین نیست,پاراگراف آغازین,kw=«نوبل فیزیک ۲۰۱۲ یک ذره»,در صد کلمهٔ نخست، موضوع (کلیدواژه) روشن شود
2747,nobel-physics-2012,https://qpedia.ir/nobel-physics-2012/,publish,C11,low,محتوا,بدون بخش جمع‌بندی,تیترها,,پایان‌بندی انسانی و روشن داشته باشید
2747,nobel-physics-2012,https://qpedia.ir/nobel-physics-2012/,publish,C12,low,محتوا,بدون پوشش سوءبرداشت رایج,بدنه,,مطابق استاندارد Qpedia، سوءبرداشت‌های رایج اصلاح شود
2747,nobel-physics-2012,https://qpedia.ir/nobel-physics-2012/,publish,X04,low,فنی,رمزِ شِمای Rank Math ثبت نشده,rank_math_schema_*,,قالب شِمای Article خودکار چاپ می‌کند ولی ثبت شمای Rank Math کامل‌تر است
2750,wheeler-delayed-choice,https://qpedia.ir/wheeler-delayed-choice/,publish,K02,med,کلیدواژه,کلیدواژه کانونی در عنوان نیست,post_title,kw=«انتخاب تأخیری ویلر فوتون قبل»,کلیدواژه را به‌طور طبیعی در عنوان بیاورید
2750,wheeler-delayed-choice,https://qpedia.ir/wheeler-delayed-choice/,publish,K03,low,کلیدواژه,کلیدواژه کانونی در متای توضیح نیست,meta description,kw=«انتخاب تأخیری ویلر فوتون قبل»,کلیدواژه را در توضیح متا بگنجانید
2750,wheeler-delayed-choice,https://qpedia.ir/wheeler-delayed-choice/,publish,K04,med,کلیدواژه,کلیدواژه در پاراگراف آغازین نیست,پاراگراف آغازین,kw=«انتخاب تأخیری ویلر فوتون قبل»,در صد کلمهٔ نخست، موضوع (کلیدواژه) روشن شود
2750,wheeler-delayed-choice,https://qpedia.ir/wheeler-delayed-choice/,publish,C11,low,محتوا,بدون بخش جمع‌بندی,تیترها,,پایان‌بندی انسانی و روشن داشته باشید
2750,wheeler-delayed-choice,https://qpedia.ir/wheeler-delayed-choice/,publish,C12,low,محتوا,بدون پوشش سوءبرداشت رایج,بدنه,,مطابق استاندارد Qpedia، سوءبرداشت‌های رایج اصلاح شود
2750,wheeler-delayed-choice,https://qpedia.ir/wheeler-delayed-choice/,publish,X04,low,فنی,رمزِ شِمای Rank Math ثبت نشده,rank_math_schema_*,,قالب شِمای Article خودکار چاپ می‌کند ولی ثبت شمای Rank Math کامل‌تر است
2751,topological-quantum-computing,https://qpedia.ir/topological-quantum-computing/,publish,K02,med,کلیدواژه,کلیدواژه کانونی در عنوان نیست,post_title,kw=«کامپیوتر توپولوژیک گره ای خطا»,کلیدواژه را به‌طور طبیعی در عنوان بیاورید
2751,topological-quantum-computing,https://qpedia.ir/topological-quantum-computing/,publish,K03,low,کلیدواژه,کلیدواژه کانونی در متای توضیح نیست,meta description,kw=«کامپیوتر توپولوژیک گره ای خطا»,کلیدواژه را در توضیح متا بگنجانید
2751,topological-quantum-computing,https://qpedia.ir/topological-quantum-computing/,publish,K04,med,کلیدواژه,کلیدواژه در پاراگراف آغازین نیست,پاراگراف آغازین,kw=«کامپیوتر توپولوژیک گره ای خطا»,در صد کلمهٔ نخست، موضوع (کلیدواژه) روشن شود
2751,topological-quantum-computing,https://qpedia.ir/topological-quantum-computing/,publish,C11,low,محتوا,بدون بخش جمع‌بندی,تیترها,,پایان‌بندی انسانی و روشن داشته باشید
2751,topological-quantum-computing,https://qpedia.ir/topological-quantum-computing/,publish,C12,low,محتوا,بدون پوشش سوءبرداشت رایج,بدنه,,مطابق استاندارد Qpedia، سوءبرداشت‌های رایج اصلاح شود
2751,topological-quantum-computing,https://qpedia.ir/topological-quantum-computing/,publish,X04,low,فنی,رمزِ شِمای Rank Math ثبت نشده,rank_math_schema_*,,قالب شِمای Article خودکار چاپ می‌کند ولی ثبت شمای Rank Math کامل‌تر است
2752,qubit-types-compared,https://qpedia.ir/qubit-types-compared/,publish,K02,med,کلیدواژه,کلیدواژه کانونی در عنوان نیست,post_title,kw=«سه جور کیوبیت ابررسانا، یون»,کلیدواژه را به‌طور طبیعی در عنوان بیاورید
2752,qubit-types-compared,https://qpedia.ir/qubit-types-compared/,publish,K03,low,کلیدواژه,کلیدواژه کانونی در متای توضیح نیست,meta description,kw=«سه جور کیوبیت ابررسانا، یون»,کلیدواژه را در توضیح متا بگنجانید
2752,qubit-types-compared,https://qpedia.ir/qubit-types-compared/,publish,K04,med,کلیدواژه,کلیدواژه در پاراگراف آغازین نیست,پاراگراف آغازین,kw=«سه جور کیوبیت ابررسانا، یون»,در صد کلمهٔ نخست، موضوع (کلیدواژه) روشن شود
2752,qubit-types-compared,https://qpedia.ir/qubit-types-compared/,publish,C11,low,محتوا,بدون بخش جمع‌بندی,تیترها,,پایان‌بندی انسانی و روشن داشته باشید
2752,qubit-types-compared,https://qpedia.ir/qubit-types-compared/,publish,C12,low,محتوا,بدون پوشش سوءبرداشت رایج,بدنه,,مطابق استاندارد Qpedia، سوءبرداشت‌های رایج اصلاح شود
2752,qubit-types-compared,https://qpedia.ir/qubit-types-compared/,publish,X04,low,فنی,رمزِ شِمای Rank Math ثبت نشده,rank_math_schema_*,,قالب شِمای Article خودکار چاپ می‌کند ولی ثبت شمای Rank Math کامل‌تر است
2754,bb84-protocol,https://qpedia.ir/bb84-protocol/,publish,K02,med,کلیدواژه,کلیدواژه کانونی در عنوان نیست,post_title,kw=«پروتکل BB84 قفل فوتون نه»,کلیدواژه را به‌طور طبیعی در عنوان بیاورید
2754,bb84-protocol,https://qpedia.ir/bb84-protocol/,publish,K03,low,کلیدواژه,کلیدواژه کانونی در متای توضیح نیست,meta description,kw=«پروتکل BB84 قفل فوتون نه»,کلیدواژه را در توضیح متا بگنجانید
2754,bb84-protocol,https://qpedia.ir/bb84-protocol/,publish,K04,med,کلیدواژه,کلیدواژه در پاراگراف آغازین نیست,پاراگراف آغازین,kw=«پروتکل BB84 قفل فوتون نه»,در صد کلمهٔ نخست، موضوع (کلیدواژه) روشن شود
2754,bb84-protocol,https://qpedia.ir/bb84-protocol/,publish,C11,low,محتوا,بدون بخش جمع‌بندی,تیترها,,پایان‌بندی انسانی و روشن داشته باشید
2754,bb84-protocol,https://qpedia.ir/bb84-protocol/,publish,C12,low,محتوا,بدون پوشش سوءبرداشت رایج,بدنه,,مطابق استاندارد Qpedia، سوءبرداشت‌های رایج اصلاح شود
2754,bb84-protocol,https://qpedia.ir/bb84-protocol/,publish,X04,low,فنی,رمزِ شِمای Rank Math ثبت نشده,rank_math_schema_*,,قالب شِمای Article خودکار چاپ می‌کند ولی ثبت شمای Rank Math کامل‌تر است
2757,aharonov-bohm-effect,https://qpedia.ir/aharonov-bohm-effect/,publish,K02,med,کلیدواژه,کلیدواژه کانونی در عنوان نیست,post_title,kw=«اثر آهارونوف-بوهم فاز بدون میدان»,کلیدواژه را به‌طور طبیعی در عنوان بیاورید
2757,aharonov-bohm-effect,https://qpedia.ir/aharonov-bohm-effect/,publish,K03,low,کلیدواژه,کلیدواژه کانونی در متای توضیح نیست,meta description,kw=«اثر آهارونوف-بوهم فاز بدون میدان»,کلیدواژه را در توضیح متا بگنجانید
2757,aharonov-bohm-effect,https://qpedia.ir/aharonov-bohm-effect/,publish,K04,med,کلیدواژه,کلیدواژه در پاراگراف آغازین نیست,پاراگراف آغازین,kw=«اثر آهارونوف-بوهم فاز بدون میدان»,در صد کلمهٔ نخست، موضوع (کلیدواژه) روشن شود
2757,aharonov-bohm-effect,https://qpedia.ir/aharonov-bohm-effect/,publish,C11,low,محتوا,بدون بخش جمع‌بندی,تیترها,,پایان‌بندی انسانی و روشن داشته باشید
2757,aharonov-bohm-effect,https://qpedia.ir/aharonov-bohm-effect/,publish,C12,low,محتوا,بدون پوشش سوءبرداشت رایج,بدنه,,مطابق استاندارد Qpedia، سوءبرداشت‌های رایج اصلاح شود
2757,aharonov-bohm-effect,https://qpedia.ir/aharonov-bohm-effect/,publish,X04,low,فنی,رمزِ شِمای Rank Math ثبت نشده,rank_math_schema_*,,قالب شِمای Article خودکار چاپ می‌کند ولی ثبت شمای Rank Math کامل‌تر است
3537,squid,https://qpedia.ir/squid/,publish,K03,low,کلیدواژه,کلیدواژه کانونی در متای توضیح نیست,meta description,kw=«اسکویید»,کلیدواژه را در توضیح متا بگنجانید
3537,squid,https://qpedia.ir/squid/,publish,K04,med,کلیدواژه,کلیدواژه در پاراگراف آغازین نیست,پاراگراف آغازین,kw=«اسکویید»,در صد کلمهٔ نخست، موضوع (کلیدواژه) روشن شود
3537,squid,https://qpedia.ir/squid/,publish,C01,high,محتوا,محتوای بسیار نازک,بدنه,361 کلمه,گوگل محتوای «کامل و جامع» می‌خواهد؛ صفحه محتوای کافی ندارد
3537,squid,https://qpedia.ir/squid/,publish,C12,low,محتوا,بدون پوشش سوءبرداشت رایج,بدنه,,مطابق استاندارد Qpedia، سوءبرداشت‌های رایج اصلاح شود
3537,squid,https://qpedia.ir/squid/,publish,X05,med,فنی,صفحه یتیم (بدون لینک ورودی داخلی),گراف لینک داخلی,هیچ لینک ورودی از مقالات منتشرشدهٔ دیگر,از مقالات مرتبط به این صفحه لینک بدهید
3414,quantum-anesthesia,https://qpedia.ir/quantum-anesthesia/,publish,K03,low,کلیدواژه,کلیدواژه کانونی در متای توضیح نیست,meta description,kw=«بیهوشی و کوانتوم»,کلیدواژه را در توضیح متا بگنجانید
3414,quantum-anesthesia,https://qpedia.ir/quantum-anesthesia/,publish,K04,med,کلیدواژه,کلیدواژه در پاراگراف آغازین نیست,پاراگراف آغازین,kw=«بیهوشی و کوانتوم»,در صد کلمهٔ نخست، موضوع (کلیدواژه) روشن شود
3414,quantum-anesthesia,https://qpedia.ir/quantum-anesthesia/,publish,C01,high,محتوا,محتوای بسیار نازک,بدنه,379 کلمه,گوگل محتوای «کامل و جامع» می‌خواهد؛ صفحه محتوای کافی ندارد
3414,quantum-anesthesia,https://qpedia.ir/quantum-anesthesia/,publish,C12,low,محتوا,بدون پوشش سوءبرداشت رایج,بدنه,,مطابق استاندارد Qpedia، سوءبرداشت‌های رایج اصلاح شود
3414,quantum-anesthesia,https://qpedia.ir/quantum-anesthesia/,publish,X05,med,فنی,صفحه یتیم (بدون لینک ورودی داخلی),گراف لینک داخلی,هیچ لینک ورودی از مقالات منتشرشدهٔ دیگر,از مقالات مرتبط به این صفحه لینک بدهید
3416,quantum-cancer,https://qpedia.ir/quantum-cancer/,publish,K03,low,کلیدواژه,کلیدواژه کانونی در متای توضیح نیست,meta description,kw=«کوانتوم در سرطان»,کلیدواژه را در توضیح متا بگنجانید
3416,quantum-cancer,https://qpedia.ir/quantum-cancer/,publish,K04,med,کلیدواژه,کلیدواژه در پاراگراف آغازین نیست,پاراگراف آغازین,kw=«کوانتوم در سرطان»,در صد کلمهٔ نخست، موضوع (کلیدواژه) روشن شود
3416,quantum-cancer,https://qpedia.ir/quantum-cancer/,publish,C01,high,محتوا,محتوای بسیار نازک,بدنه,377 کلمه,گوگل محتوای «کامل و جامع» می‌خواهد؛ صفحه محتوای کافی ندارد
3416,quantum-cancer,https://qpedia.ir/quantum-cancer/,publish,C12,low,محتوا,بدون پوشش سوءبرداشت رایج,بدنه,,مطابق استاندارد Qpedia، سوءبرداشت‌های رایج اصلاح شود
3416,quantum-cancer,https://qpedia.ir/quantum-cancer/,publish,X05,med,فنی,صفحه یتیم (بدون لینک ورودی داخلی),گراف لینک داخلی,هیچ لینک ورودی از مقالات منتشرشدهٔ دیگر,از مقالات مرتبط به این صفحه لینک بدهید
3418,quantum-bacteria,https://qpedia.ir/quantum-bacteria/,publish,K03,low,کلیدواژه,کلیدواژه کانونی در متای توضیح نیست,meta description,kw=«کوانتوم در باکتری‌ها»,کلیدواژه را در توضیح متا بگنجانید
3418,quantum-bacteria,https://qpedia.ir/quantum-bacteria/,publish,K04,med,کلیدواژه,کلیدواژه در پاراگراف آغازین نیست,پاراگراف آغازین,kw=«کوانتوم در باکتری‌ها»,در صد کلمهٔ نخست، موضوع (کلیدواژه) روشن شود
3418,quantum-bacteria,https://qpedia.ir/quantum-bacteria/,publish,C01,high,محتوا,محتوای بسیار نازک,بدنه,376 کلمه,گوگل محتوای «کامل و جامع» می‌خواهد؛ صفحه محتوای کافی ندارد
3418,quantum-bacteria,https://qpedia.ir/quantum-bacteria/,publish,C12,low,محتوا,بدون پوشش سوءبرداشت رایج,بدنه,,مطابق استاندارد Qpedia، سوءبرداشت‌های رایج اصلاح شود
3418,quantum-bacteria,https://qpedia.ir/quantum-bacteria/,publish,X05,med,فنی,صفحه یتیم (بدون لینک ورودی داخلی),گراف لینک داخلی,هیچ لینک ورودی از مقالات منتشرشدهٔ دیگر,از مقالات مرتبط به این صفحه لینک بدهید
3420,quantum-viruses,https://qpedia.ir/quantum-viruses/,publish,K03,low,کلیدواژه,کلیدواژه کانونی در متای توضیح نیست,meta description,kw=«کوانتوم در ویروس‌ها»,کلیدواژه را در توضیح متا بگنجانید
3420,quantum-viruses,https://qpedia.ir/quantum-viruses/,publish,K04,med,کلیدواژه,کلیدواژه در پاراگراف آغازین نیست,پاراگراف آغازین,kw=«کوانتوم در ویروس‌ها»,در صد کلمهٔ نخست، موضوع (کلیدواژه) روشن شود
3420,quantum-viruses,https://qpedia.ir/quantum-viruses/,publish,C01,high,محتوا,محتوای بسیار نازک,بدنه,393 کلمه,گوگل محتوای «کامل و جامع» می‌خواهد؛ صفحه محتوای کافی ندارد
3420,quantum-viruses,https://qpedia.ir/quantum-viruses/,publish,C12,low,محتوا,بدون پوشش سوءبرداشت رایج,بدنه,,مطابق استاندارد Qpedia، سوءبرداشت‌های رایج اصلاح شود
3420,quantum-viruses,https://qpedia.ir/quantum-viruses/,publish,X05,med,فنی,صفحه یتیم (بدون لینک ورودی داخلی),گراف لینک داخلی,هیچ لینک ورودی از مقالات منتشرشدهٔ دیگر,از مقالات مرتبط به این صفحه لینک بدهید
3428,quantum-cheshire-cat,https://qpedia.ir/quantum-cheshire-cat/,publish,K03,low,کلیدواژه,کلیدواژه کانونی در متای توضیح نیست,meta description,kw=«گربهٔ چشایر کوانتومی»,کلیدواژه را در توضیح متا بگنجانید
3428,quantum-cheshire-cat,https://qpedia.ir/quantum-cheshire-cat/,publish,K04,med,کلیدواژه,کلیدواژه در پاراگراف آغازین نیست,پاراگراف آغازین,kw=«گربهٔ چشایر کوانتومی»,در صد کلمهٔ نخست، موضوع (کلیدواژه) روشن شود
3428,quantum-cheshire-cat,https://qpedia.ir/quantum-cheshire-cat/,publish,C01,high,محتوا,محتوای بسیار نازک,بدنه,410 کلمه,گوگل محتوای «کامل و جامع» می‌خواهد؛ صفحه محتوای کافی ندارد
3428,quantum-cheshire-cat,https://qpedia.ir/quantum-cheshire-cat/,publish,C12,low,محتوا,بدون پوشش سوءبرداشت رایج,بدنه,,مطابق استاندارد Qpedia، سوءبرداشت‌های رایج اصلاح شود
3428,quantum-cheshire-cat,https://qpedia.ir/quantum-cheshire-cat/,publish,X05,med,فنی,صفحه یتیم (بدون لینک ورودی داخلی),گراف لینک داخلی,هیچ لینک ورودی از مقالات منتشرشدهٔ دیگر,از مقالات مرتبط به این صفحه لینک بدهید
3445,electroweak-theory,https://qpedia.ir/electroweak-theory/,publish,K03,low,کلیدواژه,کلیدواژه کانونی در متای توضیح نیست,meta description,kw=«نظریهٔ الکتروضعیف»,کلیدواژه را در توضیح متا بگنجانید
3445,electroweak-theory,https://qpedia.ir/electroweak-theory/,publish,K04,med,کلیدواژه,کلیدواژه در پاراگراف آغازین نیست,پاراگراف آغازین,kw=«نظریهٔ الکتروضعیف»,در صد کلمهٔ نخست، موضوع (کلیدواژه) روشن شود
3445,electroweak-theory,https://qpedia.ir/electroweak-theory/,publish,C01,high,محتوا,محتوای بسیار نازک,بدنه,339 کلمه,گوگل محتوای «کامل و جامع» می‌خواهد؛ صفحه محتوای کافی ندارد
3445,electroweak-theory,https://qpedia.ir/electroweak-theory/,publish,C12,low,محتوا,بدون پوشش سوءبرداشت رایج,بدنه,,مطابق استاندارد Qpedia، سوءبرداشت‌های رایج اصلاح شود
3445,electroweak-theory,https://qpedia.ir/electroweak-theory/,publish,X05,med,فنی,صفحه یتیم (بدون لینک ورودی داخلی),گراف لینک داخلی,هیچ لینک ورودی از مقالات منتشرشدهٔ دیگر,از مقالات مرتبط به این صفحه لینک بدهید
2835,born-probability,https://qpedia.ir/born-probability/,publish,K02,med,کلیدواژه,کلیدواژه کانونی در عنوان نیست,post_title,kw=«ماکس بورن تفسیر احتمالاتی مربع»,کلیدواژه را به‌طور طبیعی در عنوان بیاورید
2835,born-probability,https://qpedia.ir/born-probability/,publish,K03,low,کلیدواژه,کلیدواژه کانونی در متای توضیح نیست,meta description,kw=«ماکس بورن تفسیر احتمالاتی مربع»,کلیدواژه را در توضیح متا بگنجانید
2835,born-probability,https://qpedia.ir/born-probability/,publish,K04,med,کلیدواژه,کلیدواژه در پاراگراف آغازین نیست,پاراگراف آغازین,kw=«ماکس بورن تفسیر احتمالاتی مربع»,در صد کلمهٔ نخست، موضوع (کلیدواژه) روشن شود
2835,born-probability,https://qpedia.ir/born-probability/,publish,C11,low,محتوا,بدون بخش جمع‌بندی,تیترها,,پایان‌بندی انسانی و روشن داشته باشید
2835,born-probability,https://qpedia.ir/born-probability/,publish,C12,low,محتوا,بدون پوشش سوءبرداشت رایج,بدنه,,مطابق استاندارد Qpedia، سوءبرداشت‌های رایج اصلاح شود
2835,born-probability,https://qpedia.ir/born-probability/,publish,I04,low,تصویر,ALT بیش‌ازحد بلند,تگ img #1,187 نویسه ALT,ALT را زیر ~۱۲۵ نویسه نگه دارید
2835,born-probability,https://qpedia.ir/born-probability/,publish,X04,low,فنی,رمزِ شِمای Rank Math ثبت نشده,rank_math_schema_*,,قالب شِمای Article خودکار چاپ می‌کند ولی ثبت شمای Rank Math کامل‌تر است
2838,pauli-exclusion,https://qpedia.ir/pauli-exclusion/,publish,K02,med,کلیدواژه,کلیدواژه کانونی در عنوان نیست,post_title,kw=«پاولی اصل طرد دو الکترون»,کلیدواژه را به‌طور طبیعی در عنوان بیاورید
2838,pauli-exclusion,https://qpedia.ir/pauli-exclusion/,publish,K03,low,کلیدواژه,کلیدواژه کانونی در متای توضیح نیست,meta description,kw=«پاولی اصل طرد دو الکترون»,کلیدواژه را در توضیح متا بگنجانید
2838,pauli-exclusion,https://qpedia.ir/pauli-exclusion/,publish,K04,med,کلیدواژه,کلیدواژه در پاراگراف آغازین نیست,پاراگراف آغازین,kw=«پاولی اصل طرد دو الکترون»,در صد کلمهٔ نخست، موضوع (کلیدواژه) روشن شود
2838,pauli-exclusion,https://qpedia.ir/pauli-exclusion/,publish,C11,low,محتوا,بدون بخش جمع‌بندی,تیترها,,پایان‌بندی انسانی و روشن داشته باشید
2838,pauli-exclusion,https://qpedia.ir/pauli-exclusion/,publish,C12,low,محتوا,بدون پوشش سوءبرداشت رایج,بدنه,,مطابق استاندارد Qpedia، سوءبرداشت‌های رایج اصلاح شود
2838,pauli-exclusion,https://qpedia.ir/pauli-exclusion/,publish,I04,low,تصویر,ALT بیش‌ازحد بلند,تگ img #1,214 نویسه ALT,ALT را زیر ~۱۲۵ نویسه نگه دارید
2838,pauli-exclusion,https://qpedia.ir/pauli-exclusion/,publish,X04,low,فنی,رمزِ شِمای Rank Math ثبت نشده,rank_math_schema_*,,قالب شِمای Article خودکار چاپ می‌کند ولی ثبت شمای Rank Math کامل‌تر است
2841,einstein-schrodinger-reality,https://qpedia.ir/einstein-schrodinger-reality/,publish,K02,med,کلیدواژه,کلیدواژه کانونی در عنوان نیست,post_title,kw=«اینشتین شرودینگر دو دوست کوانتوم»,کلیدواژه را به‌طور طبیعی در عنوان بیاورید
2841,einstein-schrodinger-reality,https://qpedia.ir/einstein-schrodinger-reality/,publish,K03,low,کلیدواژه,کلیدواژه کانونی در متای توضیح نیست,meta description,kw=«اینشتین شرودینگر دو دوست کوانتوم»,کلیدواژه را در توضیح متا بگنجانید
2841,einstein-schrodinger-reality,https://qpedia.ir/einstein-schrodinger-reality/,publish,K04,med,کلیدواژه,کلیدواژه در پاراگراف آغازین نیست,پاراگراف آغازین,kw=«اینشتین شرودینگر دو دوست کوانتوم»,در صد کلمهٔ نخست، موضوع (کلیدواژه) روشن شود
2841,einstein-schrodinger-reality,https://qpedia.ir/einstein-schrodinger-reality/,publish,C11,low,محتوا,بدون بخش جمع‌بندی,تیترها,,پایان‌بندی انسانی و روشن داشته باشید
2841,einstein-schrodinger-reality,https://qpedia.ir/einstein-schrodinger-reality/,publish,C12,low,محتوا,بدون پوشش سوءبرداشت رایج,بدنه,,مطابق استاندارد Qpedia، سوءبرداشت‌های رایج اصلاح شود
2841,einstein-schrodinger-reality,https://qpedia.ir/einstein-schrodinger-reality/,publish,I04,low,تصویر,ALT بیش‌ازحد بلند,تگ img #1,183 نویسه ALT,ALT را زیر ~۱۲۵ نویسه نگه دارید
2841,einstein-schrodinger-reality,https://qpedia.ir/einstein-schrodinger-reality/,publish,X04,low,فنی,رمزِ شِمای Rank Math ثبت نشده,rank_math_schema_*,,قالب شِمای Article خودکار چاپ می‌کند ولی ثبت شمای Rank Math کامل‌تر است
2225,quantum-state,https://qpedia.ir/quantum-state/,publish,K02,med,کلیدواژه,کلیدواژه کانونی در عنوان نیست,post_title,kw=«حالت کوانتومی الکترون کجاست پرسش»,کلیدواژه را به‌طور طبیعی در عنوان بیاورید
2225,quantum-state,https://qpedia.ir/quantum-state/,publish,K03,low,کلیدواژه,کلیدواژه کانونی در متای توضیح نیست,meta description,kw=«حالت کوانتومی الکترون کجاست پرسش»,کلیدواژه را در توضیح متا بگنجانید
2225,quantum-state,https://qpedia.ir/quantum-state/,publish,K04,med,کلیدواژه,کلیدواژه در پاراگراف آغازین نیست,پاراگراف آغازین,kw=«حالت کوانتومی الکترون کجاست پرسش»,در صد کلمهٔ نخست، موضوع (کلیدواژه) روشن شود
2225,quantum-state,https://qpedia.ir/quantum-state/,publish,C08,med,محتوا,ارجاع خارجی کمتر از ۳,بدنه,فقط 0 لینک خارجی یکتا,حداقل ۳ لینک معتبر خارجی (DOI/دانشگاه/مرجع علمی) بدهید
2225,quantum-state,https://qpedia.ir/quantum-state/,publish,I08,low,تصویر,ابعاد تصویر شاخص کوچک,تصویر شاخص (attachment #2889),1199×675,برای نمایش شاخص، پهنای ~۱۲۰۰ پیکسل توصیه می‌شود
2225,quantum-state,https://qpedia.ir/quantum-state/,publish,X04,low,فنی,رمزِ شِمای Rank Math ثبت نشده,rank_math_schema_*,,قالب شِمای Article خودکار چاپ می‌کند ولی ثبت شمای Rank Math کامل‌تر است
2227,observer,https://qpedia.ir/observer/,publish,K02,med,کلیدواژه,کلیدواژه کانونی در عنوان نیست,post_title,kw=«ناظر کوانتوم»,کلیدواژه را به‌طور طبیعی در عنوان بیاورید
2227,observer,https://qpedia.ir/observer/,publish,K03,low,کلیدواژه,کلیدواژه کانونی در متای توضیح نیست,meta description,kw=«ناظر کوانتوم»,کلیدواژه را در توضیح متا بگنجانید
2227,observer,https://qpedia.ir/observer/,publish,K04,med,کلیدواژه,کلیدواژه در پاراگراف آغازین نیست,پاراگراف آغازین,kw=«ناظر کوانتوم»,در صد کلمهٔ نخست، موضوع (کلیدواژه) روشن شود
2227,observer,https://qpedia.ir/observer/,publish,C08,med,محتوا,ارجاع خارجی کمتر از ۳,بدنه,فقط 0 لینک خارجی یکتا,حداقل ۳ لینک معتبر خارجی (DOI/دانشگاه/مرجع علمی) بدهید
2227,observer,https://qpedia.ir/observer/,publish,I08,low,تصویر,ابعاد تصویر شاخص کوچک,تصویر شاخص (attachment #2885),1199×675,برای نمایش شاخص، پهنای ~۱۲۰۰ پیکسل توصیه می‌شود
2227,observer,https://qpedia.ir/observer/,publish,X04,low,فنی,رمزِ شِمای Rank Math ثبت نشده,rank_math_schema_*,,قالب شِمای Article خودکار چاپ می‌کند ولی ثبت شمای Rank Math کامل‌تر است
3422,ghz-state,https://qpedia.ir/ghz-state/,publish,K04,med,کلیدواژه,کلیدواژه در پاراگراف آغازین نیست,پاراگراف آغازین,kw=«حالت GHZ»,در صد کلمهٔ نخست، موضوع (کلیدواژه) روشن شود
3422,ghz-state,https://qpedia.ir/ghz-state/,publish,C01,high,محتوا,محتوای بسیار نازک,بدنه,339 کلمه,گوگل محتوای «کامل و جامع» می‌خواهد؛ صفحه محتوای کافی ندارد
3422,ghz-state,https://qpedia.ir/ghz-state/,publish,C12,low,محتوا,بدون پوشش سوءبرداشت رایج,بدنه,,مطابق استاندارد Qpedia، سوءبرداشت‌های رایج اصلاح شود
3422,ghz-state,https://qpedia.ir/ghz-state/,publish,X05,med,فنی,صفحه یتیم (بدون لینک ورودی داخلی),گراف لینک داخلی,هیچ لینک ورودی از مقالات منتشرشدهٔ دیگر,از مقالات مرتبط به این صفحه لینک بدهید
2229,quark,https://qpedia.ir/quark/,publish,T03,low,عنوان و متا,عنوان خیلی کوتاه/مبهم,post_title,کوارک چیست؟,عنوان باید موضوع را کامل برساند
2229,quark,https://qpedia.ir/quark/,publish,K03,low,کلیدواژه,کلیدواژه کانونی در متای توضیح نیست,meta description,kw=«کوارک»,کلیدواژه را در توضیح متا بگنجانید
2229,quark,https://qpedia.ir/quark/,publish,K06,med,کلیدواژه,تراکم کلیدواژه بیش از حد,بدنه,تراکم≈6.6٪ (42 تکرار کلیدواژه «کوارک»),تراکم را زیر ~۲.۵٪ نگه دارید (جلوگیری از Keyword Stuffing)
2229,quark,https://qpedia.ir/quark/,publish,C08,med,محتوا,ارجاع خارجی کمتر از ۳,بدنه,فقط 1 لینک خارجی یکتا,حداقل ۳ لینک معتبر خارجی (DOI/دانشگاه/مرجع علمی) بدهید
2229,quark,https://qpedia.ir/quark/,publish,C12,low,محتوا,بدون پوشش سوءبرداشت رایج,بدنه,,مطابق استاندارد Qpedia، سوءبرداشت‌های رایج اصلاح شود
2229,quark,https://qpedia.ir/quark/,publish,X04,low,فنی,رمزِ شِمای Rank Math ثبت نشده,rank_math_schema_*,,قالب شِمای Article خودکار چاپ می‌کند ولی ثبت شمای Rank Math کامل‌تر است
2484,quantum-gravity,https://qpedia.ir/quantum-gravity/,publish,K02,med,کلیدواژه,کلیدواژه کانونی در عنوان نیست,post_title,kw=«گرانش کوانتومی بزرگ ترین چالش»,کلیدواژه را به‌طور طبیعی در عنوان بیاورید
2484,quantum-gravity,https://qpedia.ir/quantum-gravity/,publish,K03,low,کلیدواژه,کلیدواژه کانونی در متای توضیح نیست,meta description,kw=«گرانش کوانتومی بزرگ ترین چالش»,کلیدواژه را در توضیح متا بگنجانید
2484,quantum-gravity,https://qpedia.ir/quantum-gravity/,publish,K04,med,کلیدواژه,کلیدواژه در پاراگراف آغازین نیست,پاراگراف آغازین,kw=«گرانش کوانتومی بزرگ ترین چالش»,در صد کلمهٔ نخست، موضوع (کلیدواژه) روشن شود
2484,quantum-gravity,https://qpedia.ir/quantum-gravity/,publish,C11,low,محتوا,بدون بخش جمع‌بندی,تیترها,,پایان‌بندی انسانی و روشن داشته باشید
2484,quantum-gravity,https://qpedia.ir/quantum-gravity/,publish,C12,low,محتوا,بدون پوشش سوءبرداشت رایج,بدنه,,مطابق استاندارد Qpedia، سوءبرداشت‌های رایج اصلاح شود
2484,quantum-gravity,https://qpedia.ir/quantum-gravity/,publish,X04,low,فنی,رمزِ شِمای Rank Math ثبت نشده,rank_math_schema_*,,قالب شِمای Article خودکار چاپ می‌کند ولی ثبت شمای Rank Math کامل‌تر است
2502,physicists-on-quantum-weirdness,https://qpedia.ir/physicists-on-quantum-weirdness/,publish,K03,low,کلیدواژه,کلیدواژه کانونی در متای توضیح نیست,meta description,kw=«ده دیدگاه فیزیکدانان بزرگ دربارهٔ»,کلیدواژه را در توضیح متا بگنجانید
2502,physicists-on-quantum-weirdness,https://qpedia.ir/physicists-on-quantum-weirdness/,publish,K04,med,کلیدواژه,کلیدواژه در پاراگراف آغازین نیست,پاراگراف آغازین,kw=«ده دیدگاه فیزیکدانان بزرگ دربارهٔ»,در صد کلمهٔ نخست، موضوع (کلیدواژه) روشن شود
2502,physicists-on-quantum-weirdness,https://qpedia.ir/physicists-on-quantum-weirdness/,publish,C11,low,محتوا,بدون بخش جمع‌بندی,تیترها,,پایان‌بندی انسانی و روشن داشته باشید
2502,physicists-on-quantum-weirdness,https://qpedia.ir/physicists-on-quantum-weirdness/,publish,C12,low,محتوا,بدون پوشش سوءبرداشت رایج,بدنه,,مطابق استاندارد Qpedia، سوءبرداشت‌های رایج اصلاح شود
2502,physicists-on-quantum-weirdness,https://qpedia.ir/physicists-on-quantum-weirdness/,publish,X04,low,فنی,رمزِ شِمای Rank Math ثبت نشده,rank_math_schema_*,,قالب شِمای Article خودکار چاپ می‌کند ولی ثبت شمای Rank Math کامل‌تر است
2502,physicists-on-quantum-weirdness,https://qpedia.ir/physicists-on-quantum-weirdness/,publish,X05,med,فنی,صفحه یتیم (بدون لینک ورودی داخلی),گراف لینک داخلی,هیچ لینک ورودی از مقالات منتشرشدهٔ دیگر,از مقالات مرتبط به این صفحه لینک بدهید
2505,quantum-time-travel,https://qpedia.ir/quantum-time-travel/,publish,K02,med,کلیدواژه,کلیدواژه کانونی در عنوان نیست,post_title,kw=«سفر زمان فیزیک کوانتوم»,کلیدواژه را به‌طور طبیعی در عنوان بیاورید
2505,quantum-time-travel,https://qpedia.ir/quantum-time-travel/,publish,K03,low,کلیدواژه,کلیدواژه کانونی در متای توضیح نیست,meta description,kw=«سفر زمان فیزیک کوانتوم»,کلیدواژه را در توضیح متا بگنجانید
2505,quantum-time-travel,https://qpedia.ir/quantum-time-travel/,publish,K04,med,کلیدواژه,کلیدواژه در پاراگراف آغازین نیست,پاراگراف آغازین,kw=«سفر زمان فیزیک کوانتوم»,در صد کلمهٔ نخست، موضوع (کلیدواژه) روشن شود
2505,quantum-time-travel,https://qpedia.ir/quantum-time-travel/,publish,C11,low,محتوا,بدون بخش جمع‌بندی,تیترها,,پایان‌بندی انسانی و روشن داشته باشید
2505,quantum-time-travel,https://qpedia.ir/quantum-time-travel/,publish,C12,low,محتوا,بدون پوشش سوءبرداشت رایج,بدنه,,مطابق استاندارد Qpedia، سوءبرداشت‌های رایج اصلاح شود
2505,quantum-time-travel,https://qpedia.ir/quantum-time-travel/,publish,X04,low,فنی,رمزِ شِمای Rank Math ثبت نشده,rank_math_schema_*,,قالب شِمای Article خودکار چاپ می‌کند ولی ثبت شمای Rank Math کامل‌تر است
2512,law-of-attraction-quantum,https://qpedia.ir/law-of-attraction-quantum/,publish,K02,med,کلیدواژه,کلیدواژه کانونی در عنوان نیست,post_title,kw=«قانون جذب کوانتوم کجای استدلال»,کلیدواژه را به‌طور طبیعی در عنوان بیاورید
2512,law-of-attraction-quantum,https://qpedia.ir/law-of-attraction-quantum/,publish,K03,low,کلیدواژه,کلیدواژه کانونی در متای توضیح نیست,meta description,kw=«قانون جذب کوانتوم کجای استدلال»,کلیدواژه را در توضیح متا بگنجانید
2512,law-of-attraction-quantum,https://qpedia.ir/law-of-attraction-quantum/,publish,K04,med,کلیدواژه,کلیدواژه در پاراگراف آغازین نیست,پاراگراف آغازین,kw=«قانون جذب کوانتوم کجای استدلال»,در صد کلمهٔ نخست، موضوع (کلیدواژه) روشن شود
2512,law-of-attraction-quantum,https://qpedia.ir/law-of-attraction-quantum/,publish,C11,low,محتوا,بدون بخش جمع‌بندی,تیترها,,پایان‌بندی انسانی و روشن داشته باشید
2512,law-of-attraction-quantum,https://qpedia.ir/law-of-attraction-quantum/,publish,C12,low,محتوا,بدون پوشش سوءبرداشت رایج,بدنه,,مطابق استاندارد Qpedia، سوءبرداشت‌های رایج اصلاح شود
2512,law-of-attraction-quantum,https://qpedia.ir/law-of-attraction-quantum/,publish,X04,low,فنی,رمزِ شِمای Rank Math ثبت نشده,rank_math_schema_*,,قالب شِمای Article خودکار چاپ می‌کند ولی ثبت شمای Rank Math کامل‌تر است
2513,nobel-physics-2025,https://qpedia.ir/nobel-physics-2025/,publish,K02,med,کلیدواژه,کلیدواژه کانونی در عنوان نیست,post_title,kw=«نوبل فیزیک ۲۰۲۵ وقتی یک»,کلیدواژه را به‌طور طبیعی در عنوان بیاورید
2513,nobel-physics-2025,https://qpedia.ir/nobel-physics-2025/,publish,K03,low,کلیدواژه,کلیدواژه کانونی در متای توضیح نیست,meta description,kw=«نوبل فیزیک ۲۰۲۵ وقتی یک»,کلیدواژه را در توضیح متا بگنجانید
2513,nobel-physics-2025,https://qpedia.ir/nobel-physics-2025/,publish,K04,med,کلیدواژه,کلیدواژه در پاراگراف آغازین نیست,پاراگراف آغازین,kw=«نوبل فیزیک ۲۰۲۵ وقتی یک»,در صد کلمهٔ نخست، موضوع (کلیدواژه) روشن شود
2513,nobel-physics-2025,https://qpedia.ir/nobel-physics-2025/,publish,C11,low,محتوا,بدون بخش جمع‌بندی,تیترها,,پایان‌بندی انسانی و روشن داشته باشید
2513,nobel-physics-2025,https://qpedia.ir/nobel-physics-2025/,publish,C12,low,محتوا,بدون پوشش سوءبرداشت رایج,بدنه,,مطابق استاندارد Qpedia، سوءبرداشت‌های رایج اصلاح شود
2513,nobel-physics-2025,https://qpedia.ir/nobel-physics-2025/,publish,X04,low,فنی,رمزِ شِمای Rank Math ثبت نشده,rank_math_schema_*,,قالب شِمای Article خودکار چاپ می‌کند ولی ثبت شمای Rank Math کامل‌تر است
2514,q-day,https://qpedia.ir/q-day/,publish,K02,med,کلیدواژه,کلیدواژه کانونی در عنوان نیست,post_title,kw=«روز کیو واقعاً کِی می»,کلیدواژه را به‌طور طبیعی در عنوان بیاورید
2514,q-day,https://qpedia.ir/q-day/,publish,K03,low,کلیدواژه,کلیدواژه کانونی در متای توضیح نیست,meta description,kw=«روز کیو واقعاً کِی می»,کلیدواژه را در توضیح متا بگنجانید
2514,q-day,https://qpedia.ir/q-day/,publish,K04,med,کلیدواژه,کلیدواژه در پاراگراف آغازین نیست,پاراگراف آغازین,kw=«روز کیو واقعاً کِی می»,در صد کلمهٔ نخست، موضوع (کلیدواژه) روشن شود
2514,q-day,https://qpedia.ir/q-day/,publish,C11,low,محتوا,بدون بخش جمع‌بندی,تیترها,,پایان‌بندی انسانی و روشن داشته باشید
2514,q-day,https://qpedia.ir/q-day/,publish,C12,low,محتوا,بدون پوشش سوءبرداشت رایج,بدنه,,مطابق استاندارد Qpedia، سوءبرداشت‌های رایج اصلاح شود
2514,q-day,https://qpedia.ir/q-day/,publish,X04,low,فنی,رمزِ شِمای Rank Math ثبت نشده,rank_math_schema_*,,قالب شِمای Article خودکار چاپ می‌کند ولی ثبت شمای Rank Math کامل‌تر است
2515,quantum-dots-displays,https://qpedia.ir/quantum-dots-displays/,publish,K02,med,کلیدواژه,کلیدواژه کانونی در عنوان نیست,post_title,kw=«نقطهٔ کوانتومی کوانتومی تلویزیون شماست»,کلیدواژه را به‌طور طبیعی در عنوان بیاورید
2515,quantum-dots-displays,https://qpedia.ir/quantum-dots-displays/,publish,K03,low,کلیدواژه,کلیدواژه کانونی در متای توضیح نیست,meta description,kw=«نقطهٔ کوانتومی کوانتومی تلویزیون شماست»,کلیدواژه را در توضیح متا بگنجانید
2515,quantum-dots-displays,https://qpedia.ir/quantum-dots-displays/,publish,K04,med,کلیدواژه,کلیدواژه در پاراگراف آغازین نیست,پاراگراف آغازین,kw=«نقطهٔ کوانتومی کوانتومی تلویزیون شماست»,در صد کلمهٔ نخست، موضوع (کلیدواژه) روشن شود
2515,quantum-dots-displays,https://qpedia.ir/quantum-dots-displays/,publish,C11,low,محتوا,بدون بخش جمع‌بندی,تیترها,,پایان‌بندی انسانی و روشن داشته باشید
2515,quantum-dots-displays,https://qpedia.ir/quantum-dots-displays/,publish,C12,low,محتوا,بدون پوشش سوءبرداشت رایج,بدنه,,مطابق استاندارد Qpedia، سوءبرداشت‌های رایج اصلاح شود
2515,quantum-dots-displays,https://qpedia.ir/quantum-dots-displays/,publish,X04,low,فنی,رمزِ شِمای Rank Math ثبت نشده,rank_math_schema_*,,قالب شِمای Article خودکار چاپ می‌کند ولی ثبت شمای Rank Math کامل‌تر است
2516,willow-chip,https://qpedia.ir/willow-chip/,publish,K02,med,کلیدواژه,کلیدواژه کانونی در عنوان نیست,post_title,kw=«تراشهٔ ویلو گوگل واقعاً چیزی»,کلیدواژه را به‌طور طبیعی در عنوان بیاورید
2516,willow-chip,https://qpedia.ir/willow-chip/,publish,K03,low,کلیدواژه,کلیدواژه کانونی در متای توضیح نیست,meta description,kw=«تراشهٔ ویلو گوگل واقعاً چیزی»,کلیدواژه را در توضیح متا بگنجانید
2516,willow-chip,https://qpedia.ir/willow-chip/,publish,K04,med,کلیدواژه,کلیدواژه در پاراگراف آغازین نیست,پاراگراف آغازین,kw=«تراشهٔ ویلو گوگل واقعاً چیزی»,در صد کلمهٔ نخست، موضوع (کلیدواژه) روشن شود
2516,willow-chip,https://qpedia.ir/willow-chip/,publish,C11,low,محتوا,بدون بخش جمع‌بندی,تیترها,,پایان‌بندی انسانی و روشن داشته باشید
2516,willow-chip,https://qpedia.ir/willow-chip/,publish,C12,low,محتوا,بدون پوشش سوءبرداشت رایج,بدنه,,مطابق استاندارد Qpedia، سوءبرداشت‌های رایج اصلاح شود
2516,willow-chip,https://qpedia.ir/willow-chip/,publish,X04,low,فنی,رمزِ شِمای Rank Math ثبت نشده,rank_math_schema_*,,قالب شِمای Article خودکار چاپ می‌کند ولی ثبت شمای Rank Math کامل‌تر است
2521,bitcoin-quantum-threat,https://qpedia.ir/bitcoin-quantum-threat/,publish,K02,med,کلیدواژه,کلیدواژه کانونی در عنوان نیست,post_title,kw=«کامپیوتر کوانتومی بیت کوین نابود»,کلیدواژه را به‌طور طبیعی در عنوان بیاورید
2521,bitcoin-quantum-threat,https://qpedia.ir/bitcoin-quantum-threat/,publish,K03,low,کلیدواژه,کلیدواژه کانونی در متای توضیح نیست,meta description,kw=«کامپیوتر کوانتومی بیت کوین نابود»,کلیدواژه را در توضیح متا بگنجانید
2521,bitcoin-quantum-threat,https://qpedia.ir/bitcoin-quantum-threat/,publish,K04,med,کلیدواژه,کلیدواژه در پاراگراف آغازین نیست,پاراگراف آغازین,kw=«کامپیوتر کوانتومی بیت کوین نابود»,در صد کلمهٔ نخست، موضوع (کلیدواژه) روشن شود
2521,bitcoin-quantum-threat,https://qpedia.ir/bitcoin-quantum-threat/,publish,C11,low,محتوا,بدون بخش جمع‌بندی,تیترها,,پایان‌بندی انسانی و روشن داشته باشید
2521,bitcoin-quantum-threat,https://qpedia.ir/bitcoin-quantum-threat/,publish,C12,low,محتوا,بدون پوشش سوءبرداشت رایج,بدنه,,مطابق استاندارد Qpedia، سوءبرداشت‌های رایج اصلاح شود
2521,bitcoin-quantum-threat,https://qpedia.ir/bitcoin-quantum-threat/,publish,X04,low,فنی,رمزِ شِمای Rank Math ثبت نشده,rank_math_schema_*,,قالب شِمای Article خودکار چاپ می‌کند ولی ثبت شمای Rank Math کامل‌تر است
2522,quantum-eraser,https://qpedia.ir/quantum-eraser/,publish,K02,med,کلیدواژه,کلیدواژه کانونی در عنوان نیست,post_title,kw=«پاک کن کوانتومی آینده بر»,کلیدواژه را به‌طور طبیعی در عنوان بیاورید
2522,quantum-eraser,https://qpedia.ir/quantum-eraser/,publish,K03,low,کلیدواژه,کلیدواژه کانونی در متای توضیح نیست,meta description,kw=«پاک کن کوانتومی آینده بر»,کلیدواژه را در توضیح متا بگنجانید
2522,quantum-eraser,https://qpedia.ir/quantum-eraser/,publish,K04,med,کلیدواژه,کلیدواژه در پاراگراف آغازین نیست,پاراگراف آغازین,kw=«پاک کن کوانتومی آینده بر»,در صد کلمهٔ نخست، موضوع (کلیدواژه) روشن شود
2522,quantum-eraser,https://qpedia.ir/quantum-eraser/,publish,C11,low,محتوا,بدون بخش جمع‌بندی,تیترها,,پایان‌بندی انسانی و روشن داشته باشید
2522,quantum-eraser,https://qpedia.ir/quantum-eraser/,publish,C12,low,محتوا,بدون پوشش سوءبرداشت رایج,بدنه,,مطابق استاندارد Qpedia، سوءبرداشت‌های رایج اصلاح شود
2522,quantum-eraser,https://qpedia.ir/quantum-eraser/,publish,X04,low,فنی,رمزِ شِمای Rank Math ثبت نشده,rank_math_schema_*,,قالب شِمای Article خودکار چاپ می‌کند ولی ثبت شمای Rank Math کامل‌تر است
2523,moore-law-quantum-limit,https://qpedia.ir/moore-law-quantum-limit/,publish,K02,med,کلیدواژه,کلیدواژه کانونی در عنوان نیست,post_title,kw=«پایان قانون مور ترانزیستورها دیوار»,کلیدواژه را به‌طور طبیعی در عنوان بیاورید
2523,moore-law-quantum-limit,https://qpedia.ir/moore-law-quantum-limit/,publish,K03,low,کلیدواژه,کلیدواژه کانونی در متای توضیح نیست,meta description,kw=«پایان قانون مور ترانزیستورها دیوار»,کلیدواژه را در توضیح متا بگنجانید
2523,moore-law-quantum-limit,https://qpedia.ir/moore-law-quantum-limit/,publish,K04,med,کلیدواژه,کلیدواژه در پاراگراف آغازین نیست,پاراگراف آغازین,kw=«پایان قانون مور ترانزیستورها دیوار»,در صد کلمهٔ نخست، موضوع (کلیدواژه) روشن شود
2523,moore-law-quantum-limit,https://qpedia.ir/moore-law-quantum-limit/,publish,C11,low,محتوا,بدون بخش جمع‌بندی,تیترها,,پایان‌بندی انسانی و روشن داشته باشید
2523,moore-law-quantum-limit,https://qpedia.ir/moore-law-quantum-limit/,publish,C12,low,محتوا,بدون پوشش سوءبرداشت رایج,بدنه,,مطابق استاندارد Qpedia، سوءبرداشت‌های رایج اصلاح شود
2523,moore-law-quantum-limit,https://qpedia.ir/moore-law-quantum-limit/,publish,X04,low,فنی,رمزِ شِمای Rank Math ثبت نشده,rank_math_schema_*,,قالب شِمای Article خودکار چاپ می‌کند ولی ثبت شمای Rank Math کامل‌تر است
2529,zero-point-energy-scam,https://qpedia.ir/zero-point-energy-scam/,publish,K02,med,کلیدواژه,کلیدواژه کانونی در عنوان نیست,post_title,kw=«انرژی نقطهٔ صفر افسانهٔ انرژی»,کلیدواژه را به‌طور طبیعی در عنوان بیاورید
2529,zero-point-energy-scam,https://qpedia.ir/zero-point-energy-scam/,publish,K03,low,کلیدواژه,کلیدواژه کانونی در متای توضیح نیست,meta description,kw=«انرژی نقطهٔ صفر افسانهٔ انرژی»,کلیدواژه را در توضیح متا بگنجانید
2529,zero-point-energy-scam,https://qpedia.ir/zero-point-energy-scam/,publish,K04,med,کلیدواژه,کلیدواژه در پاراگراف آغازین نیست,پاراگراف آغازین,kw=«انرژی نقطهٔ صفر افسانهٔ انرژی»,در صد کلمهٔ نخست، موضوع (کلیدواژه) روشن شود
2529,zero-point-energy-scam,https://qpedia.ir/zero-point-energy-scam/,publish,C11,low,محتوا,بدون بخش جمع‌بندی,تیترها,,پایان‌بندی انسانی و روشن داشته باشید
2529,zero-point-energy-scam,https://qpedia.ir/zero-point-energy-scam/,publish,C12,low,محتوا,بدون پوشش سوءبرداشت رایج,بدنه,,مطابق استاندارد Qpedia، سوءبرداشت‌های رایج اصلاح شود
2529,zero-point-energy-scam,https://qpedia.ir/zero-point-energy-scam/,publish,X04,low,فنی,رمزِ شِمای Rank Math ثبت نشده,rank_math_schema_*,,قالب شِمای Article خودکار چاپ می‌کند ولی ثبت شمای Rank Math کامل‌تر است
2530,quantum-hype-bubble,https://qpedia.ir/quantum-hype-bubble/,publish,K02,med,کلیدواژه,کلیدواژه کانونی در عنوان نیست,post_title,kw=«حباب هیجان کوانتومی چقدرش واقعی»,کلیدواژه را به‌طور طبیعی در عنوان بیاورید
2530,quantum-hype-bubble,https://qpedia.ir/quantum-hype-bubble/,publish,K03,low,کلیدواژه,کلیدواژه کانونی در متای توضیح نیست,meta description,kw=«حباب هیجان کوانتومی چقدرش واقعی»,کلیدواژه را در توضیح متا بگنجانید
2530,quantum-hype-bubble,https://qpedia.ir/quantum-hype-bubble/,publish,K04,med,کلیدواژه,کلیدواژه در پاراگراف آغازین نیست,پاراگراف آغازین,kw=«حباب هیجان کوانتومی چقدرش واقعی»,در صد کلمهٔ نخست، موضوع (کلیدواژه) روشن شود
2530,quantum-hype-bubble,https://qpedia.ir/quantum-hype-bubble/,publish,C11,low,محتوا,بدون بخش جمع‌بندی,تیترها,,پایان‌بندی انسانی و روشن داشته باشید
2530,quantum-hype-bubble,https://qpedia.ir/quantum-hype-bubble/,publish,C12,low,محتوا,بدون پوشش سوءبرداشت رایج,بدنه,,مطابق استاندارد Qpedia، سوءبرداشت‌های رایج اصلاح شود
2530,quantum-hype-bubble,https://qpedia.ir/quantum-hype-bubble/,publish,X04,low,فنی,رمزِ شِمای Rank Math ثبت نشده,rank_math_schema_*,,قالب شِمای Article خودکار چاپ می‌کند ولی ثبت شمای Rank Math کامل‌تر است
545,quantum-teleportation,https://qpedia.ir/quantum-teleportation/,publish,C08,med,محتوا,ارجاع خارجی کمتر از ۳,بدنه,فقط 0 لینک خارجی یکتا,حداقل ۳ لینک معتبر خارجی (DOI/دانشگاه/مرجع علمی) بدهید
545,quantum-teleportation,https://qpedia.ir/quantum-teleportation/,publish,C11,low,محتوا,بدون بخش جمع‌بندی,تیترها,,پایان‌بندی انسانی و روشن داشته باشید
545,quantum-teleportation,https://qpedia.ir/quantum-teleportation/,publish,C12,low,محتوا,بدون پوشش سوءبرداشت رایج,بدنه,,مطابق استاندارد Qpedia، سوءبرداشت‌های رایج اصلاح شود
545,quantum-teleportation,https://qpedia.ir/quantum-teleportation/,publish,X04,low,فنی,رمزِ شِمای Rank Math ثبت نشده,rank_math_schema_*,,قالب شِمای Article خودکار چاپ می‌کند ولی ثبت شمای Rank Math کامل‌تر است
3466,quantum-programming-language,https://qpedia.ir/quantum-programming-language/,publish,K04,med,کلیدواژه,کلیدواژه در پاراگراف آغازین نیست,پاراگراف آغازین,kw=«زبان برنامه‌نویسی کوانتومی»,در صد کلمهٔ نخست، موضوع (کلیدواژه) روشن شود
3466,quantum-programming-language,https://qpedia.ir/quantum-programming-language/,publish,C01,high,محتوا,محتوای بسیار نازک,بدنه,379 کلمه,گوگل محتوای «کامل و جامع» می‌خواهد؛ صفحه محتوای کافی ندارد
3466,quantum-programming-language,https://qpedia.ir/quantum-programming-language/,publish,C12,low,محتوا,بدون پوشش سوءبرداشت رایج,بدنه,,مطابق استاندارد Qpedia، سوءبرداشت‌های رایج اصلاح شود
3466,quantum-programming-language,https://qpedia.ir/quantum-programming-language/,publish,X05,med,فنی,صفحه یتیم (بدون لینک ورودی داخلی),گراف لینک داخلی,هیچ لینک ورودی از مقالات منتشرشدهٔ دیگر,از مقالات مرتبط به این صفحه لینک بدهید
3410,quantum-engine-efficiency,https://qpedia.ir/quantum-engine-efficiency/,publish,K04,med,کلیدواژه,کلیدواژه در پاراگراف آغازین نیست,پاراگراف آغازین,kw=«بازده موتور کوانتومی»,در صد کلمهٔ نخست، موضوع (کلیدواژه) روشن شود
3410,quantum-engine-efficiency,https://qpedia.ir/quantum-engine-efficiency/,publish,C01,high,محتوا,محتوای بسیار نازک,بدنه,382 کلمه,گوگل محتوای «کامل و جامع» می‌خواهد؛ صفحه محتوای کافی ندارد
3410,quantum-engine-efficiency,https://qpedia.ir/quantum-engine-efficiency/,publish,C12,low,محتوا,بدون پوشش سوءبرداشت رایج,بدنه,,مطابق استاندارد Qpedia، سوءبرداشت‌های رایج اصلاح شود
3410,quantum-engine-efficiency,https://qpedia.ir/quantum-engine-efficiency/,publish,X05,med,فنی,صفحه یتیم (بدون لینک ورودی داخلی),گراف لینک داخلی,هیچ لینک ورودی از مقالات منتشرشدهٔ دیگر,از مقالات مرتبط به این صفحه لینک بدهید
3438,anomalous-magnetic-moment,https://qpedia.ir/anomalous-magnetic-moment/,publish,K04,med,کلیدواژه,کلیدواژه در پاراگراف آغازین نیست,پاراگراف آغازین,kw=«گشتاور مغناطیسی ناهنجار»,در صد کلمهٔ نخست، موضوع (کلیدواژه) روشن شود
3438,anomalous-magnetic-moment,https://qpedia.ir/anomalous-magnetic-moment/,publish,C01,high,محتوا,محتوای بسیار نازک,بدنه,373 کلمه,گوگل محتوای «کامل و جامع» می‌خواهد؛ صفحه محتوای کافی ندارد
3438,anomalous-magnetic-moment,https://qpedia.ir/anomalous-magnetic-moment/,publish,C12,low,محتوا,بدون پوشش سوءبرداشت رایج,بدنه,,مطابق استاندارد Qpedia، سوءبرداشت‌های رایج اصلاح شود
3438,anomalous-magnetic-moment,https://qpedia.ir/anomalous-magnetic-moment/,publish,X05,med,فنی,صفحه یتیم (بدون لینک ورودی داخلی),گراف لینک داخلی,هیچ لینک ورودی از مقالات منتشرشدهٔ دیگر,از مقالات مرتبط به این صفحه لینک بدهید
3462,quantum-generative-model,https://qpedia.ir/quantum-generative-model/,publish,K04,med,کلیدواژه,کلیدواژه در پاراگراف آغازین نیست,پاراگراف آغازین,kw=«مدل مولد کوانتومی»,در صد کلمهٔ نخست، موضوع (کلیدواژه) روشن شود
3462,quantum-generative-model,https://qpedia.ir/quantum-generative-model/,publish,C01,high,محتوا,محتوای بسیار نازک,بدنه,399 کلمه,گوگل محتوای «کامل و جامع» می‌خواهد؛ صفحه محتوای کافی ندارد
3462,quantum-generative-model,https://qpedia.ir/quantum-generative-model/,publish,C12,low,محتوا,بدون پوشش سوءبرداشت رایج,بدنه,,مطابق استاندارد Qpedia، سوءبرداشت‌های رایج اصلاح شود
3462,quantum-generative-model,https://qpedia.ir/quantum-generative-model/,publish,X05,med,فنی,صفحه یتیم (بدون لینک ورودی داخلی),گراف لینک داخلی,هیچ لینک ورودی از مقالات منتشرشدهٔ دیگر,از مقالات مرتبط به این صفحه لینک بدهید
3464,quantum-reinforcement-learning,https://qpedia.ir/quantum-reinforcement-learning/,publish,K04,med,کلیدواژه,کلیدواژه در پاراگراف آغازین نیست,پاراگراف آغازین,kw=«یادگیری تقویتی کوانتومی»,در صد کلمهٔ نخست، موضوع (کلیدواژه) روشن شود
3464,quantum-reinforcement-learning,https://qpedia.ir/quantum-reinforcement-learning/,publish,C01,high,محتوا,محتوای بسیار نازک,بدنه,389 کلمه,گوگل محتوای «کامل و جامع» می‌خواهد؛ صفحه محتوای کافی ندارد
3464,quantum-reinforcement-learning,https://qpedia.ir/quantum-reinforcement-learning/,publish,C12,low,محتوا,بدون پوشش سوءبرداشت رایج,بدنه,,مطابق استاندارد Qpedia، سوءبرداشت‌های رایج اصلاح شود
3464,quantum-reinforcement-learning,https://qpedia.ir/quantum-reinforcement-learning/,publish,X05,med,فنی,صفحه یتیم (بدون لینک ورودی داخلی),گراف لینک داخلی,هیچ لینک ورودی از مقالات منتشرشدهٔ دیگر,از مقالات مرتبط به این صفحه لینک بدهید
3541,rydberg-atom,https://qpedia.ir/rydberg-atom/,publish,K04,med,کلیدواژه,کلیدواژه در پاراگراف آغازین نیست,پاراگراف آغازین,kw=«اتم ریدبرگ»,در صد کلمهٔ نخست، موضوع (کلیدواژه) روشن شود
3541,rydberg-atom,https://qpedia.ir/rydberg-atom/,publish,C01,high,محتوا,محتوای بسیار نازک,بدنه,364 کلمه,گوگل محتوای «کامل و جامع» می‌خواهد؛ صفحه محتوای کافی ندارد
3541,rydberg-atom,https://qpedia.ir/rydberg-atom/,publish,C12,low,محتوا,بدون پوشش سوءبرداشت رایج,بدنه,,مطابق استاندارد Qpedia، سوءبرداشت‌های رایج اصلاح شود
3541,rydberg-atom,https://qpedia.ir/rydberg-atom/,publish,X05,med,فنی,صفحه یتیم (بدون لینک ورودی داخلی),گراف لینک داخلی,هیچ لینک ورودی از مقالات منتشرشدهٔ دیگر,از مقالات مرتبط به این صفحه لینک بدهید
2741,gluon-w-z-bosons,https://qpedia.ir/gluon-w-z-bosons/,publish,K02,med,کلیدواژه,کلیدواژه کانونی در عنوان نیست,post_title,kw=«گلوئون بوزون W Z چسب»,کلیدواژه را به‌طور طبیعی در عنوان بیاورید
2741,gluon-w-z-bosons,https://qpedia.ir/gluon-w-z-bosons/,publish,K03,low,کلیدواژه,کلیدواژه کانونی در متای توضیح نیست,meta description,kw=«گلوئون بوزون W Z چسب»,کلیدواژه را در توضیح متا بگنجانید
2741,gluon-w-z-bosons,https://qpedia.ir/gluon-w-z-bosons/,publish,K04,med,کلیدواژه,کلیدواژه در پاراگراف آغازین نیست,پاراگراف آغازین,kw=«گلوئون بوزون W Z چسب»,در صد کلمهٔ نخست، موضوع (کلیدواژه) روشن شود
2741,gluon-w-z-bosons,https://qpedia.ir/gluon-w-z-bosons/,publish,C11,low,محتوا,بدون بخش جمع‌بندی,تیترها,,پایان‌بندی انسانی و روشن داشته باشید
2741,gluon-w-z-bosons,https://qpedia.ir/gluon-w-z-bosons/,publish,C12,low,محتوا,بدون پوشش سوءبرداشت رایج,بدنه,,مطابق استاندارد Qpedia، سوءبرداشت‌های رایج اصلاح شود
2741,gluon-w-z-bosons,https://qpedia.ir/gluon-w-z-bosons/,publish,X04,low,فنی,رمزِ شِمای Rank Math ثبت نشده,rank_math_schema_*,,قالب شِمای Article خودکار چاپ می‌کند ولی ثبت شمای Rank Math کامل‌تر است
2746,dna-repair-enzymes,https://qpedia.ir/dna-repair-enzymes/,publish,K02,med,کلیدواژه,کلیدواژه کانونی در عنوان نیست,post_title,kw=«آنزیم های ترمیم DNA جهش»,کلیدواژه را به‌طور طبیعی در عنوان بیاورید
2746,dna-repair-enzymes,https://qpedia.ir/dna-repair-enzymes/,publish,K03,low,کلیدواژه,کلیدواژه کانونی در متای توضیح نیست,meta description,kw=«آنزیم های ترمیم DNA جهش»,کلیدواژه را در توضیح متا بگنجانید
2746,dna-repair-enzymes,https://qpedia.ir/dna-repair-enzymes/,publish,K04,med,کلیدواژه,کلیدواژه در پاراگراف آغازین نیست,پاراگراف آغازین,kw=«آنزیم های ترمیم DNA جهش»,در صد کلمهٔ نخست، موضوع (کلیدواژه) روشن شود
2746,dna-repair-enzymes,https://qpedia.ir/dna-repair-enzymes/,publish,C11,low,محتوا,بدون بخش جمع‌بندی,تیترها,,پایان‌بندی انسانی و روشن داشته باشید
2746,dna-repair-enzymes,https://qpedia.ir/dna-repair-enzymes/,publish,C12,low,محتوا,بدون پوشش سوءبرداشت رایج,بدنه,,مطابق استاندارد Qpedia، سوءبرداشت‌های رایج اصلاح شود
2746,dna-repair-enzymes,https://qpedia.ir/dna-repair-enzymes/,publish,X04,low,فنی,رمزِ شِمای Rank Math ثبت نشده,rank_math_schema_*,,قالب شِمای Article خودکار چاپ می‌کند ولی ثبت شمای Rank Math کامل‌تر است
2228,complementarity-principle,https://qpedia.ir/complementarity-principle/,publish,K03,low,کلیدواژه,کلیدواژه کانونی در متای توضیح نیست,meta description,kw=«اصل مکملیت»,کلیدواژه را در توضیح متا بگنجانید
2228,complementarity-principle,https://qpedia.ir/complementarity-principle/,publish,K06,med,کلیدواژه,تراکم کلیدواژه بیش از حد,بدنه,تراکم≈3.4٪ (14 تکرار کلیدواژه «اصل مکملیت»),تراکم را زیر ~۲.۵٪ نگه دارید (جلوگیری از Keyword Stuffing)
2228,complementarity-principle,https://qpedia.ir/complementarity-principle/,publish,C08,med,محتوا,ارجاع خارجی کمتر از ۳,بدنه,فقط 2 لینک خارجی یکتا,حداقل ۳ لینک معتبر خارجی (DOI/دانشگاه/مرجع علمی) بدهید
2228,complementarity-principle,https://qpedia.ir/complementarity-principle/,publish,C12,low,محتوا,بدون پوشش سوءبرداشت رایج,بدنه,,مطابق استاندارد Qpedia، سوءبرداشت‌های رایج اصلاح شود
2228,complementarity-principle,https://qpedia.ir/complementarity-principle/,publish,X04,low,فنی,رمزِ شِمای Rank Math ثبت نشده,rank_math_schema_*,,قالب شِمای Article خودکار چاپ می‌کند ولی ثبت شمای Rank Math کامل‌تر است
2237,epr-paradox,https://qpedia.ir/epr-paradox/,publish,K03,low,کلیدواژه,کلیدواژه کانونی در متای توضیح نیست,meta description,kw=«مقالهٔ EPR»,کلیدواژه را در توضیح متا بگنجانید
2237,epr-paradox,https://qpedia.ir/epr-paradox/,publish,K06,med,کلیدواژه,تراکم کلیدواژه بیش از حد,بدنه,تراکم≈3.2٪ (10 تکرار کلیدواژه «مقالهٔ EPR»),تراکم را زیر ~۲.۵٪ نگه دارید (جلوگیری از Keyword Stuffing)
2237,epr-paradox,https://qpedia.ir/epr-paradox/,publish,C08,med,محتوا,ارجاع خارجی کمتر از ۳,بدنه,فقط 1 لینک خارجی یکتا,حداقل ۳ لینک معتبر خارجی (DOI/دانشگاه/مرجع علمی) بدهید
2237,epr-paradox,https://qpedia.ir/epr-paradox/,publish,C12,low,محتوا,بدون پوشش سوءبرداشت رایج,بدنه,,مطابق استاندارد Qpedia، سوءبرداشت‌های رایج اصلاح شود
2237,epr-paradox,https://qpedia.ir/epr-paradox/,publish,X04,low,فنی,رمزِ شِمای Rank Math ثبت نشده,rank_math_schema_*,,قالب شِمای Article خودکار چاپ می‌کند ولی ثبت شمای Rank Math کامل‌تر است
504,photon,https://qpedia.ir/photon/,publish,K03,low,کلیدواژه,کلیدواژه کانونی در متای توضیح نیست,meta description,kw=«فوتون دقیقا»,کلیدواژه را در توضیح متا بگنجانید
504,photon,https://qpedia.ir/photon/,publish,C08,med,محتوا,ارجاع خارجی کمتر از ۳,بدنه,فقط 2 لینک خارجی یکتا,حداقل ۳ لینک معتبر خارجی (DOI/دانشگاه/مرجع علمی) بدهید
504,photon,https://qpedia.ir/photon/,publish,C09,low,محتوا,بخش پرسش‌های متداول ندارد,تیترها,,افزودن FAQ ساخت‌یافته به پوشش نیت جستجو کمک می‌کند
504,photon,https://qpedia.ir/photon/,publish,C12,low,محتوا,بدون پوشش سوءبرداشت رایج,بدنه,,مطابق استاندارد Qpedia، سوءبرداشت‌های رایج اصلاح شود
504,photon,https://qpedia.ir/photon/,publish,X04,low,فنی,رمزِ شِمای Rank Math ثبت نشده,rank_math_schema_*,,قالب شِمای Article خودکار چاپ می‌کند ولی ثبت شمای Rank Math کامل‌تر است
3430,three-box-paradox,https://qpedia.ir/three-box-paradox/,publish,T02,med,عنوان و متا,عنوان خیلی بلند,post_title,67 نویسه: «پارادوکس سه جعبه؛ ذره‌ای که اگر بگردیم در دو جای متفاوت پیدا می‌شود…»,عنوان را به حدود ۶۰ نویسه کاهش دهید؛ گوگل تیترهای بلند را می‌بُرد یا بازنویسی می‌کند
3430,three-box-paradox,https://qpedia.ir/three-box-paradox/,publish,K04,med,کلیدواژه,کلیدواژه در پاراگراف آغازین نیست,پاراگراف آغازین,kw=«پارادوکس سه جعبه»,در صد کلمهٔ نخست، موضوع (کلیدواژه) روشن شود
3430,three-box-paradox,https://qpedia.ir/three-box-paradox/,publish,C01,high,محتوا,محتوای بسیار نازک,بدنه,394 کلمه,گوگل محتوای «کامل و جامع» می‌خواهد؛ صفحه محتوای کافی ندارد
3430,three-box-paradox,https://qpedia.ir/three-box-paradox/,publish,C12,low,محتوا,بدون پوشش سوءبرداشت رایج,بدنه,,مطابق استاندارد Qpedia، سوءبرداشت‌های رایج اصلاح شود
3549,magnon,https://qpedia.ir/magnon/,publish,K06,med,کلیدواژه,تراکم کلیدواژه بیش از حد,بدنه,تراکم≈3.3٪ (11 تکرار کلیدواژه «مگنون»),تراکم را زیر ~۲.۵٪ نگه دارید (جلوگیری از Keyword Stuffing)
3549,magnon,https://qpedia.ir/magnon/,publish,C01,high,محتوا,محتوای بسیار نازک,بدنه,329 کلمه,گوگل محتوای «کامل و جامع» می‌خواهد؛ صفحه محتوای کافی ندارد
3549,magnon,https://qpedia.ir/magnon/,publish,C12,low,محتوا,بدون پوشش سوءبرداشت رایج,بدنه,,مطابق استاندارد Qpedia، سوءبرداشت‌های رایج اصلاح شود
3549,magnon,https://qpedia.ir/magnon/,publish,X05,med,فنی,صفحه یتیم (بدون لینک ورودی داخلی),گراف لینک داخلی,هیچ لینک ورودی از مقالات منتشرشدهٔ دیگر,از مقالات مرتبط به این صفحه لینک بدهید
2873,bohr-complementarity,https://qpedia.ir/bohr-complementarity/,publish,K02,med,کلیدواژه,کلیدواژه کانونی در عنوان نیست,post_title,kw=«نیلز بور اصل تکمیل یک»,کلیدواژه را به‌طور طبیعی در عنوان بیاورید
2873,bohr-complementarity,https://qpedia.ir/bohr-complementarity/,publish,K03,low,کلیدواژه,کلیدواژه کانونی در متای توضیح نیست,meta description,kw=«نیلز بور اصل تکمیل یک»,کلیدواژه را در توضیح متا بگنجانید
2873,bohr-complementarity,https://qpedia.ir/bohr-complementarity/,publish,K04,med,کلیدواژه,کلیدواژه در پاراگراف آغازین نیست,پاراگراف آغازین,kw=«نیلز بور اصل تکمیل یک»,در صد کلمهٔ نخست، موضوع (کلیدواژه) روشن شود
2873,bohr-complementarity,https://qpedia.ir/bohr-complementarity/,publish,C11,low,محتوا,بدون بخش جمع‌بندی,تیترها,,پایان‌بندی انسانی و روشن داشته باشید
2873,bohr-complementarity,https://qpedia.ir/bohr-complementarity/,publish,C12,low,محتوا,بدون پوشش سوءبرداشت رایج,بدنه,,مطابق استاندارد Qpedia، سوءبرداشت‌های رایج اصلاح شود
2873,bohr-complementarity,https://qpedia.ir/bohr-complementarity/,publish,X04,low,فنی,رمزِ شِمای Rank Math ثبت نشده,rank_math_schema_*,,قالب شِمای Article خودکار چاپ می‌کند ولی ثبت شمای Rank Math کامل‌تر است
287,quantum-superposition,https://qpedia.ir/quantum-superposition/,publish,K02,med,کلیدواژه,کلیدواژه کانونی در عنوان نیست,post_title,kw=«برهم نهی کوانتومی سکهٔ چرخان،»,کلیدواژه را به‌طور طبیعی در عنوان بیاورید
287,quantum-superposition,https://qpedia.ir/quantum-superposition/,publish,K03,low,کلیدواژه,کلیدواژه کانونی در متای توضیح نیست,meta description,kw=«برهم نهی کوانتومی سکهٔ چرخان،»,کلیدواژه را در توضیح متا بگنجانید
287,quantum-superposition,https://qpedia.ir/quantum-superposition/,publish,K04,med,کلیدواژه,کلیدواژه در پاراگراف آغازین نیست,پاراگراف آغازین,kw=«برهم نهی کوانتومی سکهٔ چرخان،»,در صد کلمهٔ نخست، موضوع (کلیدواژه) روشن شود
287,quantum-superposition,https://qpedia.ir/quantum-superposition/,publish,C08,med,محتوا,ارجاع خارجی کمتر از ۳,بدنه,فقط 0 لینک خارجی یکتا,حداقل ۳ لینک معتبر خارجی (DOI/دانشگاه/مرجع علمی) بدهید
287,quantum-superposition,https://qpedia.ir/quantum-superposition/,publish,X04,low,فنی,رمزِ شِمای Rank Math ثبت نشده,rank_math_schema_*,,قالب شِمای Article خودکار چاپ می‌کند ولی ثبت شمای Rank Math کامل‌تر است
312,qubit,https://qpedia.ir/qubit/,publish,K02,med,کلیدواژه,کلیدواژه کانونی در عنوان نیست,post_title,kw=«کیوبیت بیت کوانتومی یک بیت»,کلیدواژه را به‌طور طبیعی در عنوان بیاورید
312,qubit,https://qpedia.ir/qubit/,publish,K03,low,کلیدواژه,کلیدواژه کانونی در متای توضیح نیست,meta description,kw=«کیوبیت بیت کوانتومی یک بیت»,کلیدواژه را در توضیح متا بگنجانید
312,qubit,https://qpedia.ir/qubit/,publish,K04,med,کلیدواژه,کلیدواژه در پاراگراف آغازین نیست,پاراگراف آغازین,kw=«کیوبیت بیت کوانتومی یک بیت»,در صد کلمهٔ نخست، موضوع (کلیدواژه) روشن شود
312,qubit,https://qpedia.ir/qubit/,publish,C08,med,محتوا,ارجاع خارجی کمتر از ۳,بدنه,فقط 0 لینک خارجی یکتا,حداقل ۳ لینک معتبر خارجی (DOI/دانشگاه/مرجع علمی) بدهید
312,qubit,https://qpedia.ir/qubit/,publish,X04,low,فنی,رمزِ شِمای Rank Math ثبت نشده,rank_math_schema_*,,قالب شِمای Article خودکار چاپ می‌کند ولی ثبت شمای Rank Math کامل‌تر است
289,wave-function,https://qpedia.ir/wave-function/,publish,K02,med,کلیدواژه,کلیدواژه کانونی در عنوان نیست,post_title,kw=«تابع موج کامل ترین نقشهٔ»,کلیدواژه را به‌طور طبیعی در عنوان بیاورید
289,wave-function,https://qpedia.ir/wave-function/,publish,K03,low,کلیدواژه,کلیدواژه کانونی در متای توضیح نیست,meta description,kw=«تابع موج کامل ترین نقشهٔ»,کلیدواژه را در توضیح متا بگنجانید
289,wave-function,https://qpedia.ir/wave-function/,publish,K04,med,کلیدواژه,کلیدواژه در پاراگراف آغازین نیست,پاراگراف آغازین,kw=«تابع موج کامل ترین نقشهٔ»,در صد کلمهٔ نخست، موضوع (کلیدواژه) روشن شود
289,wave-function,https://qpedia.ir/wave-function/,publish,C08,med,محتوا,ارجاع خارجی کمتر از ۳,بدنه,فقط 0 لینک خارجی یکتا,حداقل ۳ لینک معتبر خارجی (DOI/دانشگاه/مرجع علمی) بدهید
289,wave-function,https://qpedia.ir/wave-function/,publish,X04,low,فنی,رمزِ شِمای Rank Math ثبت نشده,rank_math_schema_*,,قالب شِمای Article خودکار چاپ می‌کند ولی ثبت شمای Rank Math کامل‌تر است
2481,quantum-classical-boundary,https://qpedia.ir/quantum-classical-boundary/,publish,K02,med,کلیدواژه,کلیدواژه کانونی در عنوان نیست,post_title,kw=«کوانتوم زندگی روزمره حس نمی»,کلیدواژه را به‌طور طبیعی در عنوان بیاورید
2481,quantum-classical-boundary,https://qpedia.ir/quantum-classical-boundary/,publish,K03,low,کلیدواژه,کلیدواژه کانونی در متای توضیح نیست,meta description,kw=«کوانتوم زندگی روزمره حس نمی»,کلیدواژه را در توضیح متا بگنجانید
2481,quantum-classical-boundary,https://qpedia.ir/quantum-classical-boundary/,publish,K04,med,کلیدواژه,کلیدواژه در پاراگراف آغازین نیست,پاراگراف آغازین,kw=«کوانتوم زندگی روزمره حس نمی»,در صد کلمهٔ نخست، موضوع (کلیدواژه) روشن شود
2481,quantum-classical-boundary,https://qpedia.ir/quantum-classical-boundary/,publish,C12,low,محتوا,بدون پوشش سوءبرداشت رایج,بدنه,,مطابق استاندارد Qpedia، سوءبرداشت‌های رایج اصلاح شود
2481,quantum-classical-boundary,https://qpedia.ir/quantum-classical-boundary/,publish,X04,low,فنی,رمزِ شِمای Rank Math ثبت نشده,rank_math_schema_*,,قالب شِمای Article خودکار چاپ می‌کند ولی ثبت شمای Rank Math کامل‌تر است
2501,human-teleportation,https://qpedia.ir/human-teleportation/,publish,K02,med,کلیدواژه,کلیدواژه کانونی در عنوان نیست,post_title,kw=«تله پورت انسان نظر علمی»,کلیدواژه را به‌طور طبیعی در عنوان بیاورید
2501,human-teleportation,https://qpedia.ir/human-teleportation/,publish,K03,low,کلیدواژه,کلیدواژه کانونی در متای توضیح نیست,meta description,kw=«تله پورت انسان نظر علمی»,کلیدواژه را در توضیح متا بگنجانید
2501,human-teleportation,https://qpedia.ir/human-teleportation/,publish,K04,med,کلیدواژه,کلیدواژه در پاراگراف آغازین نیست,پاراگراف آغازین,kw=«تله پورت انسان نظر علمی»,در صد کلمهٔ نخست، موضوع (کلیدواژه) روشن شود
2501,human-teleportation,https://qpedia.ir/human-teleportation/,publish,C12,low,محتوا,بدون پوشش سوءبرداشت رایج,بدنه,,مطابق استاندارد Qpedia، سوءبرداشت‌های رایج اصلاح شود
2501,human-teleportation,https://qpedia.ir/human-teleportation/,publish,X04,low,فنی,رمزِ شِمای Rank Math ثبت نشده,rank_math_schema_*,,قالب شِمای Article خودکار چاپ می‌کند ولی ثبت شمای Rank Math کامل‌تر است
2531,quantum-annealing-dwave,https://qpedia.ir/quantum-annealing-dwave/,publish,K02,med,کلیدواژه,کلیدواژه کانونی در عنوان نیست,post_title,kw=«آنیلینگ کوانتومی هزار کیوبیت هزار»,کلیدواژه را به‌طور طبیعی در عنوان بیاورید
2531,quantum-annealing-dwave,https://qpedia.ir/quantum-annealing-dwave/,publish,K03,low,کلیدواژه,کلیدواژه کانونی در متای توضیح نیست,meta description,kw=«آنیلینگ کوانتومی هزار کیوبیت هزار»,کلیدواژه را در توضیح متا بگنجانید
2531,quantum-annealing-dwave,https://qpedia.ir/quantum-annealing-dwave/,publish,K04,med,کلیدواژه,کلیدواژه در پاراگراف آغازین نیست,پاراگراف آغازین,kw=«آنیلینگ کوانتومی هزار کیوبیت هزار»,در صد کلمهٔ نخست، موضوع (کلیدواژه) روشن شود
2531,quantum-annealing-dwave,https://qpedia.ir/quantum-annealing-dwave/,publish,C11,low,محتوا,بدون بخش جمع‌بندی,تیترها,,پایان‌بندی انسانی و روشن داشته باشید
2531,quantum-annealing-dwave,https://qpedia.ir/quantum-annealing-dwave/,publish,X04,low,فنی,رمزِ شِمای Rank Math ثبت نشده,rank_math_schema_*,,قالب شِمای Article خودکار چاپ می‌کند ولی ثبت شمای Rank Math کامل‌تر است
3344,quantum-fpga,https://qpedia.ir/quantum-fpga/,publish,T02,med,عنوان و متا,عنوان خیلی بلند,post_title,71 نویسه: «FPGA کوانتومی؛ سخت‌افزار بازپیکربندی‌پذیر برای کنترل یا پردازش کوانتومی…»,عنوان را به حدود ۶۰ نویسه کاهش دهید؛ گوگل تیترهای بلند را می‌بُرد یا بازنویسی می‌کند
3344,quantum-fpga,https://qpedia.ir/quantum-fpga/,publish,C01,high,محتوا,محتوای بسیار نازک,بدنه,350 کلمه,گوگل محتوای «کامل و جامع» می‌خواهد؛ صفحه محتوای کافی ندارد
3344,quantum-fpga,https://qpedia.ir/quantum-fpga/,publish,C12,low,محتوا,بدون پوشش سوءبرداشت رایج,بدنه,,مطابق استاندارد Qpedia، سوءبرداشت‌های رایج اصلاح شود
3491,cavity-qed,https://qpedia.ir/cavity-qed/,publish,T02,med,عنوان و متا,عنوان خیلی بلند,post_title,73 نویسه: «الکترودینامیک کوانتومی حفره؛ وقتی یک اتم بارها با یک فوتون روبه‌رو می‌شود…»,عنوان را به حدود ۶۰ نویسه کاهش دهید؛ گوگل تیترهای بلند را می‌بُرد یا بازنویسی می‌کند
3491,cavity-qed,https://qpedia.ir/cavity-qed/,publish,C01,high,محتوا,محتوای بسیار نازک,بدنه,576 کلمه,گوگل محتوای «کامل و جامع» می‌خواهد؛ صفحه محتوای کافی ندارد
3491,cavity-qed,https://qpedia.ir/cavity-qed/,publish,C12,low,محتوا,بدون پوشش سوءبرداشت رایج,بدنه,,مطابق استاندارد Qpedia، سوءبرداشت‌های رایج اصلاح شود
3513,quantum-digital-signature,https://qpedia.ir/quantum-digital-signature/,publish,T02,med,عنوان و متا,عنوان خیلی بلند,post_title,74 نویسه: «امضای دیجیتال کوانتومی؛ چگونه اصالت پیام را بدون کلید خصوصی کلاسیک بسنجیم؟…»,عنوان را به حدود ۶۰ نویسه کاهش دهید؛ گوگل تیترهای بلند را می‌بُرد یا بازنویسی می‌کند
3513,quantum-digital-signature,https://qpedia.ir/quantum-digital-signature/,publish,C01,high,محتوا,محتوای بسیار نازک,بدنه,445 کلمه,گوگل محتوای «کامل و جامع» می‌خواهد؛ صفحه محتوای کافی ندارد
3513,quantum-digital-signature,https://qpedia.ir/quantum-digital-signature/,publish,C12,low,محتوا,بدون پوشش سوءبرداشت رایج,بدنه,,مطابق استاندارد Qpedia، سوءبرداشت‌های رایج اصلاح شود
2749,loophole-free-bell-test,https://qpedia.ir/loophole-free-bell-test/,publish,K03,low,کلیدواژه,کلیدواژه کانونی در متای توضیح نیست,meta description,kw=«آزمایش بل بدون حفره ۲۰۱۵»,کلیدواژه را در توضیح متا بگنجانید
2749,loophole-free-bell-test,https://qpedia.ir/loophole-free-bell-test/,publish,K04,med,کلیدواژه,کلیدواژه در پاراگراف آغازین نیست,پاراگراف آغازین,kw=«آزمایش بل بدون حفره ۲۰۱۵»,در صد کلمهٔ نخست، موضوع (کلیدواژه) روشن شود
2749,loophole-free-bell-test,https://qpedia.ir/loophole-free-bell-test/,publish,C11,low,محتوا,بدون بخش جمع‌بندی,تیترها,,پایان‌بندی انسانی و روشن داشته باشید
2749,loophole-free-bell-test,https://qpedia.ir/loophole-free-bell-test/,publish,C12,low,محتوا,بدون پوشش سوءبرداشت رایج,بدنه,,مطابق استاندارد Qpedia، سوءبرداشت‌های رایج اصلاح شود
2749,loophole-free-bell-test,https://qpedia.ir/loophole-free-bell-test/,publish,X04,low,فنی,رمزِ شِمای Rank Math ثبت نشده,rank_math_schema_*,,قالب شِمای Article خودکار چاپ می‌کند ولی ثبت شمای Rank Math کامل‌تر است
3452,quantum-walk,https://qpedia.ir/quantum-walk/,publish,K06,med,کلیدواژه,تراکم کلیدواژه بیش از حد,بدنه,تراکم≈2.5٪ (3 تکرار کلیدواژه «قدم‌زدن کوانتومی»),تراکم را زیر ~۲.۵٪ نگه دارید (جلوگیری از Keyword Stuffing)
3452,quantum-walk,https://qpedia.ir/quantum-walk/,publish,C01,high,محتوا,محتوای بسیار نازک,بدنه,359 کلمه,گوگل محتوای «کامل و جامع» می‌خواهد؛ صفحه محتوای کافی ندارد
3452,quantum-walk,https://qpedia.ir/quantum-walk/,publish,C12,low,محتوا,بدون پوشش سوءبرداشت رایج,بدنه,,مطابق استاندارد Qpedia، سوءبرداشت‌های رایج اصلاح شود
3452,quantum-walk,https://qpedia.ir/quantum-walk/,publish,X05,med,فنی,صفحه یتیم (بدون لینک ورودی داخلی),گراف لینک داخلی,هیچ لینک ورودی از مقالات منتشرشدهٔ دیگر,از مقالات مرتبط به این صفحه لینک بدهید
3521,quantum-network,https://qpedia.ir/quantum-network/,publish,K03,low,کلیدواژه,کلیدواژه کانونی در متای توضیح نیست,meta description,kw=«شبکهٔ کوانتومی»,کلیدواژه را در توضیح متا بگنجانید
3521,quantum-network,https://qpedia.ir/quantum-network/,publish,K04,med,کلیدواژه,کلیدواژه در پاراگراف آغازین نیست,پاراگراف آغازین,kw=«شبکهٔ کوانتومی»,در صد کلمهٔ نخست، موضوع (کلیدواژه) روشن شود
3521,quantum-network,https://qpedia.ir/quantum-network/,publish,C01,high,محتوا,محتوای بسیار نازک,بدنه,415 کلمه,گوگل محتوای «کامل و جامع» می‌خواهد؛ صفحه محتوای کافی ندارد
3521,quantum-network,https://qpedia.ir/quantum-network/,publish,C12,low,محتوا,بدون پوشش سوءبرداشت رایج,بدنه,,مطابق استاندارد Qpedia، سوءبرداشت‌های رایج اصلاح شود
3476,dirac-semimetal,https://qpedia.ir/dirac-semimetal/,publish,K06,med,کلیدواژه,تراکم کلیدواژه بیش از حد,بدنه,تراکم≈3.8٪ (5 تکرار کلیدواژه «نیم‌فلز دیراک»),تراکم را زیر ~۲.۵٪ نگه دارید (جلوگیری از Keyword Stuffing)
3476,dirac-semimetal,https://qpedia.ir/dirac-semimetal/,publish,C01,high,محتوا,محتوای بسیار نازک,بدنه,393 کلمه,گوگل محتوای «کامل و جامع» می‌خواهد؛ صفحه محتوای کافی ندارد
3476,dirac-semimetal,https://qpedia.ir/dirac-semimetal/,publish,C12,low,محتوا,بدون پوشش سوءبرداشت رایج,بدنه,,مطابق استاندارد Qpedia، سوءبرداشت‌های رایج اصلاح شود
3476,dirac-semimetal,https://qpedia.ir/dirac-semimetal/,publish,X05,med,فنی,صفحه یتیم (بدون لینک ورودی داخلی),گراف لینک داخلی,هیچ لینک ورودی از مقالات منتشرشدهٔ دیگر,از مقالات مرتبط به این صفحه لینک بدهید
3569,quantum-fluctuation-theorem,https://qpedia.ir/quantum-fluctuation-theorem/,publish,K03,low,کلیدواژه,کلیدواژه کانونی در متای توضیح نیست,meta description,kw=«قضیهٔ نوسان کوانتومی»,کلیدواژه را در توضیح متا بگنجانید
3569,quantum-fluctuation-theorem,https://qpedia.ir/quantum-fluctuation-theorem/,publish,K04,med,کلیدواژه,کلیدواژه در پاراگراف آغازین نیست,پاراگراف آغازین,kw=«قضیهٔ نوسان کوانتومی»,در صد کلمهٔ نخست، موضوع (کلیدواژه) روشن شود
3569,quantum-fluctuation-theorem,https://qpedia.ir/quantum-fluctuation-theorem/,publish,C01,high,محتوا,محتوای بسیار نازک,بدنه,360 کلمه,گوگل محتوای «کامل و جامع» می‌خواهد؛ صفحه محتوای کافی ندارد
3569,quantum-fluctuation-theorem,https://qpedia.ir/quantum-fluctuation-theorem/,publish,C12,low,محتوا,بدون پوشش سوءبرداشت رایج,بدنه,,مطابق استاندارد Qpedia، سوءبرداشت‌های رایج اصلاح شود
3397,coherent-states,https://qpedia.ir/coherent-states/,publish,K03,low,کلیدواژه,کلیدواژه کانونی در متای توضیح نیست,meta description,kw=«حالت‌های همدوس»,کلیدواژه را در توضیح متا بگنجانید
3397,coherent-states,https://qpedia.ir/coherent-states/,publish,K04,med,کلیدواژه,کلیدواژه در پاراگراف آغازین نیست,پاراگراف آغازین,kw=«حالت‌های همدوس»,در صد کلمهٔ نخست، موضوع (کلیدواژه) روشن شود
3397,coherent-states,https://qpedia.ir/coherent-states/,publish,C01,high,محتوا,محتوای بسیار نازک,بدنه,383 کلمه,گوگل محتوای «کامل و جامع» می‌خواهد؛ صفحه محتوای کافی ندارد
3397,coherent-states,https://qpedia.ir/coherent-states/,publish,C12,low,محتوا,بدون پوشش سوءبرداشت رایج,بدنه,,مطابق استاندارد Qpedia، سوءبرداشت‌های رایج اصلاح شود
3460,quantum-neural-network,https://qpedia.ir/quantum-neural-network/,publish,K03,low,کلیدواژه,کلیدواژه کانونی در متای توضیح نیست,meta description,kw=«شبکهٔ عصبی کوانتومی»,کلیدواژه را در توضیح متا بگنجانید
3460,quantum-neural-network,https://qpedia.ir/quantum-neural-network/,publish,K04,med,کلیدواژه,کلیدواژه در پاراگراف آغازین نیست,پاراگراف آغازین,kw=«شبکهٔ عصبی کوانتومی»,در صد کلمهٔ نخست، موضوع (کلیدواژه) روشن شود
3460,quantum-neural-network,https://qpedia.ir/quantum-neural-network/,publish,C01,high,محتوا,محتوای بسیار نازک,بدنه,396 کلمه,گوگل محتوای «کامل و جامع» می‌خواهد؛ صفحه محتوای کافی ندارد
3460,quantum-neural-network,https://qpedia.ir/quantum-neural-network/,publish,C12,low,محتوا,بدون پوشش سوءبرداشت رایج,بدنه,,مطابق استاندارد Qpedia، سوءبرداشت‌های رایج اصلاح شود
3484,mott-insulator,https://qpedia.ir/mott-insulator/,publish,K06,med,کلیدواژه,تراکم کلیدواژه بیش از حد,بدنه,تراکم≈2.6٪ (5 تکرار کلیدواژه «عایق مات»),تراکم را زیر ~۲.۵٪ نگه دارید (جلوگیری از Keyword Stuffing)
3484,mott-insulator,https://qpedia.ir/mott-insulator/,publish,C01,high,محتوا,محتوای بسیار نازک,بدنه,388 کلمه,گوگل محتوای «کامل و جامع» می‌خواهد؛ صفحه محتوای کافی ندارد
3484,mott-insulator,https://qpedia.ir/mott-insulator/,publish,C12,low,محتوا,بدون پوشش سوءبرداشت رایج,بدنه,,مطابق استاندارد Qpedia، سوءبرداشت‌های رایج اصلاح شود
3484,mott-insulator,https://qpedia.ir/mott-insulator/,publish,X05,med,فنی,صفحه یتیم (بدون لینک ورودی داخلی),گراف لینک داخلی,هیچ لینک ورودی از مقالات منتشرشدهٔ دیگر,از مقالات مرتبط به این صفحه لینک بدهید
3493,circuit-qed,https://qpedia.ir/circuit-qed/,publish,K03,low,کلیدواژه,کلیدواژه کانونی در متای توضیح نیست,meta description,kw=«الکترودینامیک کوانتومی مدار»,کلیدواژه را در توضیح متا بگنجانید
3493,circuit-qed,https://qpedia.ir/circuit-qed/,publish,C01,high,محتوا,محتوای بسیار نازک,بدنه,492 کلمه,گوگل محتوای «کامل و جامع» می‌خواهد؛ صفحه محتوای کافی ندارد
3493,circuit-qed,https://qpedia.ir/circuit-qed/,publish,C12,low,محتوا,بدون پوشش سوءبرداشت رایج,بدنه,,مطابق استاندارد Qpedia، سوءبرداشت‌های رایج اصلاح شود
3493,circuit-qed,https://qpedia.ir/circuit-qed/,publish,X05,med,فنی,صفحه یتیم (بدون لینک ورودی داخلی),گراف لینک داخلی,هیچ لینک ورودی از مقالات منتشرشدهٔ دیگر,از مقالات مرتبط به این صفحه لینک بدهید
3509,measurement-device-independent-qkd,https://qpedia.ir/measurement-device-independent-qkd/,publish,K03,low,کلیدواژه,کلیدواژه کانونی در متای توضیح نیست,meta description,kw=«QKD مستقل از دستگاه اندازه‌گیری»,کلیدواژه را در توضیح متا بگنجانید
3509,measurement-device-independent-qkd,https://qpedia.ir/measurement-device-independent-qkd/,publish,K04,med,کلیدواژه,کلیدواژه در پاراگراف آغازین نیست,پاراگراف آغازین,kw=«QKD مستقل از دستگاه اندازه‌گیری»,در صد کلمهٔ نخست، موضوع (کلیدواژه) روشن شود
3509,measurement-device-independent-qkd,https://qpedia.ir/measurement-device-independent-qkd/,publish,C01,high,محتوا,محتوای بسیار نازک,بدنه,432 کلمه,گوگل محتوای «کامل و جامع» می‌خواهد؛ صفحه محتوای کافی ندارد
3509,measurement-device-independent-qkd,https://qpedia.ir/measurement-device-independent-qkd/,publish,C12,low,محتوا,بدون پوشش سوءبرداشت رایج,بدنه,,مطابق استاندارد Qpedia، سوءبرداشت‌های رایج اصلاح شود
3539,optical-lattice,https://qpedia.ir/optical-lattice/,publish,K03,low,کلیدواژه,کلیدواژه کانونی در متای توضیح نیست,meta description,kw=«شبکهٔ نوری»,کلیدواژه را در توضیح متا بگنجانید
3539,optical-lattice,https://qpedia.ir/optical-lattice/,publish,K04,med,کلیدواژه,کلیدواژه در پاراگراف آغازین نیست,پاراگراف آغازین,kw=«شبکهٔ نوری»,در صد کلمهٔ نخست، موضوع (کلیدواژه) روشن شود
3539,optical-lattice,https://qpedia.ir/optical-lattice/,publish,C01,high,محتوا,محتوای بسیار نازک,بدنه,390 کلمه,گوگل محتوای «کامل و جامع» می‌خواهد؛ صفحه محتوای کافی ندارد
3539,optical-lattice,https://qpedia.ir/optical-lattice/,publish,C12,low,محتوا,بدون پوشش سوءبرداشت رایج,بدنه,,مطابق استاندارد Qpedia، سوءبرداشت‌های رایج اصلاح شود
3474,weyl-semimetal,https://qpedia.ir/weyl-semimetal/,publish,C01,high,محتوا,محتوای بسیار نازک,بدنه,394 کلمه,گوگل محتوای «کامل و جامع» می‌خواهد؛ صفحه محتوای کافی ندارد
3474,weyl-semimetal,https://qpedia.ir/weyl-semimetal/,publish,C12,low,محتوا,بدون پوشش سوءبرداشت رایج,بدنه,,مطابق استاندارد Qpedia، سوءبرداشت‌های رایج اصلاح شود
3474,weyl-semimetal,https://qpedia.ir/weyl-semimetal/,publish,X05,med,فنی,صفحه یتیم (بدون لینک ورودی داخلی),گراف لینک داخلی,هیچ لینک ورودی از مقالات منتشرشدهٔ دیگر,از مقالات مرتبط به این صفحه لینک بدهید
3486,quantum-criticality,https://qpedia.ir/quantum-criticality/,publish,K04,med,کلیدواژه,کلیدواژه در پاراگراف آغازین نیست,پاراگراف آغازین,kw=«بحرانیت کوانتومی»,در صد کلمهٔ نخست، موضوع (کلیدواژه) روشن شود
3486,quantum-criticality,https://qpedia.ir/quantum-criticality/,publish,C01,high,محتوا,محتوای بسیار نازک,بدنه,357 کلمه,گوگل محتوای «کامل و جامع» می‌خواهد؛ صفحه محتوای کافی ندارد
3486,quantum-criticality,https://qpedia.ir/quantum-criticality/,publish,C12,low,محتوا,بدون پوشش سوءبرداشت رایج,بدنه,,مطابق استاندارد Qpedia، سوءبرداشت‌های رایج اصلاح شود
3551,plasmon,https://qpedia.ir/plasmon/,publish,C01,high,محتوا,محتوای بسیار نازک,بدنه,351 کلمه,گوگل محتوای «کامل و جامع» می‌خواهد؛ صفحه محتوای کافی ندارد
3551,plasmon,https://qpedia.ir/plasmon/,publish,C12,low,محتوا,بدون پوشش سوءبرداشت رایج,بدنه,,مطابق استاندارد Qpedia، سوءبرداشت‌های رایج اصلاح شود
3551,plasmon,https://qpedia.ir/plasmon/,publish,X05,med,فنی,صفحه یتیم (بدون لینک ورودی داخلی),گراف لینک داخلی,هیچ لینک ورودی از مقالات منتشرشدهٔ دیگر,از مقالات مرتبط به این صفحه لینک بدهید
3497,electromagnetically-induced-transparency,https://qpedia.ir/electromagnetically-induced-transparency/,publish,T02,med,عنوان و متا,عنوان خیلی بلند,post_title,69 نویسه: «شفافیت القایی الکترومغناطیسی؛ وقتی یک لیزر راه نور دیگر را باز می‌کند…»,عنوان را به حدود ۶۰ نویسه کاهش دهید؛ گوگل تیترهای بلند را می‌بُرد یا بازنویسی می‌کند
3497,electromagnetically-induced-transparency,https://qpedia.ir/electromagnetically-induced-transparency/,publish,K03,low,کلیدواژه,کلیدواژه کانونی در متای توضیح نیست,meta description,kw=«شفافیت القایی الکترومغناطیسی»,کلیدواژه را در توضیح متا بگنجانید
3497,electromagnetically-induced-transparency,https://qpedia.ir/electromagnetically-induced-transparency/,publish,C01,high,محتوا,محتوای بسیار نازک,بدنه,536 کلمه,گوگل محتوای «کامل و جامع» می‌خواهد؛ صفحه محتوای کافی ندارد
3497,electromagnetically-induced-transparency,https://qpedia.ir/electromagnetically-induced-transparency/,publish,C12,low,محتوا,بدون پوشش سوءبرداشت رایج,بدنه,,مطابق استاندارد Qpedia، سوءبرداشت‌های رایج اصلاح شود
3482,fractional-quantum-hall-effect,https://qpedia.ir/fractional-quantum-hall-effect/,publish,K04,med,کلیدواژه,کلیدواژه در پاراگراف آغازین نیست,پاراگراف آغازین,kw=«اثر هال کوانتومی کسری»,در صد کلمهٔ نخست، موضوع (کلیدواژه) روشن شود
3482,fractional-quantum-hall-effect,https://qpedia.ir/fractional-quantum-hall-effect/,publish,C01,high,محتوا,محتوای بسیار نازک,بدنه,357 کلمه,گوگل محتوای «کامل و جامع» می‌خواهد؛ صفحه محتوای کافی ندارد
3482,fractional-quantum-hall-effect,https://qpedia.ir/fractional-quantum-hall-effect/,publish,C12,low,محتوا,بدون پوشش سوءبرداشت رایج,بدنه,,مطابق استاندارد Qpedia، سوءبرداشت‌های رایج اصلاح شود
3501,quantum-microscopy,https://qpedia.ir/quantum-microscopy/,publish,C01,high,محتوا,محتوای بسیار نازک,بدنه,436 کلمه,گوگل محتوای «کامل و جامع» می‌خواهد؛ صفحه محتوای کافی ندارد
3501,quantum-microscopy,https://qpedia.ir/quantum-microscopy/,publish,C12,low,محتوا,بدون پوشش سوءبرداشت رایج,بدنه,,مطابق استاندارد Qpedia، سوءبرداشت‌های رایج اصلاح شود
3501,quantum-microscopy,https://qpedia.ir/quantum-microscopy/,publish,X05,med,فنی,صفحه یتیم (بدون لینک ورودی داخلی),گراف لینک داخلی,هیچ لینک ورودی از مقالات منتشرشدهٔ دیگر,از مقالات مرتبط به این صفحه لینک بدهید
3515,quantum-money,https://qpedia.ir/quantum-money/,publish,C01,high,محتوا,محتوای بسیار نازک,بدنه,395 کلمه,گوگل محتوای «کامل و جامع» می‌خواهد؛ صفحه محتوای کافی ندارد
3515,quantum-money,https://qpedia.ir/quantum-money/,publish,C12,low,محتوا,بدون پوشش سوءبرداشت رایج,بدنه,,مطابق استاندارد Qpedia، سوءبرداشت‌های رایج اصلاح شود
3515,quantum-money,https://qpedia.ir/quantum-money/,publish,X05,med,فنی,صفحه یتیم (بدون لینک ورودی داخلی),گراف لینک داخلی,هیچ لینک ورودی از مقالات منتشرشدهٔ دیگر,از مقالات مرتبط به این صفحه لینک بدهید
3523,quantum-cloud,https://qpedia.ir/quantum-cloud/,publish,K04,med,کلیدواژه,کلیدواژه در پاراگراف آغازین نیست,پاراگراف آغازین,kw=«رایانش کوانتومی ابری»,در صد کلمهٔ نخست، موضوع (کلیدواژه) روشن شود
3523,quantum-cloud,https://qpedia.ir/quantum-cloud/,publish,C01,high,محتوا,محتوای بسیار نازک,بدنه,418 کلمه,گوگل محتوای «کامل و جامع» می‌خواهد؛ صفحه محتوای کافی ندارد
3523,quantum-cloud,https://qpedia.ir/quantum-cloud/,publish,C12,low,محتوا,بدون پوشش سوءبرداشت رایج,بدنه,,مطابق استاندارد Qpedia، سوءبرداشت‌های رایج اصلاح شود
3528,bernstein-vazirani-algorithm,https://qpedia.ir/bernstein-vazirani-algorithm/,publish,C01,high,محتوا,محتوای بسیار نازک,بدنه,390 کلمه,گوگل محتوای «کامل و جامع» می‌خواهد؛ صفحه محتوای کافی ندارد
3528,bernstein-vazirani-algorithm,https://qpedia.ir/bernstein-vazirani-algorithm/,publish,C12,low,محتوا,بدون پوشش سوءبرداشت رایج,بدنه,,مطابق استاندارد Qpedia، سوءبرداشت‌های رایج اصلاح شود
3528,bernstein-vazirani-algorithm,https://qpedia.ir/bernstein-vazirani-algorithm/,publish,X05,med,فنی,صفحه یتیم (بدون لینک ورودی داخلی),گراف لینک داخلی,هیچ لینک ورودی از مقالات منتشرشدهٔ دیگر,از مقالات مرتبط به این صفحه لینک بدهید
3332,photon-blockade,https://qpedia.ir/photon-blockade/,publish,C01,high,محتوا,محتوای بسیار نازک,بدنه,331 کلمه,گوگل محتوای «کامل و جامع» می‌خواهد؛ صفحه محتوای کافی ندارد
3332,photon-blockade,https://qpedia.ir/photon-blockade/,publish,C12,low,محتوا,بدون پوشش سوءبرداشت رایج,بدنه,,مطابق استاندارد Qpedia، سوءبرداشت‌های رایج اصلاح شود
3332,photon-blockade,https://qpedia.ir/photon-blockade/,publish,X05,med,فنی,صفحه یتیم (بدون لینک ورودی داخلی),گراف لینک داخلی,هیچ لینک ورودی از مقالات منتشرشدهٔ دیگر,از مقالات مرتبط به این صفحه لینک بدهید
3424,hardy-paradox,https://qpedia.ir/hardy-paradox/,publish,C01,high,محتوا,محتوای بسیار نازک,بدنه,361 کلمه,گوگل محتوای «کامل و جامع» می‌خواهد؛ صفحه محتوای کافی ندارد
3424,hardy-paradox,https://qpedia.ir/hardy-paradox/,publish,C12,low,محتوا,بدون پوشش سوءبرداشت رایج,بدنه,,مطابق استاندارد Qpedia، سوءبرداشت‌های رایج اصلاح شود
3424,hardy-paradox,https://qpedia.ir/hardy-paradox/,publish,X05,med,فنی,صفحه یتیم (بدون لینک ورودی داخلی),گراف لینک داخلی,هیچ لینک ورودی از مقالات منتشرشدهٔ دیگر,از مقالات مرتبط به این صفحه لینک بدهید
3434,quantum-probability,https://qpedia.ir/quantum-probability/,publish,K04,med,کلیدواژه,کلیدواژه در پاراگراف آغازین نیست,پاراگراف آغازین,kw=«احتمال کوانتومی»,در صد کلمهٔ نخست، موضوع (کلیدواژه) روشن شود
3434,quantum-probability,https://qpedia.ir/quantum-probability/,publish,C01,high,محتوا,محتوای بسیار نازک,بدنه,338 کلمه,گوگل محتوای «کامل و جامع» می‌خواهد؛ صفحه محتوای کافی ندارد
3434,quantum-probability,https://qpedia.ir/quantum-probability/,publish,C12,low,محتوا,بدون پوشش سوءبرداشت رایج,بدنه,,مطابق استاندارد Qpedia، سوءبرداشت‌های رایج اصلاح شود
3505,quantum-secret-sharing,https://qpedia.ir/quantum-secret-sharing/,publish,C01,high,محتوا,محتوای بسیار نازک,بدنه,401 کلمه,گوگل محتوای «کامل و جامع» می‌خواهد؛ صفحه محتوای کافی ندارد
3505,quantum-secret-sharing,https://qpedia.ir/quantum-secret-sharing/,publish,C12,low,محتوا,بدون پوشش سوءبرداشت رایج,بدنه,,مطابق استاندارد Qpedia، سوءبرداشت‌های رایج اصلاح شود
3505,quantum-secret-sharing,https://qpedia.ir/quantum-secret-sharing/,publish,X05,med,فنی,صفحه یتیم (بدون لینک ورودی داخلی),گراف لینک داخلی,هیچ لینک ورودی از مقالات منتشرشدهٔ دیگر,از مقالات مرتبط به این صفحه لینک بدهید
3557,quantum-refrigerator,https://qpedia.ir/quantum-refrigerator/,publish,C01,high,محتوا,محتوای بسیار نازک,بدنه,376 کلمه,گوگل محتوای «کامل و جامع» می‌خواهد؛ صفحه محتوای کافی ندارد
3557,quantum-refrigerator,https://qpedia.ir/quantum-refrigerator/,publish,C12,low,محتوا,بدون پوشش سوءبرداشت رایج,بدنه,,مطابق استاندارد Qpedia، سوءبرداشت‌های رایج اصلاح شود
3557,quantum-refrigerator,https://qpedia.ir/quantum-refrigerator/,publish,X05,med,فنی,صفحه یتیم (بدون لینک ورودی داخلی),گراف لینک داخلی,هیچ لینک ورودی از مقالات منتشرشدهٔ دیگر,از مقالات مرتبط به این صفحه لینک بدهید
3354,dipolar-gas,https://qpedia.ir/dipolar-gas/,publish,K04,med,کلیدواژه,کلیدواژه در پاراگراف آغازین نیست,پاراگراف آغازین,kw=«گاز دوقطبی»,در صد کلمهٔ نخست، موضوع (کلیدواژه) روشن شود
3354,dipolar-gas,https://qpedia.ir/dipolar-gas/,publish,C01,high,محتوا,محتوای بسیار نازک,بدنه,348 کلمه,گوگل محتوای «کامل و جامع» می‌خواهد؛ صفحه محتوای کافی ندارد
3354,dipolar-gas,https://qpedia.ir/dipolar-gas/,publish,C12,low,محتوا,بدون پوشش سوءبرداشت رایج,بدنه,,مطابق استاندارد Qpedia، سوءبرداشت‌های رایج اصلاح شود
3367,proton-decay,https://qpedia.ir/proton-decay/,publish,C01,high,محتوا,محتوای بسیار نازک,بدنه,424 کلمه,گوگل محتوای «کامل و جامع» می‌خواهد؛ صفحه محتوای کافی ندارد
3367,proton-decay,https://qpedia.ir/proton-decay/,publish,C12,low,محتوا,بدون پوشش سوءبرداشت رایج,بدنه,,مطابق استاندارد Qpedia، سوءبرداشت‌های رایج اصلاح شود
3367,proton-decay,https://qpedia.ir/proton-decay/,publish,X05,med,فنی,صفحه یتیم (بدون لینک ورودی داخلی),گراف لینک داخلی,هیچ لینک ورودی از مقالات منتشرشدهٔ دیگر,از مقالات مرتبط به این صفحه لینک بدهید
3385,quantum-blockchain,https://qpedia.ir/quantum-blockchain/,publish,C01,high,محتوا,محتوای بسیار نازک,بدنه,409 کلمه,گوگل محتوای «کامل و جامع» می‌خواهد؛ صفحه محتوای کافی ندارد
3385,quantum-blockchain,https://qpedia.ir/quantum-blockchain/,publish,C12,low,محتوا,بدون پوشش سوءبرداشت رایج,بدنه,,مطابق استاندارد Qpedia، سوءبرداشت‌های رایج اصلاح شود
3385,quantum-blockchain,https://qpedia.ir/quantum-blockchain/,publish,X05,med,فنی,صفحه یتیم (بدون لینک ورودی داخلی),گراف لینک داخلی,هیچ لینک ورودی از مقالات منتشرشدهٔ دیگر,از مقالات مرتبط به این صفحه لینک بدهید
3395,quantum-singularity,https://qpedia.ir/quantum-singularity/,publish,C01,high,محتوا,محتوای بسیار نازک,بدنه,396 کلمه,گوگل محتوای «کامل و جامع» می‌خواهد؛ صفحه محتوای کافی ندارد
3395,quantum-singularity,https://qpedia.ir/quantum-singularity/,publish,C12,low,محتوا,بدون پوشش سوءبرداشت رایج,بدنه,,مطابق استاندارد Qpedia، سوءبرداشت‌های رایج اصلاح شود
3395,quantum-singularity,https://qpedia.ir/quantum-singularity/,publish,X05,med,فنی,صفحه یتیم (بدون لینک ورودی داخلی),گراف لینک داخلی,هیچ لینک ورودی از مقالات منتشرشدهٔ دیگر,از مقالات مرتبط به این صفحه لینک بدهید
3403,optical-parametric-oscillator,https://qpedia.ir/optical-parametric-oscillator/,publish,C01,high,محتوا,محتوای بسیار نازک,بدنه,387 کلمه,گوگل محتوای «کامل و جامع» می‌خواهد؛ صفحه محتوای کافی ندارد
3403,optical-parametric-oscillator,https://qpedia.ir/optical-parametric-oscillator/,publish,C12,low,محتوا,بدون پوشش سوءبرداشت رایج,بدنه,,مطابق استاندارد Qpedia، سوءبرداشت‌های رایج اصلاح شود
3403,optical-parametric-oscillator,https://qpedia.ir/optical-parametric-oscillator/,publish,X05,med,فنی,صفحه یتیم (بدون لینک ورودی داخلی),گراف لینک داخلی,هیچ لینک ورودی از مقالات منتشرشدهٔ دیگر,از مقالات مرتبط به این صفحه لینک بدهید
3408,quantum-thermometry,https://qpedia.ir/quantum-thermometry/,publish,C01,high,محتوا,محتوای بسیار نازک,بدنه,382 کلمه,گوگل محتوای «کامل و جامع» می‌خواهد؛ صفحه محتوای کافی ندارد
3408,quantum-thermometry,https://qpedia.ir/quantum-thermometry/,publish,C12,low,محتوا,بدون پوشش سوءبرداشت رایج,بدنه,,مطابق استاندارد Qpedia، سوءبرداشت‌های رایج اصلاح شود
3408,quantum-thermometry,https://qpedia.ir/quantum-thermometry/,publish,X05,med,فنی,صفحه یتیم (بدون لینک ورودی داخلی),گراف لینک داخلی,هیچ لینک ورودی از مقالات منتشرشدهٔ دیگر,از مقالات مرتبط به این صفحه لینک بدهید
3440,fine-structure-constant,https://qpedia.ir/fine-structure-constant/,publish,C01,high,محتوا,محتوای بسیار نازک,بدنه,377 کلمه,گوگل محتوای «کامل و جامع» می‌خواهد؛ صفحه محتوای کافی ندارد
3440,fine-structure-constant,https://qpedia.ir/fine-structure-constant/,publish,C12,low,محتوا,بدون پوشش سوءبرداشت رایج,بدنه,,مطابق استاندارد Qpedia، سوءبرداشت‌های رایج اصلاح شود
3440,fine-structure-constant,https://qpedia.ir/fine-structure-constant/,publish,X05,med,فنی,صفحه یتیم (بدون لینک ورودی داخلی),گراف لینک داخلی,هیچ لینک ورودی از مقالات منتشرشدهٔ دیگر,از مقالات مرتبط به این صفحه لینک بدهید
3436,acceleration-radiation,https://qpedia.ir/acceleration-radiation/,publish,C01,high,محتوا,محتوای بسیار نازک,بدنه,381 کلمه,گوگل محتوای «کامل و جامع» می‌خواهد؛ صفحه محتوای کافی ندارد
3436,acceleration-radiation,https://qpedia.ir/acceleration-radiation/,publish,C12,low,محتوا,بدون پوشش سوءبرداشت رایج,بدنه,,مطابق استاندارد Qpedia، سوءبرداشت‌های رایج اصلاح شود
3436,acceleration-radiation,https://qpedia.ir/acceleration-radiation/,publish,X05,med,فنی,صفحه یتیم (بدون لینک ورودی داخلی),گراف لینک داخلی,هیچ لینک ورودی از مقالات منتشرشدهٔ دیگر,از مقالات مرتبط به این صفحه لینک بدهید
3450,quantum-phase-estimation,https://qpedia.ir/quantum-phase-estimation/,publish,C01,high,محتوا,محتوای بسیار نازک,بدنه,416 کلمه,گوگل محتوای «کامل و جامع» می‌خواهد؛ صفحه محتوای کافی ندارد
3450,quantum-phase-estimation,https://qpedia.ir/quantum-phase-estimation/,publish,C12,low,محتوا,بدون پوشش سوءبرداشت رایج,بدنه,,مطابق استاندارد Qpedia، سوءبرداشت‌های رایج اصلاح شود
3450,quantum-phase-estimation,https://qpedia.ir/quantum-phase-estimation/,publish,X05,med,فنی,صفحه یتیم (بدون لینک ورودی داخلی),گراف لینک داخلی,هیچ لینک ورودی از مقالات منتشرشدهٔ دیگر,از مقالات مرتبط به این صفحه لینک بدهید
3456,qaoa,https://qpedia.ir/qaoa/,publish,C01,high,محتوا,محتوای بسیار نازک,بدنه,374 کلمه,گوگل محتوای «کامل و جامع» می‌خواهد؛ صفحه محتوای کافی ندارد
3456,qaoa,https://qpedia.ir/qaoa/,publish,C12,low,محتوا,بدون پوشش سوءبرداشت رایج,بدنه,,مطابق استاندارد Qpedia، سوءبرداشت‌های رایج اصلاح شود
3456,qaoa,https://qpedia.ir/qaoa/,publish,X05,med,فنی,صفحه یتیم (بدون لینک ورودی داخلی),گراف لینک داخلی,هیچ لینک ورودی از مقالات منتشرشدهٔ دیگر,از مقالات مرتبط به این صفحه لینک بدهید
3478,majorana-fermion,https://qpedia.ir/majorana-fermion/,publish,K04,med,کلیدواژه,کلیدواژه در پاراگراف آغازین نیست,پاراگراف آغازین,kw=«فرمیون مایورانا»,در صد کلمهٔ نخست، موضوع (کلیدواژه) روشن شود
3478,majorana-fermion,https://qpedia.ir/majorana-fermion/,publish,C01,high,محتوا,محتوای بسیار نازک,بدنه,393 کلمه,گوگل محتوای «کامل و جامع» می‌خواهد؛ صفحه محتوای کافی ندارد
3478,majorana-fermion,https://qpedia.ir/majorana-fermion/,publish,C12,low,محتوا,بدون پوشش سوءبرداشت رایج,بدنه,,مطابق استاندارد Qpedia، سوءبرداشت‌های رایج اصلاح شود
3511,twin-field-qkd,https://qpedia.ir/twin-field-qkd/,publish,C01,high,محتوا,محتوای بسیار نازک,بدنه,442 کلمه,گوگل محتوای «کامل و جامع» می‌خواهد؛ صفحه محتوای کافی ندارد
3511,twin-field-qkd,https://qpedia.ir/twin-field-qkd/,publish,C12,low,محتوا,بدون پوشش سوءبرداشت رایج,بدنه,,مطابق استاندارد Qpedia، سوءبرداشت‌های رایج اصلاح شود
3511,twin-field-qkd,https://qpedia.ir/twin-field-qkd/,publish,X05,med,فنی,صفحه یتیم (بدون لینک ورودی داخلی),گراف لینک داخلی,هیچ لینک ورودی از مقالات منتشرشدهٔ دیگر,از مقالات مرتبط به این صفحه لینک بدهید
3519,quantum-router,https://qpedia.ir/quantum-router/,publish,C01,high,محتوا,محتوای بسیار نازک,بدنه,413 کلمه,گوگل محتوای «کامل و جامع» می‌خواهد؛ صفحه محتوای کافی ندارد
3519,quantum-router,https://qpedia.ir/quantum-router/,publish,C12,low,محتوا,بدون پوشش سوءبرداشت رایج,بدنه,,مطابق استاندارد Qpedia، سوءبرداشت‌های رایج اصلاح شود
3519,quantum-router,https://qpedia.ir/quantum-router/,publish,X05,med,فنی,صفحه یتیم (بدون لینک ورودی داخلی),گراف لینک داخلی,هیچ لینک ورودی از مقالات منتشرشدهٔ دیگر,از مقالات مرتبط به این صفحه لینک بدهید
3533,kondo-effect,https://qpedia.ir/kondo-effect/,publish,C01,high,محتوا,محتوای بسیار نازک,بدنه,391 کلمه,گوگل محتوای «کامل و جامع» می‌خواهد؛ صفحه محتوای کافی ندارد
3533,kondo-effect,https://qpedia.ir/kondo-effect/,publish,C12,low,محتوا,بدون پوشش سوءبرداشت رایج,بدنه,,مطابق استاندارد Qpedia، سوءبرداشت‌های رایج اصلاح شود
3533,kondo-effect,https://qpedia.ir/kondo-effect/,publish,X05,med,فنی,صفحه یتیم (بدون لینک ورودی داخلی),گراف لینک داخلی,هیچ لینک ورودی از مقالات منتشرشدهٔ دیگر,از مقالات مرتبط به این صفحه لینک بدهید
3535,spin-ice,https://qpedia.ir/spin-ice/,publish,C01,high,محتوا,محتوای بسیار نازک,بدنه,372 کلمه,گوگل محتوای «کامل و جامع» می‌خواهد؛ صفحه محتوای کافی ندارد
3535,spin-ice,https://qpedia.ir/spin-ice/,publish,C12,low,محتوا,بدون پوشش سوءبرداشت رایج,بدنه,,مطابق استاندارد Qpedia، سوءبرداشت‌های رایج اصلاح شود
3535,spin-ice,https://qpedia.ir/spin-ice/,publish,X05,med,فنی,صفحه یتیم (بدون لینک ورودی داخلی),گراف لینک داخلی,هیچ لینک ورودی از مقالات منتشرشدهٔ دیگر,از مقالات مرتبط به این صفحه لینک بدهید
3555,quantum-heat-engine,https://qpedia.ir/quantum-heat-engine/,publish,K04,med,کلیدواژه,کلیدواژه در پاراگراف آغازین نیست,پاراگراف آغازین,kw=«موتور گرمایی کوانتومی»,در صد کلمهٔ نخست، موضوع (کلیدواژه) روشن شود
3555,quantum-heat-engine,https://qpedia.ir/quantum-heat-engine/,publish,C01,high,محتوا,محتوای بسیار نازک,بدنه,381 کلمه,گوگل محتوای «کامل و جامع» می‌خواهد؛ صفحه محتوای کافی ندارد
3555,quantum-heat-engine,https://qpedia.ir/quantum-heat-engine/,publish,C12,low,محتوا,بدون پوشش سوءبرداشت رایج,بدنه,,مطابق استاندارد Qpedia، سوءبرداشت‌های رایج اصلاح شود
3563,quantum-thermalization,https://qpedia.ir/quantum-thermalization/,publish,K04,med,کلیدواژه,کلیدواژه در پاراگراف آغازین نیست,پاراگراف آغازین,kw=«گرمایی‌شدن کوانتومی»,در صد کلمهٔ نخست، موضوع (کلیدواژه) روشن شود
3563,quantum-thermalization,https://qpedia.ir/quantum-thermalization/,publish,C01,high,محتوا,محتوای بسیار نازک,بدنه,357 کلمه,گوگل محتوای «کامل و جامع» می‌خواهد؛ صفحه محتوای کافی ندارد
3563,quantum-thermalization,https://qpedia.ir/quantum-thermalization/,publish,C12,low,محتوا,بدون پوشش سوءبرداشت رایج,بدنه,,مطابق استاندارد Qpedia، سوءبرداشت‌های رایج اصلاح شود
3559,quantum-maxwell-demon,https://qpedia.ir/quantum-maxwell-demon/,publish,T02,med,عنوان و متا,عنوان خیلی بلند,post_title,68 نویسه: «دیو ماکسول کوانتومی؛ اطلاعات چگونه به کار ترمودینامیکی تبدیل می‌شود؟…»,عنوان را به حدود ۶۰ نویسه کاهش دهید؛ گوگل تیترهای بلند را می‌بُرد یا بازنویسی می‌کند
3559,quantum-maxwell-demon,https://qpedia.ir/quantum-maxwell-demon/,publish,K04,med,کلیدواژه,کلیدواژه در پاراگراف آغازین نیست,پاراگراف آغازین,kw=«دیو ماکسول کوانتومی»,در صد کلمهٔ نخست، موضوع (کلیدواژه) روشن شود
3559,quantum-maxwell-demon,https://qpedia.ir/quantum-maxwell-demon/,publish,C01,high,محتوا,محتوای بسیار نازک,بدنه,369 کلمه,گوگل محتوای «کامل و جامع» می‌خواهد؛ صفحه محتوای کافی ندارد
3547,polariton,https://qpedia.ir/polariton/,publish,K06,med,کلیدواژه,تراکم کلیدواژه بیش از حد,بدنه,تراکم≈2.9٪ (10 تکرار کلیدواژه «پولاریتون»),تراکم را زیر ~۲.۵٪ نگه دارید (جلوگیری از Keyword Stuffing)
3547,polariton,https://qpedia.ir/polariton/,publish,C01,high,محتوا,محتوای بسیار نازک,بدنه,349 کلمه,گوگل محتوای «کامل و جامع» می‌خواهد؛ صفحه محتوای کافی ندارد
3547,polariton,https://qpedia.ir/polariton/,publish,C12,low,محتوا,بدون پوشش سوءبرداشت رایج,بدنه,,مطابق استاندارد Qpedia، سوءبرداشت‌های رایج اصلاح شود
3443,quantum-chromodynamics,https://qpedia.ir/quantum-chromodynamics/,publish,K03,low,کلیدواژه,کلیدواژه کانونی در متای توضیح نیست,meta description,kw=«کرومودینامیک کوانتومی»,کلیدواژه را در توضیح متا بگنجانید
3443,quantum-chromodynamics,https://qpedia.ir/quantum-chromodynamics/,publish,C01,high,محتوا,محتوای بسیار نازک,بدنه,348 کلمه,گوگل محتوای «کامل و جامع» می‌خواهد؛ صفحه محتوای کافی ندارد
3443,quantum-chromodynamics,https://qpedia.ir/quantum-chromodynamics/,publish,C12,low,محتوا,بدون پوشش سوءبرداشت رایج,بدنه,,مطابق استاندارد Qpedia، سوءبرداشت‌های رایج اصلاح شود
3319,quantum-illumination,https://qpedia.ir/quantum-illumination/,publish,T02,med,عنوان و متا,عنوان خیلی بلند,post_title,69 نویسه: «تصویربرداری کوانتومی در تاریکی؛ چگونه هدف پنهان در نویز را پیدا کنیم؟…»,عنوان را به حدود ۶۰ نویسه کاهش دهید؛ گوگل تیترهای بلند را می‌بُرد یا بازنویسی می‌کند
3319,quantum-illumination,https://qpedia.ir/quantum-illumination/,publish,K02,med,کلیدواژه,کلیدواژه کانونی در عنوان نیست,post_title,kw=«تابش کوانتومی»,کلیدواژه را به‌طور طبیعی در عنوان بیاورید
3319,quantum-illumination,https://qpedia.ir/quantum-illumination/,publish,C11,low,محتوا,بدون بخش جمع‌بندی,تیترها,,پایان‌بندی انسانی و روشن داشته باشید
3319,quantum-illumination,https://qpedia.ir/quantum-illumination/,publish,C12,low,محتوا,بدون پوشش سوءبرداشت رایج,بدنه,,مطابق استاندارد Qpedia، سوءبرداشت‌های رایج اصلاح شود
2859,quantum-history,https://qpedia.ir/quantum-history/,publish,K03,low,کلیدواژه,کلیدواژه کانونی در متای توضیح نیست,meta description,kw=«تاریخ صد ساله فیزیک کوانتوم»,کلیدواژه را در توضیح متا بگنجانید
2859,quantum-history,https://qpedia.ir/quantum-history/,publish,K04,med,کلیدواژه,کلیدواژه در پاراگراف آغازین نیست,پاراگراف آغازین,kw=«تاریخ صد ساله فیزیک کوانتوم»,در صد کلمهٔ نخست، موضوع (کلیدواژه) روشن شود
2859,quantum-history,https://qpedia.ir/quantum-history/,publish,C09,low,محتوا,بخش پرسش‌های متداول ندارد,تیترها,,افزودن FAQ ساخت‌یافته به پوشش نیت جستجو کمک می‌کند
2859,quantum-history,https://qpedia.ir/quantum-history/,publish,C12,low,محتوا,بدون پوشش سوءبرداشت رایج,بدنه,,مطابق استاندارد Qpedia، سوءبرداشت‌های رایج اصلاح شود
2859,quantum-history,https://qpedia.ir/quantum-history/,publish,I04,low,تصویر,ALT بیش‌ازحد بلند,تگ img #1,175 نویسه ALT,ALT را زیر ~۱۲۵ نویسه نگه دارید
2859,quantum-history,https://qpedia.ir/quantum-history/,publish,I04,low,تصویر,ALT بیش‌ازحد بلند,تگ img #2,178 نویسه ALT,ALT را زیر ~۱۲۵ نویسه نگه دارید
2859,quantum-history,https://qpedia.ir/quantum-history/,publish,I04,low,تصویر,ALT بیش‌ازحد بلند,تگ img #3,196 نویسه ALT,ALT را زیر ~۱۲۵ نویسه نگه دارید
2859,quantum-history,https://qpedia.ir/quantum-history/,publish,X04,low,فنی,رمزِ شِمای Rank Math ثبت نشده,rank_math_schema_*,,قالب شِمای Article خودکار چاپ می‌کند ولی ثبت شمای Rank Math کامل‌تر است
3561,quantum-entropy,https://qpedia.ir/quantum-entropy/,publish,K03,low,کلیدواژه,کلیدواژه کانونی در متای توضیح نیست,meta description,kw=«آنتروپی کوانتومی»,کلیدواژه را در توضیح متا بگنجانید
3561,quantum-entropy,https://qpedia.ir/quantum-entropy/,publish,C01,high,محتوا,محتوای بسیار نازک,بدنه,356 کلمه,گوگل محتوای «کامل و جامع» می‌خواهد؛ صفحه محتوای کافی ندارد
3561,quantum-entropy,https://qpedia.ir/quantum-entropy/,publish,C12,low,محتوا,بدون پوشش سوءبرداشت رایج,بدنه,,مطابق استاندارد Qpedia، سوءبرداشت‌های رایج اصلاح شود
3399,fock-state,https://qpedia.ir/fock-state/,publish,K06,med,کلیدواژه,تراکم کلیدواژه بیش از حد,بدنه,تراکم≈2.6٪ (5 تکرار کلیدواژه «حالت فوک»),تراکم را زیر ~۲.۵٪ نگه دارید (جلوگیری از Keyword Stuffing)
3399,fock-state,https://qpedia.ir/fock-state/,publish,C01,high,محتوا,محتوای بسیار نازک,بدنه,385 کلمه,گوگل محتوای «کامل و جامع» می‌خواهد؛ صفحه محتوای کافی ندارد
3399,fock-state,https://qpedia.ir/fock-state/,publish,C12,low,محتوا,بدون پوشش سوءبرداشت رایج,بدنه,,مطابق استاندارد Qpedia، سوءبرداشت‌های رایج اصلاح شود
3381,quantum-cosmology,https://qpedia.ir/quantum-cosmology/,publish,K06,med,کلیدواژه,تراکم کلیدواژه بیش از حد,بدنه,تراکم≈2.5٪ (3 تکرار کلیدواژه «کیهان‌شناسی کوانتومی»),تراکم را زیر ~۲.۵٪ نگه دارید (جلوگیری از Keyword Stuffing)
3381,quantum-cosmology,https://qpedia.ir/quantum-cosmology/,publish,C01,high,محتوا,محتوای بسیار نازک,بدنه,355 کلمه,گوگل محتوای «کامل و جامع» می‌خواهد؛ صفحه محتوای کافی ندارد
3381,quantum-cosmology,https://qpedia.ir/quantum-cosmology/,publish,C12,low,محتوا,بدون پوشش سوءبرداشت رایج,بدنه,,مطابق استاندارد Qpedia، سوءبرداشت‌های رایج اصلاح شود
3543,polaron,https://qpedia.ir/polaron/,publish,K06,med,کلیدواژه,تراکم کلیدواژه بیش از حد,بدنه,تراکم≈3.4٪ (13 تکرار کلیدواژه «پولارون»),تراکم را زیر ~۲.۵٪ نگه دارید (جلوگیری از Keyword Stuffing)
3543,polaron,https://qpedia.ir/polaron/,publish,C01,high,محتوا,محتوای بسیار نازک,بدنه,377 کلمه,گوگل محتوای «کامل و جامع» می‌خواهد؛ صفحه محتوای کافی ندارد
3543,polaron,https://qpedia.ir/polaron/,publish,C12,low,محتوا,بدون پوشش سوءبرداشت رایج,بدنه,,مطابق استاندارد Qpedia، سوءبرداشت‌های رایج اصلاح شود
3545,exciton,https://qpedia.ir/exciton/,publish,K06,med,کلیدواژه,تراکم کلیدواژه بیش از حد,بدنه,تراکم≈3.1٪ (11 تکرار کلیدواژه «اکسایتون»),تراکم را زیر ~۲.۵٪ نگه دارید (جلوگیری از Keyword Stuffing)
3545,exciton,https://qpedia.ir/exciton/,publish,C01,high,محتوا,محتوای بسیار نازک,بدنه,355 کلمه,گوگل محتوای «کامل و جامع» می‌خواهد؛ صفحه محتوای کافی ندارد
3545,exciton,https://qpedia.ir/exciton/,publish,C12,low,محتوا,بدون پوشش سوءبرداشت رایج,بدنه,,مطابق استاندارد Qpedia، سوءبرداشت‌های رایج اصلاح شود
3553,phonon,https://qpedia.ir/phonon/,publish,K06,med,کلیدواژه,تراکم کلیدواژه بیش از حد,بدنه,تراکم≈3.4٪ (12 تکرار کلیدواژه «فونون»),تراکم را زیر ~۲.۵٪ نگه دارید (جلوگیری از Keyword Stuffing)
3553,phonon,https://qpedia.ir/phonon/,publish,C01,high,محتوا,محتوای بسیار نازک,بدنه,351 کلمه,گوگل محتوای «کامل و جامع» می‌خواهد؛ صفحه محتوای کافی ندارد
3553,phonon,https://qpedia.ir/phonon/,publish,C12,low,محتوا,بدون پوشش سوءبرداشت رایج,بدنه,,مطابق استاندارد Qpedia، سوءبرداشت‌های رایج اصلاح شود
3307,nisq-era,https://qpedia.ir/nisq-era/,publish,K02,med,کلیدواژه,کلیدواژه کانونی در عنوان نیست,post_title,kw=«دوران NISQ محدودیت های رایانه»,کلیدواژه را به‌طور طبیعی در عنوان بیاورید
3307,nisq-era,https://qpedia.ir/nisq-era/,publish,K03,low,کلیدواژه,کلیدواژه کانونی در متای توضیح نیست,meta description,kw=«دوران NISQ محدودیت های رایانه»,کلیدواژه را در توضیح متا بگنجانید
3307,nisq-era,https://qpedia.ir/nisq-era/,publish,K04,med,کلیدواژه,کلیدواژه در پاراگراف آغازین نیست,پاراگراف آغازین,kw=«دوران NISQ محدودیت های رایانه»,در صد کلمهٔ نخست، موضوع (کلیدواژه) روشن شود
3307,nisq-era,https://qpedia.ir/nisq-era/,publish,X04,low,فنی,رمزِ شِمای Rank Math ثبت نشده,rank_math_schema_*,,قالب شِمای Article خودکار چاپ می‌کند ولی ثبت شمای Rank Math کامل‌تر است
3307,nisq-era,https://qpedia.ir/nisq-era/,publish,X05,med,فنی,صفحه یتیم (بدون لینک ورودی داخلی),گراف لینک داخلی,هیچ لینک ورودی از مقالات منتشرشدهٔ دیگر,از مقالات مرتبط به این صفحه لینک بدهید
3330,photon-counting,https://qpedia.ir/photon-counting/,publish,C01,high,محتوا,محتوای بسیار نازک,بدنه,370 کلمه,گوگل محتوای «کامل و جامع» می‌خواهد؛ صفحه محتوای کافی ندارد
3330,photon-counting,https://qpedia.ir/photon-counting/,publish,C12,low,محتوا,بدون پوشش سوءبرداشت رایج,بدنه,,مطابق استاندارد Qpedia، سوءبرداشت‌های رایج اصلاح شود
3470,quantum-control,https://qpedia.ir/quantum-control/,publish,C01,high,محتوا,محتوای بسیار نازک,بدنه,424 کلمه,گوگل محتوای «کامل و جامع» می‌خواهد؛ صفحه محتوای کافی ندارد
3470,quantum-control,https://qpedia.ir/quantum-control/,publish,C12,low,محتوا,بدون پوشش سوءبرداشت رایج,بدنه,,مطابق استاندارد Qpedia، سوءبرداشت‌های رایج اصلاح شود
3480,anyon,https://qpedia.ir/anyon/,publish,C01,high,محتوا,محتوای بسیار نازک,بدنه,369 کلمه,گوگل محتوای «کامل و جامع» می‌خواهد؛ صفحه محتوای کافی ندارد
3480,anyon,https://qpedia.ir/anyon/,publish,C12,low,محتوا,بدون پوشش سوءبرداشت رایج,بدنه,,مطابق استاندارد Qpedia، سوءبرداشت‌های رایج اصلاح شود
3517,quantum-voting,https://qpedia.ir/quantum-voting/,publish,C01,high,محتوا,محتوای بسیار نازک,بدنه,417 کلمه,گوگل محتوای «کامل و جامع» می‌خواهد؛ صفحه محتوای کافی ندارد
3517,quantum-voting,https://qpedia.ir/quantum-voting/,publish,C12,low,محتوا,بدون پوشش سوءبرداشت رایج,بدنه,,مطابق استاندارد Qpedia، سوءبرداشت‌های رایج اصلاح شود
3531,heavy-fermion,https://qpedia.ir/heavy-fermion/,publish,C01,high,محتوا,محتوای بسیار نازک,بدنه,386 کلمه,گوگل محتوای «کامل و جامع» می‌خواهد؛ صفحه محتوای کافی ندارد
3531,heavy-fermion,https://qpedia.ir/heavy-fermion/,publish,C12,low,محتوا,بدون پوشش سوءبرداشت رایج,بدنه,,مطابق استاندارد Qpedia، سوءبرداشت‌های رایج اصلاح شود
3405,homodyne-detection,https://qpedia.ir/homodyne-detection/,publish,C01,high,محتوا,محتوای بسیار نازک,بدنه,394 کلمه,گوگل محتوای «کامل و جامع» می‌خواهد؛ صفحه محتوای کافی ندارد
3405,homodyne-detection,https://qpedia.ir/homodyne-detection/,publish,C12,low,محتوا,بدون پوشش سوءبرداشت رایج,بدنه,,مطابق استاندارد Qpedia، سوءبرداشت‌های رایج اصلاح شود
3488,quantum-phase-transition,https://qpedia.ir/quantum-phase-transition/,publish,C01,high,محتوا,محتوای بسیار نازک,بدنه,369 کلمه,گوگل محتوای «کامل و جامع» می‌خواهد؛ صفحه محتوای کافی ندارد
3488,quantum-phase-transition,https://qpedia.ir/quantum-phase-transition/,publish,C12,low,محتوا,بدون پوشش سوءبرداشت رایج,بدنه,,مطابق استاندارد Qpedia، سوءبرداشت‌های رایج اصلاح شود
3495,rabi-oscillations,https://qpedia.ir/rabi-oscillations/,publish,C01,high,محتوا,محتوای بسیار نازک,بدنه,499 کلمه,گوگل محتوای «کامل و جامع» می‌خواهد؛ صفحه محتوای کافی ندارد
3495,rabi-oscillations,https://qpedia.ir/rabi-oscillations/,publish,C12,low,محتوا,بدون پوشش سوءبرداشت رایج,بدنه,,مطابق استاندارد Qpedia، سوءبرداشت‌های رایج اصلاح شود
3525,deutsch-jozsa-algorithm,https://qpedia.ir/deutsch-jozsa-algorithm/,publish,C01,high,محتوا,محتوای بسیار نازک,بدنه,401 کلمه,گوگل محتوای «کامل و جامع» می‌خواهد؛ صفحه محتوای کافی ندارد
3525,deutsch-jozsa-algorithm,https://qpedia.ir/deutsch-jozsa-algorithm/,publish,C12,low,محتوا,بدون پوشش سوءبرداشت رایج,بدنه,,مطابق استاندارد Qpedia، سوءبرداشت‌های رایج اصلاح شود
3346,cryogenic-electronics,https://qpedia.ir/cryogenic-electronics/,publish,C01,high,محتوا,محتوای بسیار نازک,بدنه,392 کلمه,گوگل محتوای «کامل و جامع» می‌خواهد؛ صفحه محتوای کافی ندارد
3346,cryogenic-electronics,https://qpedia.ir/cryogenic-electronics/,publish,C12,low,محتوا,بدون پوشش سوءبرداشت رایج,بدنه,,مطابق استاندارد Qpedia، سوءبرداشت‌های رایج اصلاح شود
3356,fermi-gas,https://qpedia.ir/fermi-gas/,publish,C01,high,محتوا,محتوای بسیار نازک,بدنه,383 کلمه,گوگل محتوای «کامل و جامع» می‌خواهد؛ صفحه محتوای کافی ندارد
3356,fermi-gas,https://qpedia.ir/fermi-gas/,publish,C12,low,محتوا,بدون پوشش سوءبرداشت رایج,بدنه,,مطابق استاندارد Qpedia، سوءبرداشت‌های رایج اصلاح شود
3401,four-wave-mixing,https://qpedia.ir/four-wave-mixing/,publish,C01,high,محتوا,محتوای بسیار نازک,بدنه,359 کلمه,گوگل محتوای «کامل و جامع» می‌خواهد؛ صفحه محتوای کافی ندارد
3401,four-wave-mixing,https://qpedia.ir/four-wave-mixing/,publish,C12,low,محتوا,بدون پوشش سوءبرداشت رایج,بدنه,,مطابق استاندارد Qpedia، سوءبرداشت‌های رایج اصلاح شود
3468,quantum-compiler,https://qpedia.ir/quantum-compiler/,publish,C01,high,محتوا,محتوای بسیار نازک,بدنه,408 کلمه,گوگل محتوای «کامل و جامع» می‌خواهد؛ صفحه محتوای کافی ندارد
3468,quantum-compiler,https://qpedia.ir/quantum-compiler/,publish,C12,low,محتوا,بدون پوشش سوءبرداشت رایج,بدنه,,مطابق استاندارد Qpedia، سوءبرداشت‌های رایج اصلاح شود
3472,topological-insulator,https://qpedia.ir/topological-insulator/,publish,C01,high,محتوا,محتوای بسیار نازک,بدنه,391 کلمه,گوگل محتوای «کامل و جامع» می‌خواهد؛ صفحه محتوای کافی ندارد
3472,topological-insulator,https://qpedia.ir/topological-insulator/,publish,C12,low,محتوا,بدون پوشش سوءبرداشت رایج,بدنه,,مطابق استاندارد Qpedia، سوءبرداشت‌های رایج اصلاح شود
3503,super-resolution-quantum,https://qpedia.ir/super-resolution-quantum/,publish,C01,high,محتوا,محتوای بسیار نازک,بدنه,408 کلمه,گوگل محتوای «کامل و جامع» می‌خواهد؛ صفحه محتوای کافی ندارد
3503,super-resolution-quantum,https://qpedia.ir/super-resolution-quantum/,publish,C12,low,محتوا,بدون پوشش سوءبرداشت رایج,بدنه,,مطابق استاندارد Qpedia، سوءبرداشت‌های رایج اصلاح شود
3507,device-independent-qkd,https://qpedia.ir/device-independent-qkd/,publish,C01,high,محتوا,محتوای بسیار نازک,بدنه,423 کلمه,گوگل محتوای «کامل و جامع» می‌خواهد؛ صفحه محتوای کافی ندارد
3507,device-independent-qkd,https://qpedia.ir/device-independent-qkd/,publish,C12,low,محتوا,بدون پوشش سوءبرداشت رایج,بدنه,,مطابق استاندارد Qpedia، سوءبرداشت‌های رایج اصلاح شود
3565,many-body-localization,https://qpedia.ir/many-body-localization/,publish,C01,high,محتوا,محتوای بسیار نازک,بدنه,388 کلمه,گوگل محتوای «کامل و جامع» می‌خواهد؛ صفحه محتوای کافی ندارد
3565,many-body-localization,https://qpedia.ir/many-body-localization/,publish,C12,low,محتوا,بدون پوشش سوءبرداشت رایج,بدنه,,مطابق استاندارد Qpedia، سوءبرداشت‌های رایج اصلاح شود
2520,harvest-now-decrypt-later,https://qpedia.ir/harvest-now-decrypt-later/,publish,C11,low,محتوا,بدون بخش جمع‌بندی,تیترها,,پایان‌بندی انسانی و روشن داشته باشید
2520,harvest-now-decrypt-later,https://qpedia.ir/harvest-now-decrypt-later/,publish,C12,low,محتوا,بدون پوشش سوءبرداشت رایج,بدنه,,مطابق استاندارد Qpedia، سوءبرداشت‌های رایج اصلاح شود
2520,harvest-now-decrypt-later,https://qpedia.ir/harvest-now-decrypt-later/,publish,X04,low,فنی,رمزِ شِمای Rank Math ثبت نشده,rank_math_schema_*,,قالب شِمای Article خودکار چاپ می‌کند ولی ثبت شمای Rank Math کامل‌تر است
286,what-is-quantum,https://qpedia.ir/what-is-quantum/,publish,C11,low,محتوا,بدون بخش جمع‌بندی,تیترها,,پایان‌بندی انسانی و روشن داشته باشید
286,what-is-quantum,https://qpedia.ir/what-is-quantum/,publish,C12,low,محتوا,بدون پوشش سوءبرداشت رایج,بدنه,,مطابق استاندارد Qpedia، سوءبرداشت‌های رایج اصلاح شود
286,what-is-quantum,https://qpedia.ir/what-is-quantum/,publish,I04,low,تصویر,ALT بیش‌ازحد بلند,تگ img #1,175 نویسه ALT,ALT را زیر ~۱۲۵ نویسه نگه دارید
286,what-is-quantum,https://qpedia.ir/what-is-quantum/,publish,X04,low,فنی,رمزِ شِمای Rank Math ثبت نشده,rank_math_schema_*,,قالب شِمای Article خودکار چاپ می‌کند ولی ثبت شمای Rank Math کامل‌تر است
3327,spontaneous-parametric-down-conversion,https://qpedia.ir/spontaneous-parametric-down-conversion/,publish,K03,low,کلیدواژه,کلیدواژه کانونی در متای توضیح نیست,meta description,kw=«تبدیل پارامتری خودبه‌خودی»,کلیدواژه را در توضیح متا بگنجانید
3327,spontaneous-parametric-down-conversion,https://qpedia.ir/spontaneous-parametric-down-conversion/,publish,C11,low,محتوا,بدون بخش جمع‌بندی,تیترها,,پایان‌بندی انسانی و روشن داشته باشید
3327,spontaneous-parametric-down-conversion,https://qpedia.ir/spontaneous-parametric-down-conversion/,publish,C12,low,محتوا,بدون پوشش سوءبرداشت رایج,بدنه,,مطابق استاندارد Qpedia، سوءبرداشت‌های رایج اصلاح شود
3321,quantum-lidar,https://qpedia.ir/quantum-lidar/,publish,C12,low,محتوا,بدون پوشش سوءبرداشت رایج,بدنه,,مطابق استاندارد Qpedia، سوءبرداشت‌های رایج اصلاح شود
3321,quantum-lidar,https://qpedia.ir/quantum-lidar/,publish,X05,med,فنی,صفحه یتیم (بدون لینک ورودی داخلی),گراف لینک داخلی,هیچ لینک ورودی از مقالات منتشرشدهٔ دیگر,از مقالات مرتبط به این صفحه لینک بدهید
3323,single-photon-source,https://qpedia.ir/single-photon-source/,publish,C11,low,محتوا,بدون بخش جمع‌بندی,تیترها,,پایان‌بندی انسانی و روشن داشته باشید
3325,entangled-photon-source,https://qpedia.ir/entangled-photon-source/,publish,C11,low,محتوا,بدون بخش جمع‌بندی,تیترها,,پایان‌بندی انسانی و روشن داشته باشید
